coluna,prefixo,tipo_semantico,bloco,descricao,2019,2020,2021,2022,2023,2024,2025_docente,2025,2025_matricula,2025_turma,n_arquivos,arquivo_ref,pct_preenchido_br_ref,pct_preenchido_rr_ref,n_distintos_rr_ref,exemplos_rr_ref
NU_ANO_CENSO,NU,número,identificação e chave,,1,1,1,1,1,1,1,1,1,1,10,2025_turma,100.0,100.0,1,2025 (908)
NO_REGIAO,NO,nome/texto,identificação e chave,,2,2,2,2,2,2,2,2,2,2,10,2025_turma,100.0,100.0,1,Norte (908)
CO_REGIAO,CO,código,identificação e chave,,3,3,3,3,3,3,3,3,3,3,10,2025_turma,100.0,100.0,1,1 (908)
NO_UF,NO,nome/texto,identificação e chave,,4,4,4,4,4,4,4,4,4,4,10,2025_turma,100.0,100.0,1,Roraima (908)
SG_UF,SG,sigla,identificação e chave,,5,5,5,5,5,5,5,5,5,5,10,2025_turma,100.0,100.0,1,RR (908)
CO_UF,CO,código,identificação e chave,,6,6,6,6,6,6,6,6,6,6,10,2025_turma,100.0,100.0,1,14 (908)
NO_MUNICIPIO,NO,nome/texto,identificação e chave,,7,7,7,7,7,7,7,7,7,7,10,2025_turma,100.0,100.0,15,Boa Vista (260); Uiramutã (119); Normandia (118); Pacaraima (62)
CO_MUNICIPIO,CO,código,identificação e chave,,8,8,8,8,8,8,8,8,8,8,10,2025_turma,100.0,100.0,15,1400100 (260); 1400704 (119); 1400407 (118); 1400456 (62)
NO_MESORREGIAO,NO,nome/texto,geografia (IBGE),,9,9,9,9,13,13,,,,,6,2024,100.0,100.0,2,Norte de Roraima (775); Sul de Roraima (183)
CO_MESORREGIAO,CO,código,geografia (IBGE),,10,10,10,10,14,14,,,,,6,2024,100.0,100.0,2,1 (775); 2 (183)
NO_MICRORREGIAO,NO,nome/texto,geografia (IBGE),,11,11,11,11,15,15,,,,,6,2024,100.0,100.0,4,Boa Vista (439); Nordeste de Roraima (336); Sudeste de Roraima (93); Caracaraí (90)
CO_MICRORREGIAO,CO,código,geografia (IBGE),,12,12,12,12,16,16,,,,,6,2024,100.0,100.0,4,1 (439); 2 (336); 4 (93); 3 (90)
CO_DISTRITO,CO,código,geografia (IBGE),,13,13,13,13,17,18,14,14,14,14,10,2025_turma,100.0,100.0,15,140010005 (260); 140070405 (119); 140040705 (118); 140045605 (62)
CO_ENTIDADE,CO,código,identificação e chave,,14,14,14,15,19,20,18,18,18,18,10,2025_turma,100.0,100.0,908,14000016 (1); 14000032 (1); 14000113 (1); 14000130 (1)
NO_ENTIDADE,NO,nome/texto,identificação e chave,,15,15,15,14,18,19,17,17,17,17,10,2025_turma,100.0,100.0,902,ESCOLA ESTADUAL FAGUNDES VARELA (2); ESCOLA MUNICIPAL CRIANCA FELIZ (2); ESCOLA MUNICIPAL NOVA CANAA (2); ESCOLA MUNICIPAL PEQUENO POLEGAR (2)
TP_DEPENDENCIA,TP,categórica codificada,dependência administrativa e vínculos,,16,16,16,16,20,21,20,20,20,20,10,2025_turma,100.0,100.0,4,3 (480); 2 (370); 4 (51); 1 (7)
TP_CATEGORIA_ESCOLA_PRIVADA,TP,categórica codificada,dependência administrativa e vínculos,,17,17,17,17,21,22,21,21,21,21,10,2025_turma,23.4,5.6,4,1 (46); 4 (3); 2 (1); 3 (1)
TP_LOCALIZACAO,TP,categórica codificada,localização e vínculo institucional,,18,18,18,18,22,23,22,22,22,22,10,2025_turma,100.0,100.0,2,2 (595); 1 (313)
TP_LOCALIZACAO_DIFERENCIADA,TP,categórica codificada,localização e vínculo institucional,,19,19,19,19,23,24,23,23,23,23,10,2025_turma,100.0,100.0,4,2 (436); 0 (417); 1 (48); 8 (7)
DS_ENDERECO,DS,texto livre,endereço e contato,,20,20,20,20,24,25,,,,,6,2024,100.0,100.0,803,AVENIDA NAZARE FILGUEIRAS (9); RUA S-28 (6); AVENIDA CONSOLACAO DE MATOS (5); RUA PALMAS (5)
NU_ENDERECO,NU,número,endereço e contato,,21,21,21,21,25,26,,,,,6,2024,80.6,47.1,217,S/N (116); SN (67); S/Nº (11); 2141 (7)
DS_COMPLEMENTO,DS,texto livre,endereço e contato,,22,22,22,22,26,27,,,,,6,2024,32.9,26.8,97,TI-RSS (33); TERRA IND YANOMAMI (31); ZONA RURAL (23); PREDIO (20)
NO_BAIRRO,NO,nome/texto,endereço e contato,,23,23,23,23,27,28,,,,,6,2024,86.7,47.6,133,CENTRO (72); ZONA RURAL (27); CIDADE SATELITE (16); COMUNIDADE INDIGENA (11)
CO_CEP,CO,código,endereço e contato,,24,24,24,24,28,29,,,,,6,2024,100.0,100.0,205,69355000 (124); 69358000 (117); 69345000 (62); 69343000 (56)
NU_DDD,NU,número,endereço e contato,,25,25,25,25,29,30,,,,,6,2024,85.1,82.2,1,95 (787)
NU_TELEFONE,NU,número,endereço e contato,,26,26,26,26,30,31,,,,,6,2024,79.9,73.9,598,35531270 (33); 36241468 (23); 32381459 (17); 984046038 (5)
TP_SITUACAO_FUNCIONAMENTO,TP,categórica codificada,situação de funcionamento,,27,27,27,27,31,32,,24,,,7,2025,100.0,100.0,2,1 (915); 2 (54)
CO_ORGAO_REGIONAL,CO,código,identificação e chave,,28,28,28,28,32,33,,25,,,7,2025,97.9,0.0,0,
DT_ANO_LETIVO_INICIO,DT,data,situação de funcionamento,,29,29,29,29,33,34,,26,,,7,2025,84.3,94.4,39,03FEB2025:00:00:00 (387); 10FEB2025:00:00:00 (138); 30JAN2025:00:00:00 (71); 20FEB2025:00:00:00 (70)
DT_ANO_LETIVO_TERMINO,DT,data,situação de funcionamento,,30,30,30,30,34,35,,27,,,7,2025,84.3,94.4,21,12DEC2025:00:00:00 (192); 17DEC2025:00:00:00 (159); 16DEC2025:00:00:00 (135); 19DEC2025:00:00:00 (117)
IN_VINCULO_SECRETARIA_EDUCACAO,IN,binária (0/1),localização e vínculo institucional,,31,31,31,31,35,36,,28,,,7,2025,64.5,89.2,1,1 (864)
IN_VINCULO_SEGURANCA_PUBLICA,IN,binária (0/1),localização e vínculo institucional,,32,32,32,32,36,37,,29,,,7,2025,64.5,89.2,1,0 (864)
IN_VINCULO_SECRETARIA_SAUDE,IN,binária (0/1),localização e vínculo institucional,,33,33,33,33,37,38,,30,,,7,2025,64.5,89.2,1,0 (864)
IN_VINCULO_OUTRO_ORGAO,IN,binária (0/1),localização e vínculo institucional,,34,34,34,34,38,39,,31,,,7,2025,64.5,89.2,1,0 (864)
IN_CONVENIADA_PP,IN,binária (0/1),dependência administrativa e vínculos,,35,35,35,37,,,,,,,4,2022,0.0,0.0,0,
TP_CONVENIO_PODER_PUBLICO,TP,categórica codificada,dependência administrativa e vínculos,,36,36,36,38,,,,,,,4,2022,0.0,0.0,0,
IN_MANT_ESCOLA_PRIVADA_EMP,IN,binária (0/1),dependência administrativa e vínculos,,37,37,37,48,59,60,,52,,,7,2025,19.8,5.3,2,1 (38); 0 (13)
IN_MANT_ESCOLA_PRIVADA_ONG,IN,binária (0/1),dependência administrativa e vínculos,,38,38,38,49,60,61,,53,,,7,2025,19.8,5.3,1,0 (51)
IN_MANT_ESCOLA_PRIVADA_OSCIP,IN,binária (0/1),dependência administrativa e vínculos,,39,39,39,50,61,62,,54,,,7,2025,19.8,5.3,1,0 (51)
IN_MANT_ESCOLA_PRIV_ONG_OSCIP,IN,binária (0/1),dependência administrativa e vínculos,,40,40,40,51,62,63,,55,,,7,2025,19.8,5.3,1,0 (51)
IN_MANT_ESCOLA_PRIVADA_SIND,IN,binária (0/1),dependência administrativa e vínculos,,41,41,41,52,63,64,,56,,,7,2025,19.8,5.3,2,0 (50); 1 (1)
IN_MANT_ESCOLA_PRIVADA_SIST_S,IN,binária (0/1),dependência administrativa e vínculos,,42,42,42,53,64,65,,57,,,7,2025,19.8,5.3,2,0 (41); 1 (10)
IN_MANT_ESCOLA_PRIVADA_S_FINS,IN,binária (0/1),dependência administrativa e vínculos,,43,43,43,54,65,66,,58,,,7,2025,19.8,5.3,2,0 (42); 1 (9)
NU_CNPJ_ESCOLA_PRIVADA,NU,número,dependência administrativa e vínculos,,44,44,44,55,66,67,,59,,,7,2025,19.8,5.3,51,03153024000179 (1); 03485283000288 (1); 03488834000267 (1); 03488834000348 (1)
NU_CNPJ_MANTENEDORA,NU,número,dependência administrativa e vínculos,,45,45,45,56,67,68,,60,,,7,2025,19.8,5.3,48,03488834000186 (4); 03153024000179 (1); 03485283000105 (1); 03576849000104 (1)
TP_REGULAMENTACAO,TP,categórica codificada,dependência administrativa e vínculos,,46,46,46,57,68,69,,61,,,7,2025,84.3,94.4,3,1 (756); 2 (139); 0 (20)
TP_RESPONSAVEL_REGULAMENTACAO,TP,categórica codificada,dependência administrativa e vínculos,,47,47,47,58,69,70,,62,,,7,2025,82.5,92.4,5,3 (459); 2 (411); 4 (17); 6 (6)
CO_ESCOLA_SEDE_VINCULADA,CO,código,dependência administrativa e vínculos,,48,48,48,59,70,71,,63,,,7,2025,1.7,0.0,0,
CO_IES_OFERTANTE,CO,código,dependência administrativa e vínculos,,49,49,49,60,71,72,,64,,,7,2025,0.2,0.6,3,3184 (4); 5520 (1); 789 (1)
IN_LOCAL_FUNC_PREDIO_ESCOLAR,IN,binária (0/1),local de funcionamento,,50,50,50,61,72,73,,65,,,7,2025,84.3,94.4,2,1 (724); 0 (191)
TP_OCUPACAO_PREDIO_ESCOLAR,TP,categórica codificada,local de funcionamento,,51,51,51,62,73,74,,66,,,7,2025,82.9,74.7,3,1 (643); 3 (59); 2 (22)
IN_LOCAL_FUNC_SALAS_EMPRESA,IN,binária (0/1),local de funcionamento,,52,52,52,63,,,,,,,4,2022,0.0,0.0,0,
IN_LOCAL_FUNC_SOCIOEDUCATIVO,IN,binária (0/1),local de funcionamento,,53,53,53,64,74,75,,67,,,7,2025,84.3,94.4,2,0 (914); 1 (1)
IN_LOCAL_FUNC_UNID_PRISIONAL,IN,binária (0/1),local de funcionamento,,54,54,54,65,75,76,,68,,,7,2025,84.3,94.4,2,0 (913); 1 (2)
IN_LOCAL_FUNC_PRISIONAL_SOCIO,IN,binária (0/1),local de funcionamento,,55,55,55,66,76,77,,69,,,7,2025,84.3,94.4,2,0 (912); 1 (3)
IN_LOCAL_FUNC_TEMPLO_IGREJA,IN,binária (0/1),local de funcionamento,,56,56,56,67,,,,,,,4,2022,0.0,0.0,0,
IN_LOCAL_FUNC_CASA_PROFESSOR,IN,binária (0/1),local de funcionamento,,57,57,57,68,,,,,,,4,2022,0.0,0.0,0,
IN_LOCAL_FUNC_GALPAO,IN,binária (0/1),local de funcionamento,,58,58,58,69,77,78,,70,,,7,2025,84.3,94.4,2,0 (677); 1 (238)
TP_OCUPACAO_GALPAO,TP,categórica codificada,local de funcionamento,,59,59,59,70,78,79,,71,,,7,2025,1.0,24.6,4,9 (174); 1 (55); 3 (8); 2 (1)
IN_LOCAL_FUNC_SALAS_OUTRA_ESC,IN,binária (0/1),local de funcionamento,,60,60,60,71,79,80,,72,,,7,2025,84.3,94.4,2,0 (886); 1 (29)
IN_LOCAL_FUNC_OUTROS,IN,binária (0/1),local de funcionamento,,61,61,61,72,80,81,,73,,,7,2025,84.3,94.4,2,0 (837); 1 (78)
IN_PREDIO_COMPARTILHADO,IN,binária (0/1),local de funcionamento,,62,62,62,73,81,82,,74,,,7,2025,84.3,94.4,2,0 (876); 1 (39)
IN_AGUA_FILTRADA,IN,binária (0/1),"infraestrutura básica (água, energia, esgoto, lixo)",,63,63,63,74,,,,,,,4,2022,0.0,0.0,0,
IN_AGUA_POTAVEL,IN,binária (0/1),"infraestrutura básica (água, energia, esgoto, lixo)",,64,64,64,75,82,83,,75,,,7,2025,84.3,94.4,2,1 (745); 0 (170)
IN_AGUA_REDE_PUBLICA,IN,binária (0/1),"infraestrutura básica (água, energia, esgoto, lixo)",,65,65,65,76,83,84,,76,,,7,2025,84.3,94.4,2,0 (501); 1 (414)
IN_AGUA_POCO_ARTESIANO,IN,binária (0/1),"infraestrutura básica (água, energia, esgoto, lixo)",,66,66,66,77,84,85,,77,,,7,2025,84.3,94.4,2,0 (508); 1 (407)
IN_AGUA_CACIMBA,IN,binária (0/1),"infraestrutura básica (água, energia, esgoto, lixo)",,67,67,67,78,85,86,,78,,,7,2025,84.3,94.4,2,0 (854); 1 (61)
IN_AGUA_FONTE_RIO,IN,binária (0/1),"infraestrutura básica (água, energia, esgoto, lixo)",,68,68,68,79,86,87,,79,,,7,2025,84.3,94.4,2,0 (734); 1 (181)
IN_AGUA_INEXISTENTE,IN,binária (0/1),"infraestrutura básica (água, energia, esgoto, lixo)",,69,69,69,80,87,88,,80,,,7,2025,84.3,94.4,2,0 (904); 1 (11)
IN_ENERGIA_REDE_PUBLICA,IN,binária (0/1),"infraestrutura básica (água, energia, esgoto, lixo)",,70,70,70,81,88,90,,82,,,7,2025,84.3,94.4,2,1 (731); 0 (184)
IN_ENERGIA_GERADOR,IN,binária (0/1),"infraestrutura básica (água, energia, esgoto, lixo)",,71,71,71,82,,,,,,,4,2022,0.0,0.0,0,
IN_ENERGIA_GERADOR_FOSSIL,IN,binária (0/1),"infraestrutura básica (água, energia, esgoto, lixo)",,72,72,72,83,89,91,,83,,,7,2025,84.3,94.4,2,0 (879); 1 (36)
IN_ENERGIA_OUTROS,IN,binária (0/1),"infraestrutura básica (água, energia, esgoto, lixo)",,73,73,73,84,,,,,,,4,2022,0.0,0.0,0,
IN_ENERGIA_RENOVAVEL,IN,binária (0/1),"infraestrutura básica (água, energia, esgoto, lixo)",,74,74,74,85,90,92,,84,,,7,2025,84.3,94.4,2,0 (891); 1 (24)
IN_ENERGIA_INEXISTENTE,IN,binária (0/1),"infraestrutura básica (água, energia, esgoto, lixo)",,75,75,75,86,91,93,,85,,,7,2025,84.3,94.4,2,0 (777); 1 (138)
IN_ESGOTO_REDE_PUBLICA,IN,binária (0/1),"infraestrutura básica (água, energia, esgoto, lixo)",,76,76,76,87,92,94,,86,,,7,2025,84.3,94.4,2,0 (717); 1 (198)
IN_ESGOTO_FOSSA_SEPTICA,IN,binária (0/1),"infraestrutura básica (água, energia, esgoto, lixo)",,77,77,77,88,93,95,,87,,,7,2025,84.3,94.4,2,0 (549); 1 (366)
IN_ESGOTO_FOSSA_COMUM,IN,binária (0/1),"infraestrutura básica (água, energia, esgoto, lixo)",,78,78,78,89,94,96,,88,,,7,2025,84.3,94.4,2,0 (719); 1 (196)
IN_ESGOTO_FOSSA,IN,binária (0/1),"infraestrutura básica (água, energia, esgoto, lixo)",,79,79,79,90,95,97,,89,,,7,2025,84.3,94.4,2,1 (562); 0 (353)
IN_ESGOTO_INEXISTENTE,IN,binária (0/1),"infraestrutura básica (água, energia, esgoto, lixo)",,80,80,80,91,96,98,,90,,,7,2025,84.3,94.4,2,0 (732); 1 (183)
IN_LIXO_SERVICO_COLETA,IN,binária (0/1),"infraestrutura básica (água, energia, esgoto, lixo)",,81,81,81,92,97,99,,91,,,7,2025,84.3,94.4,2,0 (506); 1 (409)
IN_LIXO_QUEIMA,IN,binária (0/1),"infraestrutura básica (água, energia, esgoto, lixo)",,82,82,82,93,98,100,,92,,,7,2025,84.3,94.4,2,1 (506); 0 (409)
IN_LIXO_ENTERRA,IN,binária (0/1),"infraestrutura básica (água, energia, esgoto, lixo)",,83,83,83,94,99,101,,93,,,7,2025,84.3,94.4,2,0 (840); 1 (75)
IN_LIXO_DESTINO_FINAL_PUBLICO,IN,binária (0/1),"infraestrutura básica (água, energia, esgoto, lixo)",,84,84,84,95,100,102,,94,,,7,2025,84.3,94.4,2,0 (909); 1 (6)
IN_LIXO_DESCARTA_OUTRA_AREA,IN,binária (0/1),"infraestrutura básica (água, energia, esgoto, lixo)",,85,85,85,96,101,103,,95,,,7,2025,84.3,94.4,2,0 (843); 1 (72)
IN_LIXO_JOGA_OUTRA_AREA,IN,binária (0/1),"infraestrutura básica (água, energia, esgoto, lixo)",,86,86,86,97,,,,,,,4,2022,0.0,0.0,0,
IN_LIXO_OUTROS,IN,binária (0/1),"infraestrutura básica (água, energia, esgoto, lixo)",,87,87,87,98,,,,,,,4,2022,0.0,0.0,0,
IN_LIXO_RECICLA,IN,binária (0/1),"infraestrutura básica (água, energia, esgoto, lixo)",,88,88,88,99,,,,,,,4,2022,0.0,0.0,0,
IN_TRATAMENTO_LIXO_SEPARACAO,IN,binária (0/1),"infraestrutura básica (água, energia, esgoto, lixo)",,89,89,89,100,102,104,,96,,,7,2025,84.3,94.4,2,0 (727); 1 (188)
IN_TRATAMENTO_LIXO_REUTILIZA,IN,binária (0/1),"infraestrutura básica (água, energia, esgoto, lixo)",,90,90,90,101,103,105,,97,,,7,2025,84.3,94.4,2,0 (899); 1 (16)
IN_TRATAMENTO_LIXO_RECICLAGEM,IN,binária (0/1),"infraestrutura básica (água, energia, esgoto, lixo)",,91,91,91,102,104,106,,98,,,7,2025,84.3,94.4,2,0 (869); 1 (46)
IN_TRATAMENTO_LIXO_INEXISTENTE,IN,binária (0/1),"infraestrutura básica (água, energia, esgoto, lixo)",,92,92,92,103,105,107,,99,,,7,2025,84.3,94.4,2,1 (704); 0 (211)
IN_ALMOXARIFADO,IN,binária (0/1),dependências físicas,,93,93,93,104,106,108,,100,,,7,2025,84.3,94.4,2,0 (730); 1 (185)
IN_AREA_VERDE,IN,binária (0/1),dependências físicas,,94,94,94,105,107,109,,101,,,7,2025,84.3,94.4,2,0 (644); 1 (271)
IN_AUDITORIO,IN,binária (0/1),dependências físicas,,95,95,95,106,108,111,,103,,,7,2025,84.3,94.4,2,0 (871); 1 (44)
IN_BANHEIRO_FORA_PREDIO,IN,binária (0/1),dependências físicas,,96,96,96,107,,,,,,,4,2022,0.0,0.0,0,
IN_BANHEIRO_DENTRO_PREDIO,IN,binária (0/1),dependências físicas,,97,97,97,108,,,,,,,4,2022,0.0,0.0,0,
IN_BANHEIRO,IN,binária (0/1),dependências físicas,,98,98,98,109,109,112,,104,,,7,2025,84.3,94.4,2,1 (699); 0 (216)
IN_BANHEIRO_EI,IN,binária (0/1),dependências físicas,,99,99,99,110,110,113,,105,,,7,2025,84.3,94.4,2,0 (677); 1 (238)
IN_BANHEIRO_PNE,IN,binária (0/1),dependências físicas,,100,100,100,111,111,114,,106,,,7,2025,84.3,94.4,2,0 (599); 1 (316)
IN_BANHEIRO_FUNCIONARIOS,IN,binária (0/1),dependências físicas,,101,101,101,112,112,115,,107,,,7,2025,84.3,94.4,2,0 (547); 1 (368)
IN_BANHEIRO_CHUVEIRO,IN,binária (0/1),dependências físicas,,102,102,102,113,113,116,,108,,,7,2025,84.3,94.4,2,0 (550); 1 (365)
IN_BERCARIO,IN,binária (0/1),dependências físicas,,103,103,103,114,,,,,,,4,2022,0.0,0.0,0,
IN_BIBLIOTECA,IN,binária (0/1),dependências físicas,,104,104,104,115,114,117,,109,,,7,2025,84.3,94.4,2,0 (720); 1 (195)
IN_BIBLIOTECA_SALA_LEITURA,IN,binária (0/1),dependências físicas,,105,105,105,116,115,118,,110,,,7,2025,84.3,94.4,2,0 (663); 1 (252)
IN_COZINHA,IN,binária (0/1),dependências físicas,,106,106,106,117,116,119,,111,,,7,2025,84.3,94.4,2,1 (719); 0 (196)
IN_DESPENSA,IN,binária (0/1),dependências físicas,,107,107,107,118,117,120,,112,,,7,2025,84.3,94.4,2,1 (483); 0 (432)
IN_DORMITORIO_ALUNO,IN,binária (0/1),dependências físicas,,108,108,108,119,118,121,,113,,,7,2025,84.3,94.4,2,0 (880); 1 (35)
IN_DORMITORIO_PROFESSOR,IN,binária (0/1),dependências físicas,,109,109,109,120,119,122,,114,,,7,2025,84.3,94.4,2,0 (912); 1 (3)
IN_LABORATORIO_CIENCIAS,IN,binária (0/1),dependências físicas,,110,110,110,121,120,123,,115,,,7,2025,84.3,94.4,2,0 (829); 1 (86)
IN_LABORATORIO_INFORMATICA,IN,binária (0/1),dependências físicas,,111,111,111,122,121,124,,116,,,7,2025,84.3,94.4,2,0 (809); 1 (106)
IN_PATIO_COBERTO,IN,binária (0/1),dependências físicas,,112,112,112,124,123,126,,118,,,7,2025,84.3,94.4,2,0 (526); 1 (389)
IN_PATIO_DESCOBERTO,IN,binária (0/1),dependências físicas,,113,113,113,125,124,127,,119,,,7,2025,84.3,94.4,2,0 (767); 1 (148)
IN_PARQUE_INFANTIL,IN,binária (0/1),dependências físicas,,114,114,114,126,125,128,,120,,,7,2025,84.3,94.4,2,0 (754); 1 (161)
IN_PISCINA,IN,binária (0/1),dependências físicas,,115,115,115,127,126,129,,121,,,7,2025,84.3,94.4,2,0 (905); 1 (10)
IN_QUADRA_ESPORTES,IN,binária (0/1),dependências físicas,,116,116,116,128,127,130,,122,,,7,2025,84.3,94.4,2,0 (696); 1 (219)
IN_QUADRA_ESPORTES_COBERTA,IN,binária (0/1),dependências físicas,,117,117,117,129,128,131,,123,,,7,2025,84.3,94.4,2,0 (711); 1 (204)
IN_QUADRA_ESPORTES_DESCOBERTA,IN,binária (0/1),dependências físicas,,118,118,118,130,129,132,,124,,,7,2025,84.3,94.4,2,0 (884); 1 (31)
IN_REFEITORIO,IN,binária (0/1),dependências físicas,,119,119,119,131,130,133,,125,,,7,2025,84.3,94.4,2,0 (562); 1 (353)
IN_SALA_ATELIE_ARTES,IN,binária (0/1),dependências físicas,,120,120,120,132,131,134,,126,,,7,2025,84.3,94.4,2,0 (901); 1 (14)
IN_SALA_MUSICA_CORAL,IN,binária (0/1),dependências físicas,,121,121,121,133,132,135,,127,,,7,2025,84.3,94.4,2,0 (899); 1 (16)
IN_SALA_ESTUDIO_DANCA,IN,binária (0/1),dependências físicas,,122,122,122,134,133,136,,128,,,7,2025,84.3,94.4,2,0 (908); 1 (7)
IN_SALA_MULTIUSO,IN,binária (0/1),dependências físicas,,123,123,123,135,134,137,,129,,,7,2025,84.3,94.4,2,0 (886); 1 (29)
IN_SALA_DIRETORIA,IN,binária (0/1),dependências físicas,,124,124,124,137,137,140,,132,,,7,2025,84.3,94.4,2,1 (474); 0 (441)
IN_SALA_LEITURA,IN,binária (0/1),dependências físicas,,125,125,125,138,138,141,,133,,,7,2025,84.3,94.4,2,0 (745); 1 (170)
IN_SALA_PROFESSOR,IN,binária (0/1),dependências físicas,,126,126,126,139,139,142,,134,,,7,2025,84.3,94.4,2,0 (539); 1 (376)
IN_SALA_REPOUSO_ALUNO,IN,binária (0/1),dependências físicas,,127,127,127,140,140,143,,135,,,7,2025,84.3,94.4,2,0 (896); 1 (19)
IN_SECRETARIA,IN,binária (0/1),dependências físicas,,128,128,128,141,141,144,,136,,,7,2025,84.3,94.4,2,1 (557); 0 (358)
IN_SALA_ATENDIMENTO_ESPECIAL,IN,binária (0/1),dependências físicas,,129,129,129,142,142,145,,137,,,7,2025,84.3,94.4,2,0 (684); 1 (231)
IN_TERREIRAO,IN,binária (0/1),dependências físicas,,130,130,130,143,143,146,,138,,,7,2025,84.3,94.4,2,0 (520); 1 (395)
IN_VIVEIRO,IN,binária (0/1),dependências físicas,,131,131,131,144,144,147,,139,,,7,2025,84.3,94.4,2,0 (910); 1 (5)
IN_DEPENDENCIAS_PNE,IN,binária (0/1),acessibilidade,,132,132,132,145,,,,,,,4,2022,0.0,0.0,0,
IN_LAVANDERIA,IN,binária (0/1),dependências físicas,,133,133,133,146,,,,,,,4,2022,0.0,0.0,0,
IN_DEPENDENCIAS_OUTRAS,IN,binária (0/1),dependências físicas,,134,134,134,147,145,148,,140,,,7,2025,84.3,94.4,2,0 (823); 1 (92)
IN_ACESSIBILIDADE_CORRIMAO,IN,binária (0/1),acessibilidade,,135,135,135,148,146,149,,141,,,7,2025,84.3,94.4,2,0 (842); 1 (73)
IN_ACESSIBILIDADE_ELEVADOR,IN,binária (0/1),acessibilidade,,136,136,136,149,147,150,,142,,,7,2025,84.3,94.4,2,0 (902); 1 (13)
IN_ACESSIBILIDADE_PISOS_TATEIS,IN,binária (0/1),acessibilidade,,137,137,137,150,148,151,,143,,,7,2025,84.3,94.4,2,0 (798); 1 (117)
IN_ACESSIBILIDADE_VAO_LIVRE,IN,binária (0/1),acessibilidade,,138,138,138,151,149,152,,144,,,7,2025,84.3,94.4,2,0 (692); 1 (223)
IN_ACESSIBILIDADE_RAMPAS,IN,binária (0/1),acessibilidade,,139,139,139,152,150,153,,145,,,7,2025,84.3,94.4,2,0 (483); 1 (432)
IN_ACESSIBILIDADE_SINAL_SONORO,IN,binária (0/1),acessibilidade,,140,140,140,153,151,154,,146,,,7,2025,84.3,94.4,2,0 (894); 1 (21)
IN_ACESSIBILIDADE_SINAL_TATIL,IN,binária (0/1),acessibilidade,,141,141,141,154,152,155,,147,,,7,2025,84.3,94.4,2,0 (872); 1 (43)
IN_ACESSIBILIDADE_SINAL_VISUAL,IN,binária (0/1),acessibilidade,,142,142,142,155,153,156,,148,,,7,2025,84.3,94.4,2,0 (848); 1 (67)
IN_ACESSIBILIDADE_INEXISTENTE,IN,binária (0/1),acessibilidade,,143,143,143,156,154,157,,149,,,7,2025,84.3,94.4,2,0 (492); 1 (423)
QT_SALAS_EXISTENTES,QT,contagem,dependências físicas,,144,144,144,157,,,,,,,4,2022,0.0,0.0,0,
QT_SALAS_UTILIZADAS_DENTRO,QT,contagem,dependências físicas,,145,145,145,158,155,159,,151,,,7,2025,84.3,94.4,38,0 (191); 1 (119); 2 (109); 4 (84)
QT_SALAS_UTILIZADAS_FORA,QT,contagem,dependências físicas,,146,146,146,159,156,160,,152,,,7,2025,84.3,94.4,15,0 (599); 1 (156); 2 (48); 4 (30)
QT_SALAS_UTILIZADAS,QT,contagem,dependências físicas,,147,147,147,160,157,161,,153,,,7,2025,84.3,94.4,39,1 (211); 2 (113); 4 (95); 5 (61)
QT_SALAS_UTILIZA_CLIMATIZADAS,QT,contagem,dependências físicas,,148,148,148,161,158,162,,154,,,7,2025,84.3,94.4,38,0 (413); 1 (57); 4 (48); 2 (42)
QT_SALAS_UTILIZADAS_ACESSIVEIS,QT,contagem,dependências físicas,,149,149,149,162,159,163,,155,,,7,2025,84.3,94.4,33,0 (739); 1 (25); 10 (14); 12 (13)
IN_EQUIP_PARABOLICA,IN,binária (0/1),equipamentos e tecnologia,,150,150,150,163,160,164,,157,,,7,2025,84.3,94.4,2,0 (910); 1 (5)
IN_COMPUTADOR,IN,binária (0/1),equipamentos e tecnologia,,151,151,151,164,161,165,,158,,,7,2025,84.3,94.4,2,1 (499); 0 (416)
IN_EQUIP_COPIADORA,IN,binária (0/1),equipamentos e tecnologia,,152,152,152,165,162,166,,159,,,7,2025,84.3,94.4,2,0 (729); 1 (186)
IN_EQUIP_IMPRESSORA,IN,binária (0/1),equipamentos e tecnologia,,153,153,153,166,163,167,,160,,,7,2025,84.3,94.4,2,0 (533); 1 (382)
IN_EQUIP_IMPRESSORA_MULT,IN,binária (0/1),equipamentos e tecnologia,,154,154,154,167,164,168,,161,,,7,2025,84.3,94.4,2,1 (498); 0 (417)
IN_EQUIP_SCANNER,IN,binária (0/1),equipamentos e tecnologia,,155,155,155,168,165,169,,162,,,7,2025,84.3,94.4,2,0 (748); 1 (167)
IN_EQUIP_NENHUM,IN,binária (0/1),equipamentos e tecnologia,,156,156,156,169,166,170,,163,,,7,2025,84.3,94.4,2,0 (641); 1 (274)
IN_EQUIP_DVD,IN,binária (0/1),equipamentos e tecnologia,,157,157,157,170,167,171,,164,,,7,2025,84.3,94.4,2,0 (760); 1 (155)
QT_EQUIP_DVD,QT,contagem,equipamentos e tecnologia,,158,158,158,171,168,172,,165,,,7,2025,84.3,94.4,7,0 (760); 1 (99); 2 (34); 3 (11)
IN_EQUIP_SOM,IN,binária (0/1),equipamentos e tecnologia,,159,159,159,172,169,173,,166,,,7,2025,84.3,94.4,2,0 (613); 1 (302)
QT_EQUIP_SOM,QT,contagem,equipamentos e tecnologia,,160,160,160,173,170,174,,167,,,7,2025,84.3,94.4,12,0 (613); 1 (194); 2 (66); 4 (14)
IN_EQUIP_TV,IN,binária (0/1),equipamentos e tecnologia,,161,161,161,174,171,175,,168,,,7,2025,84.3,94.4,2,0 (459); 1 (456)
QT_EQUIP_TV,QT,contagem,equipamentos e tecnologia,,162,162,162,175,172,176,,169,,,7,2025,84.3,94.4,20,0 (459); 1 (241); 2 (77); 3 (39)
IN_EQUIP_LOUSA_DIGITAL,IN,binária (0/1),equipamentos e tecnologia,,163,163,163,176,173,177,,170,,,7,2025,84.3,94.4,2,0 (816); 1 (99)
QT_EQUIP_LOUSA_DIGITAL,QT,contagem,equipamentos e tecnologia,,164,164,164,177,174,178,,171,,,7,2025,84.3,94.4,11,0 (816); 1 (57); 2 (14); 3 (11)
IN_EQUIP_MULTIMIDIA,IN,binária (0/1),equipamentos e tecnologia,,165,165,165,178,175,179,,172,,,7,2025,84.3,94.4,2,0 (518); 1 (397)
QT_EQUIP_MULTIMIDIA,QT,contagem,equipamentos e tecnologia,,166,166,166,179,176,180,,173,,,7,2025,84.3,94.4,17,0 (518); 1 (266); 2 (73); 3 (25)
IN_EQUIP_VIDEOCASSETE,IN,binária (0/1),equipamentos e tecnologia,,167,167,167,180,,,,,,,4,2022,0.0,0.0,0,
IN_EQUIP_RETROPROJETOR,IN,binária (0/1),equipamentos e tecnologia,,168,168,168,181,,,,,,,4,2022,0.0,0.0,0,
IN_EQUIP_FAX,IN,binária (0/1),equipamentos e tecnologia,,169,169,169,182,,,,,,,4,2022,0.0,0.0,0,
IN_EQUIP_FOTO,IN,binária (0/1),equipamentos e tecnologia,,170,170,170,183,,,,,,,4,2022,0.0,0.0,0,
QT_EQUIP_VIDEOCASSETE,QT,contagem,equipamentos e tecnologia,,171,171,171,184,,,,,,,4,2022,0.0,0.0,0,
QT_EQUIP_PARABOLICA,QT,contagem,equipamentos e tecnologia,,172,172,172,185,,,,,,,4,2022,0.0,0.0,0,
QT_EQUIP_COPIADORA,QT,contagem,equipamentos e tecnologia,,173,173,173,186,,,,,,,4,2022,0.0,0.0,0,
QT_EQUIP_RETROPROJETOR,QT,contagem,equipamentos e tecnologia,,174,174,174,187,,,,,,,4,2022,0.0,0.0,0,
QT_EQUIP_IMPRESSORA,QT,contagem,equipamentos e tecnologia,,175,175,175,188,,,,,,,4,2022,0.0,0.0,0,
QT_EQUIP_IMPRESSORA_MULT,QT,contagem,equipamentos e tecnologia,,176,176,176,189,,,,,,,4,2022,0.0,0.0,0,
QT_EQUIP_FAX,QT,contagem,equipamentos e tecnologia,,177,177,177,190,,,,,,,4,2022,0.0,0.0,0,
QT_EQUIP_FOTO,QT,contagem,equipamentos e tecnologia,,178,178,178,191,,,,,,,4,2022,0.0,0.0,0,
QT_COMP_ALUNO,QT,contagem,equipamentos e tecnologia,,179,179,179,192,,,,,,,4,2022,0.0,0.0,0,
IN_DESKTOP_ALUNO,IN,binária (0/1),equipamentos e tecnologia,,180,180,180,193,177,181,,174,,,7,2025,84.3,94.4,2,0 (734); 1 (181)
QT_DESKTOP_ALUNO,QT,contagem,equipamentos e tecnologia,,181,181,181,194,178,182,,175,,,7,2025,84.3,94.4,36,0 (734); 1 (60); 2 (24); 10 (14)
IN_COMP_PORTATIL_ALUNO,IN,binária (0/1),equipamentos e tecnologia,,182,182,182,195,179,183,,176,,,7,2025,84.3,94.4,2,0 (722); 1 (193)
QT_COMP_PORTATIL_ALUNO,QT,contagem,equipamentos e tecnologia,,183,183,183,196,180,184,,177,,,7,2025,84.3,94.4,35,0 (722); 1 (77); 2 (34); 25 (10)
IN_TABLET_ALUNO,IN,binária (0/1),equipamentos e tecnologia,,184,184,184,197,181,185,,178,,,7,2025,84.3,94.4,2,0 (644); 1 (271)
QT_TABLET_ALUNO,QT,contagem,equipamentos e tecnologia,,185,185,185,198,182,186,,179,,,7,2025,84.3,94.4,66,0 (644); 1 (27); 30 (18); 20 (13)
QT_COMPUTADOR,QT,contagem,equipamentos e tecnologia,,186,186,186,199,,,,,,,4,2022,0.0,0.0,0,
QT_COMP_ADMINISTRATIVO,QT,contagem,equipamentos e tecnologia,,187,187,187,200,,,,,,,4,2022,0.0,0.0,0,
IN_INTERNET,IN,binária (0/1),equipamentos e tecnologia,,188,188,188,201,183,187,,180,,,7,2025,84.3,94.4,2,1 (626); 0 (289)
IN_INTERNET_ALUNOS,IN,binária (0/1),equipamentos e tecnologia,,189,189,189,202,184,188,,181,,,7,2025,84.3,94.4,2,0 (624); 1 (291)
IN_INTERNET_ADMINISTRATIVO,IN,binária (0/1),equipamentos e tecnologia,,190,190,190,203,185,189,,182,,,7,2025,84.3,94.4,2,1 (615); 0 (300)
IN_INTERNET_APRENDIZAGEM,IN,binária (0/1),equipamentos e tecnologia,,191,191,191,204,186,190,,183,,,7,2025,84.3,94.4,2,0 (495); 1 (420)
IN_INTERNET_COMUNIDADE,IN,binária (0/1),equipamentos e tecnologia,,192,192,192,205,187,191,,184,,,7,2025,84.3,94.4,2,0 (748); 1 (167)
IN_ACESSO_INTERNET_COMPUTADOR,IN,binária (0/1),equipamentos e tecnologia,,193,193,193,206,188,192,,185,,,7,2025,84.3,94.4,3,0 (730); 1 (179); 9 (6)
IN_ACES_INTERNET_DISP_PESSOAIS,IN,binária (0/1),equipamentos e tecnologia,,194,194,194,207,189,193,,186,,,7,2025,84.3,94.4,3,0 (732); 1 (177); 9 (6)
TP_REDE_LOCAL,TP,categórica codificada,equipamentos e tecnologia,,195,195,195,208,190,194,,187,,,7,2025,84.3,94.4,5,9 (309); 2 (218); 3 (187); 0 (118)
IN_BANDA_LARGA,IN,binária (0/1),equipamentos e tecnologia,,196,196,196,209,191,195,,188,,,7,2025,79.7,64.6,2,1 (464); 0 (162)
QT_FUNCIONARIOS,QT,contagem,profissionais não docentes,,197,197,197,210,,,,,,,4,2022,0.0,0.0,0,
IN_PROF_ADMINISTRATIVOS,IN,binária (0/1),profissionais não docentes,,198,198,198,211,192,196,,,,,6,2024,84.0,95.1,2,0 (518); 1 (393)
QT_PROF_ADMINISTRATIVOS,QT,contagem,profissionais não docentes,,199,199,199,212,193,197,,189,,,7,2025,84.3,94.4,17,0 (509); 1 (176); 2 (100); 3 (42)
IN_PROF_SERVICOS_GERAIS,IN,binária (0/1),profissionais não docentes,,200,200,200,213,194,198,,,,,6,2024,84.0,95.1,2,1 (643); 0 (268)
QT_PROF_SERVICOS_GERAIS,QT,contagem,profissionais não docentes,,201,201,201,214,195,199,,190,,,7,2025,84.3,94.4,28,0 (220); 1 (155); 2 (122); 3 (75)
IN_PROF_BIBLIOTECARIO,IN,binária (0/1),profissionais não docentes,,202,202,202,215,196,200,,,,,6,2024,84.0,95.1,2,0 (761); 1 (150)
QT_PROF_BIBLIOTECARIO,QT,contagem,profissionais não docentes,,203,203,203,216,197,201,,191,,,7,2025,84.3,94.4,11,0 (763); 1 (48); 2 (42); 3 (19)
IN_PROF_SAUDE,IN,binária (0/1),profissionais não docentes,,204,204,204,217,198,202,,,,,6,2024,84.0,95.1,2,0 (891); 1 (20)
QT_PROF_SAUDE,QT,contagem,profissionais não docentes,,205,205,205,218,199,203,,192,,,7,2025,84.3,94.4,8,0 (896); 88888 (7); 2 (4); 1 (3)
IN_PROF_COORDENADOR,IN,binária (0/1),profissionais não docentes,,206,206,206,219,200,204,,,,,6,2024,84.0,95.1,2,0 (688); 1 (223)
QT_PROF_COORDENADOR,QT,contagem,profissionais não docentes,,207,207,207,220,201,205,,193,,,7,2025,84.3,94.4,14,0 (657); 1 (150); 2 (54); 4 (16)
IN_PROF_FONAUDIOLOGO,IN,binária (0/1),profissionais não docentes,,208,208,208,221,202,206,,,,,6,2024,84.0,95.1,2,0 (906); 1 (5)
QT_PROF_FONAUDIOLOGO,QT,contagem,profissionais não docentes,,209,209,209,222,203,207,,194,,,7,2025,84.3,94.4,3,0 (913); 1 (1); 2 (1)
IN_PROF_NUTRICIONISTA,IN,binária (0/1),profissionais não docentes,,210,210,210,223,204,208,,,,,6,2024,84.0,95.1,2,0 (825); 1 (86)
QT_PROF_NUTRICIONISTA,QT,contagem,profissionais não docentes,,211,211,211,224,205,209,,195,,,7,2025,84.3,94.4,2,0 (883); 1 (32)
IN_PROF_PSICOLOGO,IN,binária (0/1),profissionais não docentes,,212,212,212,225,206,210,,,,,6,2024,84.0,95.1,2,0 (870); 1 (41)
QT_PROF_PSICOLOGO,QT,contagem,profissionais não docentes,,213,213,213,226,207,211,,196,,,7,2025,84.3,94.4,5,0 (890); 1 (21); 2 (2); 6 (1)
IN_PROF_ALIMENTACAO,IN,binária (0/1),profissionais não docentes,,214,214,214,227,208,212,,,,,6,2024,84.0,95.1,2,1 (607); 0 (304)
QT_PROF_ALIMENTACAO,QT,contagem,profissionais não docentes,,215,215,215,228,209,213,,197,,,7,2025,84.3,94.4,15,1 (326); 0 (189); 2 (133); 3 (81)
IN_PROF_PEDAGOGIA,IN,binária (0/1),profissionais não docentes,,216,216,216,229,210,214,,,,,6,2024,84.0,95.1,2,0 (475); 1 (436)
QT_PROF_PEDAGOGIA,QT,contagem,profissionais não docentes,,217,217,217,230,211,215,,198,,,7,2025,84.3,94.4,21,0 (482); 1 (167); 2 (101); 3 (47)
IN_PROF_SECRETARIO,IN,binária (0/1),profissionais não docentes,,218,218,218,231,212,216,,,,,6,2024,84.0,95.1,2,0 (467); 1 (444)
QT_PROF_SECRETARIO,QT,contagem,profissionais não docentes,,219,219,219,232,213,217,,199,,,7,2025,84.3,94.4,5,0 (444); 1 (443); 2 (26); 24 (1)
IN_PROF_SEGURANCA,IN,binária (0/1),profissionais não docentes,,220,220,220,233,214,218,,,,,6,2024,84.0,95.1,2,0 (671); 1 (240)
QT_PROF_SEGURANCA,QT,contagem,profissionais não docentes,,221,221,221,234,215,219,,200,,,7,2025,84.3,94.4,11,0 (646); 2 (109); 3 (84); 4 (34)
IN_PROF_MONITORES,IN,binária (0/1),profissionais não docentes,,222,222,222,235,216,220,,,,,6,2024,84.0,95.1,2,0 (817); 1 (94)
QT_PROF_MONITORES,QT,contagem,profissionais não docentes,,223,223,223,236,217,221,,201,,,7,2025,84.3,94.4,11,0 (837); 1 (33); 2 (25); 4 (9)
IN_PROF_GESTAO,IN,binária (0/1),profissionais não docentes,,224,224,224,237,218,222,,,,,6,2024,84.0,95.1,2,0 (672); 1 (239)
QT_PROF_GESTAO,QT,contagem,profissionais não docentes,,225,225,225,238,219,223,,202,,,7,2025,84.3,94.4,5,0 (500); 1 (356); 2 (52); 3 (6)
IN_PROF_ASSIST_SOCIAL,IN,binária (0/1),profissionais não docentes,,226,226,226,239,220,224,,,,,6,2024,84.0,95.1,2,0 (867); 1 (44)
QT_PROF_ASSIST_SOCIAL,QT,contagem,profissionais não docentes,,227,227,227,240,221,225,,203,,,7,2025,84.3,94.4,7,0 (860); 1 (26); 2 (21); 3 (4)
IN_ALIMENTACAO,IN,binária (0/1),alimentação escolar,,228,228,228,241,224,232,,207,,,7,2025,84.3,94.4,2,1 (880); 0 (35)
IN_SERIE_ANO,IN,binária (0/1),organização do ensino e gestão,,229,229,229,242,,,,,,,4,2022,0.0,0.0,0,
IN_PERIODOS_SEMESTRAIS,IN,binária (0/1),organização do ensino e gestão,,230,230,230,243,,,,,,,4,2022,0.0,0.0,0,
IN_FUNDAMENTAL_CICLOS,IN,binária (0/1),organização do ensino e gestão,,231,231,231,244,,,,,,,4,2022,0.0,0.0,0,
IN_GRUPOS_NAO_SERIADOS,IN,binária (0/1),organização do ensino e gestão,,232,232,232,245,,,,,,,4,2022,0.0,0.0,0,
IN_MODULOS,IN,binária (0/1),organização do ensino e gestão,,233,233,233,246,,,,,,,4,2022,0.0,0.0,0,
IN_FORMACAO_ALTERNANCIA,IN,binária (0/1),organização do ensino e gestão,,234,234,234,247,,,,,,,4,2022,0.0,0.0,0,
IN_MATERIAL_PED_MULTIMIDIA,IN,binária (0/1),materiais pedagógicos,,235,235,235,248,225,233,,208,,,7,2025,84.3,94.4,2,0 (764); 1 (151)
IN_MATERIAL_PED_INFANTIL,IN,binária (0/1),materiais pedagógicos,,236,236,236,249,226,234,,209,,,7,2025,84.3,94.4,2,0 (598); 1 (317)
IN_MATERIAL_PED_CIENTIFICO,IN,binária (0/1),materiais pedagógicos,,237,237,237,250,227,235,,210,,,7,2025,84.3,94.4,2,0 (806); 1 (109)
IN_MATERIAL_PED_DIFUSAO,IN,binária (0/1),materiais pedagógicos,,238,238,238,251,228,236,,211,,,7,2025,84.3,94.4,2,0 (669); 1 (246)
IN_MATERIAL_PED_MUSICAL,IN,binária (0/1),materiais pedagógicos,,239,239,239,252,229,237,,212,,,7,2025,84.3,94.4,2,0 (816); 1 (99)
IN_MATERIAL_PED_JOGOS,IN,binária (0/1),materiais pedagógicos,,240,240,240,253,230,238,,213,,,7,2025,84.3,94.4,2,1 (519); 0 (396)
IN_MATERIAL_PED_ARTISTICAS,IN,binária (0/1),materiais pedagógicos,,241,241,241,254,231,239,,214,,,7,2025,84.3,94.4,2,0 (752); 1 (163)
IN_MATERIAL_PED_DESPORTIVA,IN,binária (0/1),materiais pedagógicos,,242,242,242,256,233,241,,216,,,7,2025,84.3,94.4,2,0 (489); 1 (426)
IN_MATERIAL_PED_INDIGENA,IN,binária (0/1),materiais pedagógicos,,243,243,243,257,234,242,,217,,,7,2025,84.3,94.4,2,0 (880); 1 (35)
IN_MATERIAL_PED_ETNICO,IN,binária (0/1),materiais pedagógicos,,244,244,244,258,235,243,,218,,,7,2025,84.3,94.4,2,0 (861); 1 (54)
IN_MATERIAL_PED_CAMPO,IN,binária (0/1),materiais pedagógicos,,245,245,245,259,236,244,,219,,,7,2025,84.3,94.4,2,0 (884); 1 (31)
IN_MATERIAL_PED_NENHUM,IN,binária (0/1),materiais pedagógicos,,246,246,246,260,238,249,,224,,,7,2025,84.3,94.4,2,0 (624); 1 (291)
IN_MATERIAL_ESP_QUILOMBOLA,IN,binária (0/1),materiais pedagógicos,,247,247,247,261,,,,,,,4,2022,0.0,0.0,0,
IN_MATERIAL_ESP_INDIGENA,IN,binária (0/1),materiais pedagógicos,,248,248,248,262,,,,,,,4,2022,0.0,0.0,0,
IN_MATERIAL_ESP_NAO_UTILIZA,IN,binária (0/1),materiais pedagógicos,,249,249,249,263,,,,,,,4,2022,0.0,0.0,0,
IN_EDUCACAO_INDIGENA,IN,binária (0/1),educação indígena,,250,250,250,264,239,250,,225,,,7,2025,84.3,94.4,2,0 (479); 1 (436)
TP_INDIGENA_LINGUA,TP,categórica codificada,educação indígena,,251,251,251,265,240,251,,226,,,7,2025,1.7,45.0,3,3 (372); 2 (62); 1 (2)
CO_LINGUA_INDIGENA_1,CO,código,educação indígena,,252,252,252,266,241,252,,227,,,7,2025,1.3,38.6,10,100 (280); 179 (33); 191 (20); 45 (17)
CO_LINGUA_INDIGENA_2,CO,código,educação indígena,,253,253,253,267,242,253,,228,,,7,2025,0.2,4.9,4,179 (36); 153 (7); 100 (3); 999 (1)
CO_LINGUA_INDIGENA_3,CO,código,educação indígena,,254,254,254,268,243,254,,229,,,7,2025,0.1,0.4,1,179 (4)
IN_BRASIL_ALFABETIZADO,IN,binária (0/1),organização do ensino e gestão,,255,255,255,269,,,,,,,4,2022,0.0,0.0,0,
IN_FINAL_SEMANA,IN,binária (0/1),organização do ensino e gestão,,256,256,256,270,,,,,,,4,2022,0.0,0.0,0,
IN_EXAME_SELECAO,IN,binária (0/1),organização do ensino e gestão,,257,257,257,271,244,255,,230,,,7,2025,84.3,94.4,2,0 (896); 1 (19)
IN_RESERVA_PPI,IN,binária (0/1),organização do ensino e gestão,,258,258,258,272,245,256,,231,,,7,2025,3.5,2.0,2,0 (13); 1 (6)
IN_RESERVA_RENDA,IN,binária (0/1),organização do ensino e gestão,,259,259,259,273,246,257,,232,,,7,2025,3.5,2.0,2,1 (10); 0 (9)
IN_RESERVA_PUBLICA,IN,binária (0/1),organização do ensino e gestão,,260,260,260,274,247,258,,233,,,7,2025,3.5,2.0,2,0 (13); 1 (6)
IN_RESERVA_PCD,IN,binária (0/1),organização do ensino e gestão,,261,261,261,275,248,259,,234,,,7,2025,3.5,2.0,2,0 (11); 1 (8)
IN_RESERVA_OUTROS,IN,binária (0/1),organização do ensino e gestão,,262,262,262,276,249,260,,235,,,7,2025,3.5,2.0,2,0 (16); 1 (3)
IN_RESERVA_NENHUMA,IN,binária (0/1),organização do ensino e gestão,,263,263,263,277,250,261,,236,,,7,2025,3.5,2.0,2,0 (14); 1 (5)
IN_REDES_SOCIAIS,IN,binária (0/1),equipamentos e tecnologia,,264,264,264,278,251,262,,237,,,7,2025,84.3,94.4,2,0 (695); 1 (220)
IN_ESPACO_ATIVIDADE,IN,binária (0/1),"oferta (etapas, modalidades, turnos)",,265,265,265,279,252,263,,238,,,7,2025,84.3,94.4,3,1 (673); 0 (233); 9 (9)
IN_ESPACO_EQUIPAMENTO,IN,binária (0/1),"oferta (etapas, modalidades, turnos)",,266,266,266,280,253,264,,239,,,7,2025,84.3,94.4,3,1 (594); 0 (311); 9 (10)
IN_ORGAO_ASS_PAIS,IN,binária (0/1),organização do ensino e gestão,,267,267,267,281,254,265,,240,,,7,2025,84.3,94.4,2,0 (892); 1 (23)
IN_ORGAO_ASS_PAIS_MESTRES,IN,binária (0/1),organização do ensino e gestão,,268,268,268,282,255,266,,241,,,7,2025,84.3,94.4,2,0 (502); 1 (413)
IN_ORGAO_CONSELHO_ESCOLAR,IN,binária (0/1),organização do ensino e gestão,,269,269,269,283,256,267,,242,,,7,2025,84.3,94.4,2,0 (608); 1 (307)
IN_ORGAO_GREMIO_ESTUDANTIL,IN,binária (0/1),organização do ensino e gestão,,270,270,270,284,257,268,,243,,,7,2025,84.3,94.4,2,0 (887); 1 (28)
IN_ORGAO_OUTROS,IN,binária (0/1),organização do ensino e gestão,,271,271,271,285,258,269,,244,,,7,2025,84.3,94.4,2,0 (899); 1 (16)
IN_ORGAO_NENHUM,IN,binária (0/1),organização do ensino e gestão,,272,272,272,286,259,270,,245,,,7,2025,84.3,94.4,2,1 (464); 0 (451)
TP_PROPOSTA_PEDAGOGICA,TP,categórica codificada,organização do ensino e gestão,,273,273,273,287,260,271,,246,,,7,2025,84.3,94.4,4,1 (432); 0 (373); 2 (100); 9 (10)
TP_AEE,TP,categórica codificada,organização do ensino e gestão,,274,274,274,288,261,279,,254,,,7,2025,84.3,94.4,3,0 (730); 1 (178); 2 (7)
TP_ATIVIDADE_COMPLEMENTAR,TP,categórica codificada,organização do ensino e gestão,,275,275,275,289,262,280,,255,,,7,2025,84.3,94.4,2,0 (838); 1 (77)
IN_MEDIACAO_PRESENCIAL,IN,binária (0/1),"oferta (etapas, modalidades, turnos)",,276,276,276,291,263,281,,260,,,7,2025,84.3,94.4,2,1 (914); 0 (1)
IN_MEDIACAO_SEMIPRESENCIAL,IN,binária (0/1),"oferta (etapas, modalidades, turnos)",,277,277,277,292,264,282,,261,,,7,2025,84.3,94.4,2,0 (913); 1 (2)
IN_MEDIACAO_EAD,IN,binária (0/1),"oferta (etapas, modalidades, turnos)",,278,278,278,293,265,283,,262,,,7,2025,84.3,94.4,2,0 (908); 1 (7)
IN_REGULAR,IN,binária (0/1),"oferta (etapas, modalidades, turnos)",,279,279,279,294,266,284,,264,,,7,2025,84.3,94.4,2,1 (893); 0 (22)
IN_DIURNO,IN,binária (0/1),"oferta (etapas, modalidades, turnos)",,280,280,280,295,267,285,,,,,6,2024,83.2,94.4,2,1 (902); 0 (2)
IN_NOTURNO,IN,binária (0/1),"oferta (etapas, modalidades, turnos)",,281,281,281,296,268,286,,,,,6,2024,83.2,94.4,2,0 (799); 1 (105)
IN_EAD,IN,binária (0/1),"oferta (etapas, modalidades, turnos)",,282,282,282,297,269,287,,,,,6,2024,83.2,94.4,2,0 (897); 1 (7)
IN_BAS,IN,binária (0/1),"oferta (etapas, modalidades, turnos)",,283,283,283,298,,,,,,,4,2022,79.4,91.6,1,1 (870)
IN_INF,IN,binária (0/1),"oferta (etapas, modalidades, turnos)",,284,284,284,299,271,289,,,,,6,2024,83.2,94.4,2,1 (461); 0 (443)
IN_INF_CRE,IN,binária (0/1),"oferta (etapas, modalidades, turnos)",,285,285,285,300,272,290,,,,,6,2024,83.2,94.4,2,0 (671); 1 (233)
IN_INF_PRE,IN,binária (0/1),"oferta (etapas, modalidades, turnos)",,286,286,286,301,273,291,,,,,6,2024,83.2,94.4,2,0 (504); 1 (400)
IN_FUND,IN,binária (0/1),"oferta (etapas, modalidades, turnos)",,287,287,287,302,274,292,,,,,6,2024,83.2,94.4,2,1 (676); 0 (228)
IN_FUND_AI,IN,binária (0/1),"oferta (etapas, modalidades, turnos)",,288,288,288,303,275,293,,,,,6,2024,83.2,94.4,2,1 (554); 0 (350)
IN_FUND_AF,IN,binária (0/1),"oferta (etapas, modalidades, turnos)",,289,289,289,304,276,294,,,,,6,2024,83.2,94.4,2,0 (652); 1 (252)
IN_MED,IN,binária (0/1),"oferta (etapas, modalidades, turnos)",,290,290,290,305,277,295,,,,,6,2024,83.2,94.4,2,0 (724); 1 (180)
IN_PROF,IN,binária (0/1),"oferta (etapas, modalidades, turnos)",,291,291,291,306,278,296,,,,,6,2024,83.2,94.4,2,0 (884); 1 (20)
IN_PROF_TEC,IN,binária (0/1),"oferta (etapas, modalidades, turnos)",,292,292,292,307,279,297,,,,,6,2024,83.2,94.4,2,0 (884); 1 (20)
IN_EJA,IN,binária (0/1),"oferta (etapas, modalidades, turnos)",,293,293,293,308,280,298,,265,,,7,2025,84.3,94.4,2,0 (827); 1 (88)
IN_EJA_FUND,IN,binária (0/1),"oferta (etapas, modalidades, turnos)",,294,294,294,309,281,299,,,,,6,2024,83.2,94.4,2,0 (855); 1 (49)
IN_EJA_MED,IN,binária (0/1),"oferta (etapas, modalidades, turnos)",,295,295,295,310,282,300,,,,,6,2024,83.2,94.4,2,0 (847); 1 (57)
IN_ESP,IN,binária (0/1),"oferta (etapas, modalidades, turnos)",,296,296,296,311,283,301,,,,,6,2024,83.2,94.4,2,1 (540); 0 (364)
IN_ESP_CC,IN,binária (0/1),"oferta (etapas, modalidades, turnos)",,297,297,297,312,284,302,,,,,6,2024,83.2,94.4,2,1 (540); 0 (364)
IN_ESP_CE,IN,binária (0/1),"oferta (etapas, modalidades, turnos)",,298,298,298,313,285,303,,,,,6,2024,83.2,94.4,1,0 (904)
QT_MAT_BAS,QT,contagem,matrículas,,299,299,299,314,286,304,,,26,,7,2025_matricula,100.0,100.0,393,29 (21); 30 (19); 15 (14); 18 (14)
QT_MAT_INF,QT,contagem,matrículas,,300,300,300,315,287,305,,,27,,7,2025_matricula,100.0,100.0,173,0 (446); 15 (15); 29 (14); 30 (14)
QT_MAT_INF_CRE,QT,contagem,matrículas,,301,301,301,316,288,306,,,28,,7,2025_matricula,100.0,100.0,88,0 (674); 29 (14); 3 (11); 30 (11)
QT_MAT_INF_PRE,QT,contagem,matrículas,,302,302,302,317,289,307,,,29,,7,2025_matricula,100.0,100.0,132,0 (508); 5 (19); 4 (16); 8 (16)
QT_MAT_FUND,QT,contagem,matrículas,,303,303,303,318,290,308,,,30,,7,2025_matricula,100.0,100.0,294,0 (239); 10 (17); 13 (12); 6 (12)
QT_MAT_FUND_AI,QT,contagem,matrículas,,304,304,304,319,291,309,,,31,,7,2025_matricula,100.0,100.0,207,0 (361); 10 (17); 14 (14); 7 (13)
QT_MAT_FUND_AF,QT,contagem,matrículas,,305,305,305,320,297,315,,,37,,7,2025_matricula,100.0,100.0,180,0 (651); 22 (5); 23 (5); 10 (4)
QT_MAT_MED,QT,contagem,matrículas,,306,306,306,321,302,320,,,42,,7,2025_matricula,100.0,100.0,123,0 (725); 25 (6); 40 (5); 16 (4)
QT_MAT_PROF,QT,contagem,matrículas,,307,307,307,322,320,338,,,94,,7,2025_matricula,100.0,100.0,49,0 (851); 23 (3); 78 (3); 156 (2)
QT_MAT_PROF_TEC,QT,contagem,matrículas,,308,308,308,323,321,339,,,95,,7,2025_matricula,100.0,100.0,23,0 (885); 156 (2); 1 (1); 117 (1)
QT_MAT_EJA,QT,contagem,matrículas,,309,309,309,324,325,343,,,102,,7,2025_matricula,100.0,100.0,63,0 (820); 26 (5); 14 (4); 10 (3)
QT_MAT_EJA_FUND,QT,contagem,matrículas,,310,310,310,325,326,344,,,103,,7,2025_matricula,100.0,100.0,43,0 (850); 28 (3); 9 (3); 10 (2)
QT_MAT_EJA_MED,QT,contagem,matrículas,,311,311,311,326,330,348,,,108,,7,2025_matricula,100.0,100.0,45,0 (848); 26 (4); 14 (3); 5 (3)
QT_MAT_ESP,QT,contagem,matrículas,,312,312,312,327,334,352,,,112,,7,2025_matricula,100.0,100.0,77,0 (343); 1 (102); 2 (74); 3 (48)
QT_MAT_ESP_CC,QT,contagem,matrículas,,313,313,313,328,335,353,,,125,,7,2025_matricula,100.0,100.0,77,0 (343); 1 (105); 2 (73); 3 (49)
QT_MAT_ESP_CE,QT,contagem,matrículas,,314,314,314,329,336,354,,,138,,7,2025_matricula,100.0,100.0,8,0 (898); 1 (3); 2 (2); 24 (1)
QT_MAT_BAS_FEM,QT,contagem,matrículas,,315,315,315,330,337,355,,,151,,7,2025_matricula,100.0,100.0,284,11 (29); 12 (27); 6 (26); 9 (22)
QT_MAT_BAS_MASC,QT,contagem,matrículas,,316,316,316,331,338,356,,,152,,7,2025_matricula,100.0,100.0,288,15 (24); 6 (24); 7 (22); 11 (21)
QT_MAT_BAS_ND,QT,contagem,matrículas,,317,317,317,332,339,357,,,153,,7,2025_matricula,100.0,100.0,128,0 (394); 1 (86); 2 (46); 3 (25)
QT_MAT_BAS_BRANCA,QT,contagem,matrículas,,318,318,318,333,340,358,,,154,,7,2025_matricula,100.0,100.0,150,0 (420); 1 (51); 2 (27); 4 (21)
QT_MAT_BAS_PRETA,QT,contagem,matrículas,,319,319,319,334,341,359,,,155,,7,2025_matricula,100.0,100.0,55,0 (522); 1 (73); 2 (43); 3 (34)
QT_MAT_BAS_PARDA,QT,contagem,matrículas,,320,320,320,335,342,360,,,156,,7,2025_matricula,100.0,100.0,290,0 (317); 1 (43); 2 (16); 6 (15)
QT_MAT_BAS_AMARELA,QT,contagem,matrículas,,321,321,321,336,343,361,,,157,,7,2025_matricula,100.0,100.0,12,0 (725); 1 (93); 2 (33); 3 (28)
QT_MAT_BAS_INDIGENA,QT,contagem,matrículas,,322,322,322,337,344,362,,,158,,7,2025_matricula,100.0,100.0,161,0 (133); 1 (62); 2 (38); 4 (27)
QT_MAT_BAS_0_3,QT,contagem,matrículas,,323,323,323,338,345,363,,,159,,7,2025_matricula,100.0,100.0,89,0 (662); 2 (11); 1 (10); 5 (10)
QT_MAT_BAS_4_5,QT,contagem,matrículas,,324,324,324,339,346,364,,,160,,7,2025_matricula,100.0,100.0,131,0 (419); 1 (33); 4 (31); 6 (23)
QT_MAT_BAS_6_10,QT,contagem,matrículas,,325,325,325,340,347,365,,,161,,7,2025_matricula,100.0,100.0,197,0 (218); 1 (53); 2 (30); 8 (21)
QT_MAT_BAS_11_14,QT,contagem,matrículas,,326,326,326,341,348,366,,,162,,7,2025_matricula,100.0,100.0,200,0 (328); 1 (71); 2 (49); 3 (25)
QT_MAT_BAS_15_17,QT,contagem,matrículas,,327,327,327,342,349,367,,,163,,7,2025_matricula,100.0,100.0,151,0 (577); 1 (28); 2 (16); 3 (11)
QT_MAT_BAS_18_MAIS,QT,contagem,matrículas,,328,328,328,343,350,368,,,164,,7,2025_matricula,100.0,100.0,93,0 (616); 1 (46); 2 (12); 11 (10)
QT_MAT_BAS_D,QT,contagem,matrículas,,329,329,329,344,351,369,,,171,,7,2025_matricula,100.0,100.0,392,29 (21); 30 (19); 15 (14); 18 (14)
QT_MAT_BAS_N,QT,contagem,matrículas,,330,330,330,345,352,370,,,174,,7,2025_matricula,100.0,100.0,81,0 (798); 18 (5); 16 (4); 24 (4)
QT_MAT_BAS_EAD,QT,contagem,matrículas,,331,331,331,346,353,371,,,175,,7,2025_matricula,100.0,100.0,10,0 (899); 112 (1); 145 (1); 31 (1)
QT_MAT_INF_INT,QT,contagem,matrículas,,332,332,332,347,354,372,,,242,,7,2025_matricula,100.0,100.0,59,0 (782); 1 (15); 30 (11); 29 (9)
QT_MAT_INF_CRE_INT,QT,contagem,matrículas,,333,333,333,348,355,373,,,243,,7,2025_matricula,100.0,100.0,46,0 (832); 30 (11); 29 (8); 17 (4)
QT_MAT_INF_PRE_INT,QT,contagem,matrículas,,334,334,334,349,356,374,,,244,,7,2025_matricula,100.0,100.0,27,0 (837); 1 (15); 2 (8); 3 (6)
QT_MAT_FUND_INT,QT,contagem,matrículas,,335,335,335,350,357,375,,,245,,7,2025_matricula,100.0,100.0,62,0 (745); 2 (18); 1 (17); 3 (10)
QT_MAT_FUND_AI_INT,QT,contagem,matrículas,,336,336,336,351,358,376,,,246,,7,2025_matricula,100.0,100.0,42,0 (798); 1 (12); 2 (11); 3 (9)
QT_MAT_FUND_AF_INT,QT,contagem,matrículas,,337,337,337,352,359,377,,,247,,7,2025_matricula,100.0,100.0,38,0 (846); 1 (7); 2 (7); 4 (5)
QT_MAT_MED_INT,QT,contagem,matrículas,,338,338,338,353,360,378,,,248,,7,2025_matricula,100.0,100.0,36,0 (862); 1 (4); 2 (3); 10 (2)
QT_DOC_BAS,QT,contagem,docentes,,339,339,339,354,367,385,26,,,,7,2025_docente,100.0,100.0,66,1 (166); 2 (126); 3 (44); 4 (37)
QT_DOC_INF,QT,contagem,docentes,,340,340,340,355,368,386,27,,,,7,2025_docente,100.0,100.0,27,0 (495); 1 (118); 2 (89); 3 (46)
QT_DOC_INF_CRE,QT,contagem,docentes,,341,341,341,356,369,387,28,,,,7,2025_docente,100.0,100.0,16,0 (725); 1 (74); 2 (43); 4 (18)
QT_DOC_INF_PRE,QT,contagem,docentes,,342,342,342,357,370,388,29,,,,7,2025_docente,100.0,100.0,26,0 (558); 1 (116); 2 (79); 3 (42)
QT_DOC_FUND,QT,contagem,docentes,,343,343,343,358,371,389,30,,,,7,2025_docente,100.0,100.0,56,0 (239); 1 (137); 2 (79); 8 (36)
QT_DOC_FUND_AI,QT,contagem,docentes,,344,344,344,359,372,390,31,,,,7,2025_docente,100.0,100.0,48,0 (549); 1 (71); 2 (43); 6 (33)
QT_DOC_FUND_AF,QT,contagem,docentes,,345,345,345,360,373,391,38,,,,7,2025_docente,100.0,100.0,39,0 (427); 1 (135); 2 (63); 8 (46)
QT_DOC_MED,QT,contagem,docentes,,346,346,346,361,374,392,45,,,,7,2025_docente,100.0,100.0,35,0 (724); 9 (21); 8 (20); 7 (18)
QT_DOC_PROF,QT,contagem,docentes,,347,347,347,362,375,393,74,,,,7,2025_docente,100.0,100.0,26,0 (852); 13 (7); 11 (6); 18 (5)
QT_DOC_PROF_TEC,QT,contagem,docentes,,348,348,348,363,376,394,75,,,,7,2025_docente,100.0,100.0,17,0 (886); 1 (3); 11 (3); 17 (2)
QT_DOC_EJA,QT,contagem,docentes,,349,349,349,364,377,395,83,,,,7,2025_docente,100.0,100.0,20,0 (820); 11 (11); 10 (9); 2 (9)
QT_DOC_EJA_FUND,QT,contagem,docentes,,350,350,350,365,378,396,84,,,,7,2025_docente,100.0,100.0,16,0 (850); 2 (10); 8 (8); 6 (6)
QT_DOC_EJA_MED,QT,contagem,docentes,,351,351,351,366,379,397,89,,,,7,2025_docente,100.0,100.0,16,0 (848); 10 (9); 11 (9); 9 (7)
QT_DOC_ESP,QT,contagem,docentes,,352,352,352,367,380,398,93,,,,7,2025_docente,100.0,100.0,61,0 (344); 1 (98); 2 (50); 3 (27)
QT_DOC_ESP_CC,QT,contagem,docentes,,353,353,353,368,381,399,94,,,,7,2025_docente,100.0,100.0,61,0 (345); 1 (103); 2 (46); 8 (27)
QT_DOC_ESP_CE,QT,contagem,docentes,,354,354,354,369,382,400,95,,,,7,2025_docente,100.0,100.0,3,0 (898); 1 (7); 2 (3)
QT_TUR_BAS,QT,contagem,turmas,,355,355,355,370,383,401,,,,26,7,2025_turma,100.0,100.0,57,1 (165); 2 (129); 7 (68); 4 (38)
QT_TUR_INF,QT,contagem,turmas,,356,356,356,371,384,402,,,,27,7,2025_turma,100.0,100.0,25,0 (494); 2 (120); 1 (106); 4 (32)
QT_TUR_INF_CRE,QT,contagem,turmas,,357,357,357,372,385,403,,,,28,7,2025_turma,100.0,100.0,16,0 (724); 1 (72); 2 (41); 4 (20)
QT_TUR_INF_PRE,QT,contagem,turmas,,358,358,358,373,386,404,,,,29,7,2025_turma,100.0,100.0,21,0 (558); 2 (108); 1 (101); 4 (37)
QT_TUR_FUND,QT,contagem,turmas,,359,359,359,374,387,405,,,,30,7,2025_turma,100.0,100.0,45,0 (239); 1 (143); 2 (73); 5 (68)
QT_TUR_FUND_AI,QT,contagem,turmas,,360,360,360,375,388,406,,,,31,7,2025_turma,100.0,100.0,44,0 (549); 1 (99); 5 (79); 3 (27)
QT_TUR_FUND_AF,QT,contagem,turmas,,361,361,361,376,389,407,,,,38,7,2025_turma,100.0,100.0,31,0 (427); 1 (149); 2 (69); 4 (65)
QT_TUR_MED,QT,contagem,turmas,,362,362,362,377,390,408,,,,45,7,2025_turma,100.0,100.0,26,0 (724); 3 (87); 6 (16); 5 (12)
QT_TUR_PROF,QT,contagem,turmas,,363,363,363,378,391,409,,,,82,7,2025_turma,100.0,100.0,18,0 (852); 1 (17); 2 (8); 3 (8)
QT_TUR_PROF_TEC,QT,contagem,turmas,,364,364,364,379,392,410,,,,83,7,2025_turma,100.0,100.0,15,0 (886); 1 (3); 2 (3); 3 (3)
QT_TUR_EJA,QT,contagem,turmas,,365,365,365,380,393,411,,,,91,7,2025_turma,100.0,100.0,14,0 (820); 3 (19); 4 (19); 1 (17)
QT_TUR_EJA_FUND,QT,contagem,turmas,,366,366,366,381,394,412,,,,92,7,2025_turma,100.0,100.0,7,0 (850); 1 (22); 4 (16); 2 (10)
QT_TUR_EJA_MED,QT,contagem,turmas,,367,367,367,382,395,413,,,,97,7,2025_turma,100.0,100.0,12,0 (848); 1 (17); 3 (16); 2 (14)
QT_TUR_ESP,QT,contagem,turmas,,368,368,368,383,396,414,,,,101,7,2025_turma,100.0,100.0,44,0 (343); 1 (138); 2 (80); 3 (40)
QT_TUR_ESP_CC,QT,contagem,turmas,,369,369,369,384,397,415,,,,102,7,2025_turma,100.0,100.0,44,0 (343); 1 (143); 2 (76); 3 (41)
QT_TUR_ESP_CE,QT,contagem,turmas,,370,370,370,385,398,416,,,,103,7,2025_turma,100.0,100.0,4,0 (898); 1 (5); 2 (4); 3 (1)
IN_PODER_PUBLICO_PARCERIA,IN,binária (0/1),dependência administrativa e vínculos,,,,,35,39,40,24,32,24,24,7,2025_turma,100.0,100.0,1,0 (908)
TP_PODER_PUBLICO_PARCERIA,TP,categórica codificada,dependência administrativa e vínculos,,,,,36,40,41,25,33,25,25,7,2025_turma,5.6,0.0,0,
IN_FORMA_CONT_TERMO_COLABORA,IN,binária (0/1),dependência administrativa e vínculos,,,,,39,41,42,,34,,,4,2025,4.9,0.0,0,
IN_FORMA_CONT_TERMO_FOMENTO,IN,binária (0/1),dependência administrativa e vínculos,,,,,40,42,43,,35,,,4,2025,4.9,0.0,0,
IN_FORMA_CONT_ACORDO_COOP,IN,binária (0/1),dependência administrativa e vínculos,,,,,41,43,44,,36,,,4,2025,4.9,0.0,0,
IN_FORMA_CONT_PRESTACAO_SERV,IN,binária (0/1),dependência administrativa e vínculos,,,,,42,44,45,,37,,,4,2025,4.9,0.0,0,
IN_FORMA_CONT_COOP_TEC_FIN,IN,binária (0/1),dependência administrativa e vínculos,,,,,43,45,46,,38,,,4,2025,4.9,0.0,0,
IN_FORMA_CONT_CONSORCIO_PUB,IN,binária (0/1),dependência administrativa e vínculos,,,,,44,46,47,,39,,,4,2025,4.9,0.0,0,
IN_TIPO_ATEND_ESCOLARIZACAO,IN,binária (0/1),"tipo de atendimento (escolarização, AEE, AC)",,,,,45,,,,,,,1,2022,4.0,1.2,1,1 (11)
IN_TIPO_ATEND_AC,IN,binária (0/1),"tipo de atendimento (escolarização, AEE, AC)",,,,,46,,,,,,,1,2022,4.0,1.2,1,0 (11)
IN_TIPO_ATEND_AEE,IN,binária (0/1),"tipo de atendimento (escolarização, AEE, AC)",,,,,47,,,,,,,1,2022,4.0,1.2,1,0 (11)
IN_LABORATORIO_EDUC_PROF,IN,binária (0/1),dependências físicas,,,,,123,122,125,,117,,,4,2025,84.3,94.4,2,0 (906); 1 (9)
IN_SALA_OFICINAS_EDUC_PROF,IN,binária (0/1),dependências físicas,,,,,136,136,139,,131,,,4,2025,84.3,94.4,2,0 (908); 1 (7)
IN_MATERIAL_PED_PROFISSIONAL,IN,binária (0/1),materiais pedagógicos,,,,,255,232,240,,215,,,4,2025,84.3,94.4,2,0 (873); 1 (42)
IN_ESCOLARIZACAO,IN,binária (0/1),"oferta (etapas, modalidades, turnos)",,,,,290,270,288,,259,,,4,2025,84.3,94.4,2,1 (908); 0 (7)
NO_REGIAO_GEOG_INTERM,NO,nome/texto,geografia (IBGE),,,,,,9,9,9,9,9,9,6,2025_turma,100.0,100.0,2,Boa Vista (773); Rorainópolis - Caracaraí (135)
CO_REGIAO_GEOG_INTERM,CO,código,geografia (IBGE),,,,,,10,10,10,10,10,10,6,2025_turma,100.0,100.0,2,1401 (773); 1402 (135)
NO_REGIAO_GEOG_IMED,NO,nome/texto,geografia (IBGE),,,,,,11,11,11,11,11,11,6,2025_turma,100.0,100.0,4,Boa Vista (422); Pacaraima (351); Rorainópolis (87); Caracaraí (48)
CO_REGIAO_GEOG_IMED,CO,código,geografia (IBGE),,,,,,12,12,12,12,12,12,6,2025_turma,100.0,100.0,4,140001 (422); 140002 (351); 140003 (87); 140004 (48)
IN_FORMA_CONT_MU_TERMO_COLAB,IN,binária (0/1),dependência administrativa e vínculos,,,,,,47,48,,40,,,3,2025,4.4,0.0,0,
IN_FORMA_CONT_MU_TERMO_FOMENTO,IN,binária (0/1),dependência administrativa e vínculos,,,,,,48,49,,41,,,3,2025,4.4,0.0,0,
IN_FORMA_CONT_MU_ACORDO_COOP,IN,binária (0/1),dependência administrativa e vínculos,,,,,,49,50,,42,,,3,2025,4.4,0.0,0,
IN_FORMA_CONT_MU_PREST_SERV,IN,binária (0/1),dependência administrativa e vínculos,,,,,,50,51,,43,,,3,2025,4.4,0.0,0,
IN_FORMA_CONT_MU_COOP_TEC_FIN,IN,binária (0/1),dependência administrativa e vínculos,,,,,,51,52,,44,,,3,2025,4.4,0.0,0,
IN_FORMA_CONT_MU_CONSORCIO_PUB,IN,binária (0/1),dependência administrativa e vínculos,,,,,,52,53,,45,,,3,2025,4.4,0.0,0,
IN_FORMA_CONT_ES_TERMO_COLAB,IN,binária (0/1),dependência administrativa e vínculos,,,,,,53,54,,46,,,3,2025,1.0,0.0,0,
IN_FORMA_CONT_ES_TERMO_FOMENTO,IN,binária (0/1),dependência administrativa e vínculos,,,,,,54,55,,47,,,3,2025,1.0,0.0,0,
IN_FORMA_CONT_ES_ACORDO_COOP,IN,binária (0/1),dependência administrativa e vínculos,,,,,,55,56,,48,,,3,2025,1.0,0.0,0,
IN_FORMA_CONT_ES_PREST_SERV,IN,binária (0/1),dependência administrativa e vínculos,,,,,,56,57,,49,,,3,2025,1.0,0.0,0,
IN_FORMA_CONT_ES_COOP_TEC_FIN,IN,binária (0/1),dependência administrativa e vínculos,,,,,,57,58,,50,,,3,2025,1.0,0.0,0,
IN_FORMA_CONT_ES_CONSORCIO_PUB,IN,binária (0/1),dependência administrativa e vínculos,,,,,,58,59,,51,,,3,2025,1.0,0.0,0,
IN_SALA_ESTUDIO_GRAVACAO,IN,binária (0/1),dependências físicas,,,,,,135,138,,130,,,3,2025,84.3,94.4,2,0 (912); 1 (3)
IN_PROF_TRAD_LIBRAS,IN,binária (0/1),profissionais não docentes,,,,,,222,226,,,,,2,2024,84.0,95.1,2,0 (888); 1 (23)
QT_PROF_TRAD_LIBRAS,QT,contagem,profissionais não docentes,,,,,,223,227,,204,,,3,2025,84.3,94.4,3,0 (894); 1 (16); 2 (5)
IN_MATERIAL_PED_BIL_SURDOS,IN,binária (0/1),materiais pedagógicos,,,,,,237,245,,220,,,3,2025,84.3,94.4,2,0 (881); 1 (34)
QT_MAT_FUND_AI_1,QT,contagem,matrículas,,,,,,292,310,,,32,,3,2025_matricula,100.0,100.0,103,0 (402); 1 (49); 3 (43); 4 (42)
QT_MAT_FUND_AI_2,QT,contagem,matrículas,,,,,,293,311,,,33,,3,2025_matricula,100.0,100.0,98,0 (402); 2 (56); 3 (44); 4 (42)
QT_MAT_FUND_AI_3,QT,contagem,matrículas,,,,,,294,312,,,34,,3,2025_matricula,100.0,100.0,102,0 (418); 3 (43); 1 (39); 2 (36)
QT_MAT_FUND_AI_4,QT,contagem,matrículas,,,,,,295,313,,,35,,3,2025_matricula,100.0,100.0,102,0 (432); 3 (46); 2 (37); 1 (36)
QT_MAT_FUND_AI_5,QT,contagem,matrículas,,,,,,296,314,,,36,,3,2025_matricula,100.0,100.0,97,0 (440); 2 (45); 4 (39); 3 (36)
QT_MAT_FUND_AF_6,QT,contagem,matrículas,,,,,,298,316,,,38,,3,2025_matricula,100.0,100.0,106,0 (654); 6 (12); 12 (11); 17 (9)
QT_MAT_FUND_AF_7,QT,contagem,matrículas,,,,,,299,317,,,39,,3,2025_matricula,100.0,100.0,104,0 (658); 7 (12); 10 (10); 11 (9)
QT_MAT_FUND_AF_8,QT,contagem,matrículas,,,,,,300,318,,,40,,3,2025_matricula,100.0,100.0,106,0 (663); 7 (13); 11 (11); 13 (10)
QT_MAT_FUND_AF_9,QT,contagem,matrículas,,,,,,301,319,,,41,,3,2025_matricula,100.0,100.0,99,0 (668); 5 (12); 6 (11); 14 (10)
QT_MAT_MED_PROP,QT,contagem,matrículas,,,,,,303,321,,,48,,3,2025_matricula,100.0,100.0,107,0 (738); 30 (6); 25 (5); 40 (5)
QT_MAT_MED_PROP_1,QT,contagem,matrículas,,,,,,304,322,,,49,,3,2025_matricula,100.0,100.0,80,0 (743); 11 (7); 18 (7); 4 (7)
QT_MAT_MED_PROP_2,QT,contagem,matrículas,,,,,,305,323,,,50,,3,2025_matricula,100.0,100.0,69,0 (752); 14 (7); 7 (7); 9 (7)
QT_MAT_MED_PROP_3,QT,contagem,matrículas,,,,,,306,324,,,51,,3,2025_matricula,100.0,100.0,72,0 (748); 12 (10); 10 (8); 5 (8)
QT_MAT_MED_PROP_4,QT,contagem,matrículas,,,,,,307,325,,,52,,3,2025_matricula,100.0,100.0,1,0 (908)
QT_MAT_MED_PROP_NS,QT,contagem,matrículas,,,,,,308,326,,,53,,3,2025_matricula,100.0,100.0,1,0 (908)
QT_MAT_MED_CT,QT,contagem,matrículas,,,,,,309,327,,,,,2,2024,83.2,94.4,13,0 (892); 15 (1); 176 (1); 18 (1)
QT_MAT_MED_CT_1,QT,contagem,matrículas,,,,,,310,328,,,,,2,2024,83.2,94.4,7,0 (898); 176 (1); 192 (1); 67 (1)
QT_MAT_MED_CT_2,QT,contagem,matrículas,,,,,,311,329,,,,,2,2024,83.2,94.4,9,0 (896); 15 (1); 18 (1); 3 (1)
QT_MAT_MED_CT_3,QT,contagem,matrículas,,,,,,312,330,,,,,2,2024,83.2,94.4,5,0 (900); 162 (1); 5 (1); 68 (1)
QT_MAT_MED_CT_4,QT,contagem,matrículas,,,,,,313,331,,,,,2,2024,83.2,94.4,2,0 (903); 6 (1)
QT_MAT_MED_CT_NS,QT,contagem,matrículas,,,,,,314,332,,,,,2,2024,83.2,94.4,3,0 (902); 30 (1); 4 (1)
QT_MAT_MED_NM,QT,contagem,matrículas,,,,,,315,333,,,72,,3,2025_matricula,100.0,100.0,2,0 (907); 353 (1)
QT_MAT_MED_NM_1,QT,contagem,matrículas,,,,,,316,334,,,73,,3,2025_matricula,100.0,100.0,1,0 (908)
QT_MAT_MED_NM_2,QT,contagem,matrículas,,,,,,317,335,,,74,,3,2025_matricula,100.0,100.0,1,0 (908)
QT_MAT_MED_NM_3,QT,contagem,matrículas,,,,,,318,336,,,75,,3,2025_matricula,100.0,100.0,2,0 (907); 188 (1)
QT_MAT_MED_NM_4,QT,contagem,matrículas,,,,,,319,337,,,76,,3,2025_matricula,100.0,100.0,2,0 (907); 165 (1)
QT_MAT_PROF_TEC_CONC,QT,contagem,matrículas,,,,,,322,340,,,96,,3,2025_matricula,100.0,100.0,10,0 (899); 101 (1); 118 (1); 122 (1)
QT_MAT_PROF_TEC_SUBS,QT,contagem,matrículas,,,,,,323,341,,,97,,3,2025_matricula,100.0,100.0,14,0 (895); 101 (1); 117 (1); 119 (1)
QT_MAT_PROF_FIC_CONC,QT,contagem,matrículas,,,,,,324,342,,,101,,3,2025_matricula,100.0,100.0,5,0 (904); 2 (1); 386 (1); 75 (1)
QT_MAT_EJA_FUND_AI,QT,contagem,matrículas,,,,,,327,345,,,105,,3,2025_matricula,100.0,100.0,24,0 (878); 9 (4); 10 (2); 16 (2)
QT_MAT_EJA_FUND_AF,QT,contagem,matrículas,,,,,,328,346,,,106,,3,2025_matricula,100.0,100.0,29,0 (871); 18 (3); 11 (2); 114 (2)
QT_MAT_EJA_FUND_FIC,QT,contagem,matrículas,,,,,,329,347,,,107,,3,2025_matricula,100.0,100.0,1,0 (908)
QT_MAT_EJA_MED_NPROF,QT,contagem,matrículas,,,,,,331,349,,,109,,3,2025_matricula,100.0,100.0,43,0 (850); 26 (4); 14 (3); 5 (3)
QT_MAT_EJA_MED_FIC,QT,contagem,matrículas,,,,,,332,350,,,110,,3,2025_matricula,100.0,100.0,3,0 (906); 22 (1); 568 (1)
QT_MAT_EJA_MED_TEC,QT,contagem,matrículas,,,,,,333,351,,,111,,3,2025_matricula,100.0,100.0,1,0 (908)
QT_MAT_ZR_URB,QT,contagem,matrículas,,,,,,361,379,,,258,,3,2025_matricula,100.0,100.0,275,0 (344); 1 (78); 2 (34); 3 (21)
QT_MAT_ZR_RUR,QT,contagem,matrículas,,,,,,362,380,,,259,,3,2025_matricula,100.0,100.0,207,0 (71); 1 (33); 17 (24); 2 (24)
QT_MAT_ZR_NA,QT,contagem,matrículas,,,,,,363,381,,,260,,3,2025_matricula,100.0,100.0,11,0 (886); 1 (11); 2 (3); 117 (1)
QT_TRANSP_PUBLICO,QT,contagem,transporte escolar,,,,,,364,382,,,261,,3,2025_matricula,100.0,100.0,158,0 (466); 17 (12); 7 (11); 2 (10)
QT_TRANSP_RESP_EST,QT,contagem,transporte escolar,,,,,,365,383,,,262,,3,2025_matricula,100.0,100.0,115,0 (703); 7 (6); 1 (5); 17 (5)
QT_TRANSP_RESP_MUN,QT,contagem,transporte escolar,,,,,,366,384,,,263,,3,2025_matricula,100.0,100.0,114,0 (640); 1 (25); 2 (10); 3 (9)
QT_TUR_BAS_D,QT,contagem,turmas,,,,,,399,417,,,,104,3,2025_turma,100.0,100.0,52,1 (165); 2 (128); 7 (72); 4 (41)
QT_TUR_BAS_N,QT,contagem,turmas,,,,,,400,418,,,,107,3,2025_turma,100.0,100.0,17,0 (798); 3 (32); 4 (20); 2 (14)
QT_TUR_BAS_EAD,QT,contagem,turmas,,,,,,401,419,,,,108,3,2025_turma,100.0,100.0,5,0 (899); 1 (4); 2 (3); 3 (1)
QT_TUR_INF_INT,QT,contagem,turmas,,,,,,402,420,,,,175,3,2025_turma,100.0,100.0,11,0 (825); 1 (42); 2 (13); 4 (11)
QT_TUR_INF_CRE_INT,QT,contagem,turmas,,,,,,403,421,,,,176,3,2025_turma,100.0,100.0,11,0 (841); 1 (40); 4 (9); 2 (6)
QT_TUR_INF_PRE_INT,QT,contagem,turmas,,,,,,404,422,,,,177,3,2025_turma,100.0,100.0,6,0 (883); 2 (11); 1 (10); 4 (2)
QT_TUR_FUND_INT,QT,contagem,turmas,,,,,,405,423,,,,178,3,2025_turma,100.0,100.0,9,0 (872); 1 (10); 2 (9); 5 (5)
QT_TUR_FUND_AI_INT,QT,contagem,turmas,,,,,,406,424,,,,179,3,2025_turma,100.0,100.0,8,0 (895); 5 (5); 1 (2); 6 (2)
QT_TUR_FUND_AF_INT,QT,contagem,turmas,,,,,,407,425,,,,180,3,2025_turma,100.0,100.0,7,0 (884); 1 (9); 2 (8); 6 (3)
QT_TUR_MED_INT,QT,contagem,turmas,,,,,,408,426,,,,181,3,2025_turma,100.0,100.0,10,0 (887); 2 (7); 1 (3); 3 (3)
NO_DISTRITO,NO,nome/texto,geografia (IBGE),,,,,,,17,13,13,13,13,5,2025_turma,100.0,100.0,15,Boa Vista (260); Uiramutã (119); Normandia (118); Pacaraima (62)
IN_AGUA_CARRO_PIPA,IN,binária (0/1),"infraestrutura básica (água, energia, esgoto, lixo)",,,,,,,89,,81,,,2,2025,84.3,94.4,1,0 (915)
IN_AREA_PLANTIO,IN,binária (0/1),dependências físicas,,,,,,,110,,102,,,2,2025,84.3,94.4,2,0 (822); 1 (93)
IN_ACESSIBILIDADE_SINALIZACAO,IN,binária (0/1),acessibilidade,,,,,,,158,,150,,,2,2025,84.3,94.4,2,0 (904); 1 (11)
IN_PROF_AGRICOLA,IN,binária (0/1),profissionais não docentes,,,,,,,228,,,,,1,2024,84.0,95.1,2,0 (870); 1 (41)
QT_PROF_AGRICOLA,QT,contagem,profissionais não docentes,,,,,,,229,,205,,,2,2025,84.3,94.4,5,0 (898); 1 (11); 2 (4); 5 (1)
IN_PROF_REVISOR_BRAILLE,IN,binária (0/1),profissionais não docentes,,,,,,,230,,,,,1,2024,84.0,95.1,2,0 (905); 1 (6)
QT_PROF_REVISOR_BRAILLE,QT,contagem,profissionais não docentes,,,,,,,231,,206,,,2,2025,84.3,94.4,3,0 (906); 1 (8); 4 (1)
IN_MATERIAL_PED_AGRICOLA,IN,binária (0/1),materiais pedagógicos,,,,,,,246,,221,,,2,2025,84.3,94.4,2,0 (875); 1 (40)
IN_MATERIAL_PED_QUILOMBOLA,IN,binária (0/1),materiais pedagógicos,,,,,,,247,,222,,,2,2025,84.3,94.4,1,0 (915)
IN_MATERIAL_PED_EDU_ESP,IN,binária (0/1),materiais pedagógicos,,,,,,,248,,223,,,2,2025,84.3,94.4,2,0 (765); 1 (150)
IN_EDUC_AMBIENTAL,IN,binária (0/1),educação ambiental,,,,,,,272,,247,,,2,2025,84.3,94.4,2,0 (571); 1 (344)
IN_EDUC_AMB_CONTEUDO,IN,binária (0/1),educação ambiental,,,,,,,273,,248,,,2,2025,84.3,94.4,3,9 (571); 0 (219); 1 (125)
IN_EDUC_AMB_CURRICULAR,IN,binária (0/1),educação ambiental,,,,,,,274,,249,,,2,2025,84.3,94.4,3,9 (571); 0 (327); 1 (17)
IN_EDUC_AMB_EIXO,IN,binária (0/1),educação ambiental,,,,,,,275,,250,,,2,2025,84.3,94.4,3,9 (571); 0 (318); 1 (26)
IN_EDUC_AMB_EVENTOS,IN,binária (0/1),educação ambiental,,,,,,,276,,251,,,2,2025,84.3,94.4,3,9 (571); 1 (210); 0 (134)
IN_EDUC_AMB_PROJETOS,IN,binária (0/1),educação ambiental,,,,,,,277,,252,,,2,2025,84.3,94.4,3,9 (571); 0 (185); 1 (159)
IN_EDUC_AMB_NENHUMA,IN,binária (0/1),educação ambiental,,,,,,,278,,253,,,2,2025,84.3,94.4,3,9 (571); 0 (334); 1 (10)
NO_SUBDISTRITO,NO,nome/texto,geografia (IBGE),,,,,,,,15,15,15,15,4,2025_turma,0.7,0.0,0,
CO_SUBDISTRITO,CO,código,geografia (IBGE),,,,,,,,16,16,16,16,4,2025_turma,0.7,0.0,0,
CO_REDE,CO,código,identificação e chave,,,,,,,,19,19,19,19,4,2025_turma,100.0,100.0,2,1 (857); 2 (51)
QT_DOC_FUND_AI_1,QT,contagem,docentes,,,,,,,,32,,,,1,2025_docente,100.0,100.0,21,0 (648); 2 (74); 1 (59); 3 (36)
QT_DOC_FUND_AI_2,QT,contagem,docentes,,,,,,,,33,,,,1,2025_docente,100.0,100.0,19,0 (675); 2 (61); 1 (48); 3 (36)
QT_DOC_FUND_AI_3,QT,contagem,docentes,,,,,,,,34,,,,1,2025_docente,100.0,100.0,20,0 (675); 2 (64); 1 (49); 3 (32)
QT_DOC_FUND_AI_4,QT,contagem,docentes,,,,,,,,35,,,,1,2025_docente,100.0,100.0,17,0 (697); 2 (52); 1 (41); 3 (37)
QT_DOC_FUND_AI_5,QT,contagem,docentes,,,,,,,,36,,,,1,2025_docente,100.0,100.0,17,0 (682); 2 (60); 1 (46); 3 (41)
QT_DOC_FUND_AI_MULTIETAPA,QT,contagem,docentes,,,,,,,,37,,,,1,2025_docente,100.0,100.0,4,0 (843); 1 (56); 2 (8); 3 (1)
QT_DOC_FUND_AF_6,QT,contagem,docentes,,,,,,,,39,,,,1,2025_docente,100.0,100.0,23,0 (655); 8 (38); 9 (30); 6 (29)
QT_DOC_FUND_AF_7,QT,contagem,docentes,,,,,,,,40,,,,1,2025_docente,100.0,100.0,24,0 (660); 8 (45); 7 (30); 6 (26)
QT_DOC_FUND_AF_8,QT,contagem,docentes,,,,,,,,41,,,,1,2025_docente,100.0,100.0,23,0 (664); 8 (44); 7 (30); 9 (24)
QT_DOC_FUND_AF_9,QT,contagem,docentes,,,,,,,,42,,,,1,2025_docente,100.0,100.0,21,0 (669); 8 (46); 7 (29); 9 (28)
QT_DOC_FUND_AF_MULTI,QT,contagem,docentes,,,,,,,,43,,,,1,2025_docente,100.0,100.0,9,0 (615); 1 (142); 2 (83); 3 (47)
QT_DOC_FUND_AF_CORRFLUXO,QT,contagem,docentes,,,,,,,,44,,,,1,2025_docente,100.0,100.0,13,0 (888); 10 (6); 11 (2); 12 (2)
QT_DOC_MED_1,QT,contagem,docentes,,,,,,,,46,,,,1,2025_docente,100.0,100.0,28,0 (726); 8 (25); 7 (23); 9 (15)
QT_DOC_MED_2,QT,contagem,docentes,,,,,,,,47,,,,1,2025_docente,100.0,100.0,30,0 (730); 7 (26); 8 (19); 9 (19)
QT_DOC_MED_3,QT,contagem,docentes,,,,,,,,48,,,,1,2025_docente,100.0,100.0,24,0 (734); 8 (26); 9 (25); 11 (19)
QT_DOC_MED_4,QT,contagem,docentes,,,,,,,,49,,,,1,2025_docente,100.0,100.0,3,0 (906); 12 (1); 16 (1)
QT_DOC_MED_NS,QT,contagem,docentes,,,,,,,,50,,,,1,2025_docente,100.0,100.0,1,0 (908)
QT_DOC_MED_PROP,QT,contagem,docentes,,,,,,,,51,,,,1,2025_docente,100.0,100.0,34,0 (738); 9 (20); 7 (18); 8 (18)
QT_DOC_MED_PROP_1,QT,contagem,docentes,,,,,,,,52,,,,1,2025_docente,100.0,100.0,27,0 (743); 7 (23); 8 (22); 9 (14)
QT_DOC_MED_PROP_2,QT,contagem,docentes,,,,,,,,53,,,,1,2025_docente,100.0,100.0,26,0 (752); 7 (23); 9 (17); 8 (16)
QT_DOC_MED_PROP_3,QT,contagem,docentes,,,,,,,,54,,,,1,2025_docente,100.0,100.0,23,0 (748); 8 (25); 9 (24); 11 (18)
QT_DOC_MED_PROP_4,QT,contagem,docentes,,,,,,,,55,,,,1,2025_docente,100.0,100.0,1,0 (908)
QT_DOC_MED_PROP_NS,QT,contagem,docentes,,,,,,,,56,,,,1,2025_docente,100.0,100.0,1,0 (908)
QT_DOC_MED_IFTP_CT,QT,contagem,docentes,,,,,,,,57,,,,1,2025_docente,100.0,100.0,9,0 (899); 13 (2); 11 (1); 17 (1)
QT_DOC_MED_IFTP_CT_1,QT,contagem,docentes,,,,,,,,58,,,,1,2025_docente,100.0,100.0,5,0 (903); 13 (2); 15 (1); 17 (1)
QT_DOC_MED_IFTP_CT_2,QT,contagem,docentes,,,,,,,,59,,,,1,2025_docente,100.0,100.0,8,0 (901); 11 (1); 12 (1); 13 (1)
QT_DOC_MED_IFTP_CT_3,QT,contagem,docentes,,,,,,,,60,,,,1,2025_docente,100.0,100.0,7,0 (901); 13 (2); 11 (1); 12 (1)
QT_DOC_MED_IFTP_CT_4,QT,contagem,docentes,,,,,,,,61,,,,1,2025_docente,100.0,100.0,2,0 (907); 16 (1)
QT_DOC_MED_IFTP_CT_NS,QT,contagem,docentes,,,,,,,,62,,,,1,2025_docente,100.0,100.0,1,0 (908)
QT_DOC_MED_IFTP_QP,QT,contagem,docentes,,,,,,,,63,,,,1,2025_docente,100.0,100.0,16,0 (870); 13 (6); 12 (4); 14 (4)
QT_DOC_MED_IFTP_QP_1,QT,contagem,docentes,,,,,,,,64,,,,1,2025_docente,100.0,100.0,12,0 (883); 13 (4); 14 (4); 12 (3)
QT_DOC_MED_IFTP_QP_2,QT,contagem,docentes,,,,,,,,65,,,,1,2025_docente,100.0,100.0,15,0 (881); 12 (5); 13 (3); 7 (3)
QT_DOC_MED_IFTP_QP_3,QT,contagem,docentes,,,,,,,,66,,,,1,2025_docente,100.0,100.0,9,0 (899); 13 (2); 15 (1); 16 (1)
QT_DOC_MED_IFTP_QP_4,QT,contagem,docentes,,,,,,,,67,,,,1,2025_docente,100.0,100.0,1,0 (908)
QT_DOC_MED_IFTP_QP_NS,QT,contagem,docentes,,,,,,,,68,,,,1,2025_docente,100.0,100.0,1,0 (908)
QT_DOC_MED_NM,QT,contagem,docentes,,,,,,,,69,,,,1,2025_docente,100.0,100.0,2,0 (907); 24 (1)
QT_DOC_MED_NM_1,QT,contagem,docentes,,,,,,,,70,,,,1,2025_docente,100.0,100.0,1,0 (908)
QT_DOC_MED_NM_2,QT,contagem,docentes,,,,,,,,71,,,,1,2025_docente,100.0,100.0,1,0 (908)
QT_DOC_MED_NM_3,QT,contagem,docentes,,,,,,,,72,,,,1,2025_docente,100.0,100.0,2,0 (907); 20 (1)
QT_DOC_MED_NM_4,QT,contagem,docentes,,,,,,,,73,,,,1,2025_docente,100.0,100.0,2,0 (907); 12 (1)
QT_DOC_PROF_TEC_CONC,QT,contagem,docentes,,,,,,,,76,,,,1,2025_docente,100.0,100.0,7,0 (900); 1 (2); 3 (2); 11 (1)
QT_DOC_PROF_TEC_SUBS,QT,contagem,docentes,,,,,,,,77,,,,1,2025_docente,100.0,100.0,7,0 (896); 1 (5); 15 (2); 7 (2)
QT_DOC_PROF_TEC_MISTO,QT,contagem,docentes,,,,,,,,78,,,,1,2025_docente,100.0,100.0,2,0 (907); 11 (1)
QT_DOC_PROF_TEC_IFTP_CT,QT,contagem,docentes,,,,,,,,79,,,,1,2025_docente,100.0,100.0,4,0 (905); 17 (1); 27 (1); 41 (1)
QT_DOC_PROF_NAO_TEC,QT,contagem,docentes,,,,,,,,80,,,,1,2025_docente,100.0,100.0,17,0 (866); 13 (6); 11 (4); 12 (4)
QT_DOC_PROF_IFTP_QP,QT,contagem,docentes,,,,,,,,81,,,,1,2025_docente,100.0,100.0,2,0 (907); 15 (1)
QT_DOC_PROF_FIC_CONC,QT,contagem,docentes,,,,,,,,82,,,,1,2025_docente,100.0,100.0,5,0 (904); 14 (1); 3 (1); 6 (1)
QT_DOC_EJA_FUND_NPROF,QT,contagem,docentes,,,,,,,,85,,,,1,2025_docente,100.0,100.0,16,0 (850); 2 (10); 8 (8); 6 (6)
QT_DOC_EJA_FUND_AI,QT,contagem,docentes,,,,,,,,86,,,,1,2025_docente,100.0,100.0,8,0 (878); 2 (12); 1 (8); 3 (5)
QT_DOC_EJA_FUND_AF,QT,contagem,docentes,,,,,,,,87,,,,1,2025_docente,100.0,100.0,13,0 (871); 8 (8); 6 (7); 10 (5)
QT_DOC_EJA_FUND_FIC,QT,contagem,docentes,,,,,,,,88,,,,1,2025_docente,100.0,100.0,1,0 (908)
QT_DOC_EJA_MED_NPROF,QT,contagem,docentes,,,,,,,,90,,,,1,2025_docente,100.0,100.0,16,0 (850); 10 (9); 11 (9); 9 (7)
QT_DOC_EJA_MED_FIC,QT,contagem,docentes,,,,,,,,91,,,,1,2025_docente,100.0,100.0,3,0 (906); 15 (1); 8 (1)
QT_DOC_EJA_MED_TEC,QT,contagem,docentes,,,,,,,,92,,,,1,2025_docente,100.0,100.0,1,0 (908)
QT_DOC_BAS_FEM,QT,contagem,docentes,,,,,,,,96,,,,1,2025_docente,100.0,100.0,52,1 (165); 0 (104); 2 (98); 4 (56)
QT_DOC_BAS_MASC,QT,contagem,docentes,,,,,,,,97,,,,1,2025_docente,100.0,100.0,31,0 (230); 1 (195); 2 (93); 3 (67)
QT_DOC_BAS_ND,QT,contagem,docentes,,,,,,,,98,,,,1,2025_docente,100.0,100.0,20,0 (457); 1 (160); 2 (81); 3 (60)
QT_DOC_BAS_BRANCA,QT,contagem,docentes,,,,,,,,99,,,,1,2025_docente,100.0,100.0,19,0 (568); 1 (113); 2 (57); 3 (35)
QT_DOC_BAS_PRETA,QT,contagem,docentes,,,,,,,,100,,,,1,2025_docente,100.0,100.0,7,0 (705); 1 (117); 2 (51); 3 (23)
QT_DOC_BAS_PARDA,QT,contagem,docentes,,,,,,,,101,,,,1,2025_docente,100.0,100.0,45,0 (362); 1 (120); 2 (52); 3 (31)
QT_DOC_BAS_AMARELA,QT,contagem,docentes,,,,,,,,102,,,,1,2025_docente,100.0,100.0,3,0 (886); 1 (21); 2 (1)
QT_DOC_BAS_INDIGENA,QT,contagem,docentes,,,,,,,,103,,,,1,2025_docente,100.0,100.0,25,0 (397); 1 (197); 2 (100); 3 (24)
QT_DOC_BAS_0_24,QT,contagem,docentes,,,,,,,,104,,,,1,2025_docente,100.0,100.0,7,0 (788); 1 (91); 2 (19); 3 (7)
QT_DOC_BAS_25_29,QT,contagem,docentes,,,,,,,,105,,,,1,2025_docente,100.0,100.0,12,0 (482); 1 (217); 2 (111); 3 (57)
QT_DOC_BAS_30_39,QT,contagem,docentes,,,,,,,,106,,,,1,2025_docente,100.0,100.0,30,0 (202); 1 (182); 3 (94); 2 (90)
QT_DOC_BAS_40_49,QT,contagem,docentes,,,,,,,,107,,,,1,2025_docente,100.0,100.0,32,0 (198); 1 (189); 2 (87); 3 (70)
QT_DOC_BAS_50_54,QT,contagem,docentes,,,,,,,,108,,,,1,2025_docente,100.0,100.0,13,0 (470); 1 (167); 2 (93); 3 (60)
QT_DOC_BAS_55_59,QT,contagem,docentes,,,,,,,,109,,,,1,2025_docente,100.0,100.0,10,0 (601); 1 (157); 2 (79); 3 (43)
QT_DOC_BAS_60_MAIS,QT,contagem,docentes,,,,,,,,110,,,,1,2025_docente,100.0,100.0,8,0 (723); 1 (124); 2 (35); 3 (18)
QT_DOC_BAS_PCD,QT,contagem,docentes,,,,,,,,111,,,,1,2025_docente,100.0,100.0,4,0 (862); 1 (43); 2 (2); 3 (1)
QT_DOC_BAS_ZR_URB,QT,contagem,docentes,,,,,,,,112,,,,1,2025_docente,100.0,100.0,64,0 (354); 1 (111); 2 (63); 3 (40)
QT_DOC_BAS_ZR_RUR,QT,contagem,docentes,,,,,,,,113,,,,1,2025_docente,100.0,100.0,28,1 (229); 0 (174); 2 (143); 3 (73)
QT_DOC_BAS_ZR_NA,QT,contagem,docentes,,,,,,,,114,,,,1,2025_docente,100.0,100.0,5,0 (876); 1 (27); 2 (2); 3 (2)
QT_DOC_BAS_ESCO_EF,QT,contagem,docentes,,,,,,,,115,,,,1,2025_docente,100.0,100.0,6,0 (867); 1 (26); 2 (8); 4 (3)
QT_DOC_BAS_ESCO_EM,QT,contagem,docentes,,,,,,,,116,,,,1,2025_docente,100.0,100.0,16,0 (299); 1 (257); 2 (131); 3 (58)
QT_DOC_BAS_ESCO_SUP_GRAD,QT,contagem,docentes,,,,,,,,117,,,,1,2025_docente,100.0,100.0,64,0 (200); 1 (125); 2 (63); 3 (42)
QT_DOC_BAS_ESCO_SUP_GRAD_LICEN,QT,contagem,docentes,,,,,,,,118,,,,1,2025_docente,100.0,100.0,62,0 (205); 1 (124); 2 (66); 3 (42)
QT_DOC_BAS_ESCO_SUP_GRAD_SLICEN,QT,contagem,docentes,,,,,,,,119,,,,1,2025_docente,100.0,100.0,14,0 (719); 1 (113); 2 (37); 3 (18)
QT_DOC_BAS_ESCO_SUP_POS_ESPEC,QT,contagem,docentes,,,,,,,,120,,,,1,2025_docente,100.0,100.0,40,0 (382); 1 (100); 2 (63); 4 (39)
QT_DOC_BAS_ESCO_SUP_POS_MESTRA,QT,contagem,docentes,,,,,,,,121,,,,1,2025_docente,100.0,100.0,19,0 (712); 1 (90); 2 (33); 3 (24)
QT_DOC_BAS_ESCO_SUP_POS_DOUTO,QT,contagem,docentes,,,,,,,,122,,,,1,2025_docente,100.0,100.0,9,0 (863); 1 (28); 2 (9); 14 (2)
QT_DOC_BAS_ESCO_SUP_POS_NENHUM,QT,contagem,docentes,,,,,,,,123,,,,1,2025_docente,100.0,100.0,33,0 (263); 1 (143); 2 (84); 3 (62)
QT_DOC_BAS_VINCULO_CONCUR,QT,contagem,docentes,,,,,,,,124,,,,1,2025_docente,100.0,100.0,57,0 (304); 1 (120); 2 (62); 3 (37)
QT_DOC_BAS_VINCULO_CONTRA,QT,contagem,docentes,,,,,,,,125,,,,1,2025_docente,100.0,100.0,29,0 (196); 1 (173); 2 (115); 4 (71)
QT_DOC_BAS_VINCULO_TERCEIR,QT,contagem,docentes,,,,,,,,126,,,,1,2025_docente,100.0,100.0,2,0 (896); 1 (12)
QT_DOC_BAS_VINCULO_CLT,QT,contagem,docentes,,,,,,,,127,,,,1,2025_docente,100.0,100.0,3,0 (905); 1 (2); 6 (1)
QT_DOC_BAS_DOCENTE,QT,contagem,docentes,,,,,,,,128,,,,1,2025_docente,100.0,100.0,66,1 (165); 2 (127); 3 (45); 4 (35)
QT_DOC_BAS_AUXILIAR,QT,contagem,docentes,,,,,,,,129,,,,1,2025_docente,100.0,100.0,28,0 (632); 1 (74); 2 (32); 3 (31)
QT_DOC_BAS_PROFI_MONITOR,QT,contagem,docentes,,,,,,,,130,,,,1,2025_docente,100.0,100.0,8,0 (889); 2 (5); 3 (5); 1 (4)
QT_DOC_BAS_TRADUTOR_LIBRAS,QT,contagem,docentes,,,,,,,,131,,,,1,2025_docente,100.0,100.0,5,0 (895); 1 (10); 2 (1); 4 (1)
QT_DOC_BAS_TITULAR_EAD,QT,contagem,docentes,,,,,,,,132,,,,1,2025_docente,100.0,100.0,4,0 (901); 1 (4); 4 (2); 5 (1)
QT_DOC_BAS_TUTOR_AUX_EAD,QT,contagem,docentes,,,,,,,,133,,,,1,2025_docente,100.0,100.0,2,0 (907); 6 (1)
QT_DOC_BAS_GUIA_INTERPRETE,QT,contagem,docentes,,,,,,,,134,,,,1,2025_docente,100.0,100.0,1,0 (908)
QT_DOC_BAS_APOIO_PCD,QT,contagem,docentes,,,,,,,,135,,,,1,2025_docente,100.0,100.0,30,0 (635); 1 (50); 2 (47); 3 (25)
QT_DOC_BAS_INSTRUTOR_EP,QT,contagem,docentes,,,,,,,,136,,,,1,2025_docente,100.0,100.0,3,0 (905); 1 (2); 3 (1)
QT_DOC_BAS_ESPEC_CRE,QT,contagem,docentes,,,,,,,,137,,,,1,2025_docente,100.0,100.0,9,0 (677); 1 (136); 2 (48); 3 (25)
QT_DOC_BAS_ESPEC_PRE_ESCOLA,QT,contagem,docentes,,,,,,,,138,,,,1,2025_docente,100.0,100.0,12,0 (559); 1 (153); 2 (84); 3 (48)
QT_DOC_BAS_ESPEC_ANOS_INICIAIS,QT,contagem,docentes,,,,,,,,139,,,,1,2025_docente,100.0,100.0,19,0 (463); 1 (158); 2 (91); 3 (63)
QT_DOC_BAS_ESPEC_ANOS_FINAIS,QT,contagem,docentes,,,,,,,,140,,,,1,2025_docente,100.0,100.0,16,0 (603); 1 (130); 2 (58); 3 (50)
QT_DOC_BAS_ESPEC_ENS_MEDIO,QT,contagem,docentes,,,,,,,,141,,,,1,2025_docente,100.0,100.0,14,0 (639); 1 (126); 2 (54); 3 (33)
QT_DOC_BAS_ESPEC_EJA,QT,contagem,docentes,,,,,,,,142,,,,1,2025_docente,100.0,100.0,15,0 (611); 1 (135); 2 (70); 3 (30)
QT_DOC_BAS_ESPEC_ED_ESPECIAL,QT,contagem,docentes,,,,,,,,143,,,,1,2025_docente,100.0,100.0,21,0 (474); 1 (144); 2 (87); 3 (63)
QT_DOC_BAS_ESPEC_BIL_SURDOS,QT,contagem,docentes,,,,,,,,144,,,,1,2025_docente,100.0,100.0,4,0 (863); 1 (39); 2 (5); 4 (1)
QT_DOC_BAS_ESPEC_ED_INDIGENA,QT,contagem,docentes,,,,,,,,145,,,,1,2025_docente,100.0,100.0,12,0 (661); 1 (159); 2 (51); 3 (15)
QT_DOC_BAS_ESPEC_CAMPO,QT,contagem,docentes,,,,,,,,146,,,,1,2025_docente,100.0,100.0,6,0 (747); 1 (104); 2 (32); 3 (19)
QT_DOC_BAS_ESPEC_AMBIENTAL,QT,contagem,docentes,,,,,,,,147,,,,1,2025_docente,100.0,100.0,7,0 (733); 1 (117); 2 (38); 3 (14)
QT_DOC_BAS_ESPEC_DIR_HUMANOS,QT,contagem,docentes,,,,,,,,148,,,,1,2025_docente,100.0,100.0,5,0 (781); 1 (92); 2 (28); 3 (6)
QT_DOC_BAS_ESPEC_DIV_SEXUAL,QT,contagem,docentes,,,,,,,,149,,,,1,2025_docente,100.0,100.0,5,0 (861); 1 (42); 2 (3); 3 (1)
QT_DOC_BAS_ESPEC_DIR_ADOLESC,QT,contagem,docentes,,,,,,,,150,,,,1,2025_docente,100.0,100.0,7,0 (747); 1 (106); 2 (33); 3 (14)
QT_DOC_BAS_ESPEC_AFRO,QT,contagem,docentes,,,,,,,,151,,,,1,2025_docente,100.0,100.0,5,0 (821); 1 (72); 2 (11); 3 (3)
QT_DOC_BAS_ESPEC_GESTAO,QT,contagem,docentes,,,,,,,,152,,,,1,2025_docente,100.0,100.0,9,0 (647); 1 (155); 2 (58); 3 (26)
QT_DOC_BAS_ESPEC_EDUC_TIC,QT,contagem,docentes,,,,,,,,153,,,,1,2025_docente,100.0,100.0,8,0 (828); 1 (49); 2 (18); 3 (5)
QT_DOC_BAS_ESPEC_OUTROS,QT,contagem,docentes,,,,,,,,154,,,,1,2025_docente,100.0,100.0,32,0 (255); 1 (154); 2 (100); 3 (62)
QT_DOC_BAS_ESPEC_NENHUM,QT,contagem,docentes,,,,,,,,155,,,,1,2025_docente,100.0,100.0,38,1 (181); 0 (163); 2 (94); 3 (71)
QT_DOC_BAS_DISC_LINGUA_PORT,QT,contagem,docentes,,,,,,,,156,,,,1,2025_docente,100.0,100.0,39,0 (235); 1 (150); 2 (120); 3 (82)
QT_DOC_BAS_DISC_EDUC_FISICA,QT,contagem,docentes,,,,,,,,157,,,,1,2025_docente,100.0,100.0,19,0 (246); 1 (235); 2 (154); 3 (86)
QT_DOC_BAS_DISC_ARTES,QT,contagem,docentes,,,,,,,,158,,,,1,2025_docente,100.0,100.0,26,0 (235); 1 (197); 2 (150); 3 (79)
QT_DOC_BAS_DISC_LINGUA_ING,QT,contagem,docentes,,,,,,,,159,,,,1,2025_docente,100.0,100.0,8,0 (768); 1 (75); 2 (40); 3 (17)
QT_DOC_BAS_DISC_LINGUA_ESPA,QT,contagem,docentes,,,,,,,,160,,,,1,2025_docente,100.0,100.0,7,0 (669); 1 (127); 2 (74); 3 (26)
QT_DOC_BAS_DISC_LINGUA_FRANC,QT,contagem,docentes,,,,,,,,161,,,,1,2025_docente,100.0,100.0,2,0 (907); 1 (1)
QT_DOC_BAS_DISC_LINGUA_OUTRA,QT,contagem,docentes,,,,,,,,162,,,,1,2025_docente,100.0,100.0,2,0 (904); 1 (4)
QT_DOC_BAS_DISC_LIBRAS,QT,contagem,docentes,,,,,,,,163,,,,1,2025_docente,100.0,100.0,2,0 (906); 1 (2)
QT_DOC_BAS_DISC_LINGUA_INDIG,QT,contagem,docentes,,,,,,,,164,,,,1,2025_docente,100.0,100.0,10,0 (616); 1 (138); 2 (79); 3 (40)
QT_DOC_BAS_DISC_PORT_SEG_LINGUA,QT,contagem,docentes,,,,,,,,165,,,,1,2025_docente,100.0,100.0,9,0 (882); 1 (11); 2 (4); 4 (4)
QT_DOC_BAS_DISC_MATEMATICA,QT,contagem,docentes,,,,,,,,166,,,,1,2025_docente,100.0,100.0,40,0 (215); 1 (158); 2 (125); 3 (76)
QT_DOC_BAS_DISC_CIENCIAS,QT,contagem,docentes,,,,,,,,167,,,,1,2025_docente,100.0,100.0,41,0 (233); 1 (196); 2 (131); 3 (79)
QT_DOC_BAS_DISC_FISICA,QT,contagem,docentes,,,,,,,,168,,,,1,2025_docente,100.0,100.0,7,0 (712); 1 (141); 2 (42); 3 (4)
QT_DOC_BAS_DISC_QUIMICA,QT,contagem,docentes,,,,,,,,169,,,,1,2025_docente,100.0,100.0,8,0 (711); 1 (130); 2 (49); 3 (10)
QT_DOC_BAS_DISC_BIOLOGIA,QT,contagem,docentes,,,,,,,,170,,,,1,2025_docente,100.0,100.0,7,0 (709); 1 (131); 2 (46); 3 (15)
QT_DOC_BAS_DISC_HISTORIA,QT,contagem,docentes,,,,,,,,171,,,,1,2025_docente,100.0,100.0,39,0 (217); 1 (189); 2 (134); 3 (83)
QT_DOC_BAS_DISC_GEOGRAFIA,QT,contagem,docentes,,,,,,,,172,,,,1,2025_docente,100.0,100.0,39,0 (217); 1 (190); 2 (133); 3 (81)
QT_DOC_BAS_DISC_SOCIOLOGIA,QT,contagem,docentes,,,,,,,,173,,,,1,2025_docente,100.0,100.0,6,0 (719); 1 (127); 2 (47); 3 (11)
QT_DOC_BAS_DISC_FILOSOFIA,QT,contagem,docentes,,,,,,,,174,,,,1,2025_docente,100.0,100.0,7,0 (716); 1 (117); 2 (55); 3 (17)
QT_DOC_BAS_DISC_EST_SOCIAIS,QT,contagem,docentes,,,,,,,,175,,,,1,2025_docente,100.0,100.0,4,0 (900); 1 (5); 2 (2); 5 (1)
QT_DOC_BAS_DISC_EST_SOCIAIS_SOCI,QT,contagem,docentes,,,,,,,,176,,,,1,2025_docente,100.0,100.0,6,0 (712); 1 (131); 2 (48); 3 (12)
QT_DOC_BAS_DISC_INFO_COMPUTACAO,QT,contagem,docentes,,,,,,,,177,,,,1,2025_docente,100.0,100.0,6,0 (893); 1 (9); 2 (3); 4 (1)
QT_DOC_BAS_DISC_ENSINO_RELIGIOSO,QT,contagem,docentes,,,,,,,,178,,,,1,2025_docente,100.0,100.0,25,0 (377); 1 (189); 2 (108); 3 (55)
QT_DOC_BAS_DISC_PROFISSIONA,QT,contagem,docentes,,,,,,,,179,,,,1,2025_docente,100.0,100.0,10,0 (893); 1 (5); 18 (3); 10 (1)
QT_DOC_BAS_DISC_ESTAGIO_SUPER,QT,contagem,docentes,,,,,,,,180,,,,1,2025_docente,100.0,100.0,6,0 (899); 1 (3); 4 (3); 16 (1)
QT_DOC_BAS_DISC_PEDAGOGICAS,QT,contagem,docentes,,,,,,,,181,,,,1,2025_docente,100.0,100.0,2,0 (907); 17 (1)
QT_DOC_BAS_DISC_PROJETO_DE_VIDA,QT,contagem,docentes,,,,,,,,182,,,,1,2025_docente,100.0,100.0,5,0 (876); 1 (21); 2 (9); 3 (1)
QT_DOC_BAS_DISC_OUTRAS,QT,contagem,docentes,,,,,,,,183,,,,1,2025_docente,100.0,100.0,21,0 (541); 1 (113); 2 (74); 4 (31)
QT_DOC_BAS_LIBRAS,QT,contagem,docentes,,,,,,,,184,,,,1,2025_docente,100.0,100.0,1,0 (908)
QT_SALAS_LEITURA,QT,contagem,dependências físicas,,,,,,,,,156,,,1,2025,84.3,94.4,20,0 (693); 1 (89); 2 (19); 6 (19)
TP_ITINERARIO_FORMATIVO,TP,categórica codificada,organização do ensino e gestão,,,,,,,,,256,,,1,2025,84.3,94.4,2,0 (818); 1 (97)
IN_ITINERARIO_APROFUNDAMENTO,IN,binária (0/1),organização do ensino e gestão,,,,,,,,,257,,,1,2025,84.3,94.4,2,0 (825); 1 (90)
IN_ITINERARIO_TECN_PROF,IN,binária (0/1),organização do ensino e gestão,,,,,,,,,258,,,1,2025,84.3,94.4,2,0 (869); 1 (46)
IN_ESPECIAL_EXCLUSIVA,IN,binária (0/1),"oferta (etapas, modalidades, turnos)",,,,,,,,,263,,,1,2025,84.3,94.4,2,0 (905); 1 (10)
IN_PROFISSIONALIZANTE,IN,binária (0/1),"oferta (etapas, modalidades, turnos)",,,,,,,,,266,,,1,2025,83.5,93.7,2,0 (851); 1 (57)
IN_COMUM_CRECHE,IN,binária (0/1),"oferta (etapas, modalidades, turnos)",,,,,,,,,267,,,1,2025,84.3,94.4,2,0 (681); 1 (234)
IN_COMUM_PRE,IN,binária (0/1),"oferta (etapas, modalidades, turnos)",,,,,,,,,268,,,1,2025,84.3,94.4,2,0 (515); 1 (400)
IN_COMUM_FUND_AI,IN,binária (0/1),"oferta (etapas, modalidades, turnos)",,,,,,,,,269,,,1,2025,84.3,94.4,2,1 (546); 0 (369)
IN_COMUM_FUND_AF,IN,binária (0/1),"oferta (etapas, modalidades, turnos)",,,,,,,,,270,,,1,2025,84.3,94.4,2,0 (658); 1 (257)
IN_COMUM_MEDIO_MEDIO,IN,binária (0/1),"oferta (etapas, modalidades, turnos)",,,,,,,,,271,,,1,2025,84.3,94.4,2,0 (745); 1 (170)
IN_COMUM_MEDIO_INTEGRADO,IN,binária (0/1),"oferta (etapas, modalidades, turnos)",,,,,,,,,272,,,1,2025,84.3,94.4,2,0 (905); 1 (10)
IN_COMUM_MEDIO_FIC,IN,binária (0/1),"oferta (etapas, modalidades, turnos)",,,,,,,,,273,,,1,2025,84.3,94.4,2,0 (877); 1 (38)
IN_COMUM_MEDIO_NORMAL,IN,binária (0/1),"oferta (etapas, modalidades, turnos)",,,,,,,,,274,,,1,2025,84.3,94.4,2,0 (914); 1 (1)
IN_ESP_EXCLUSIVA_CRECHE,IN,binária (0/1),"oferta (etapas, modalidades, turnos)",,,,,,,,,275,,,1,2025,84.3,94.4,2,0 (909); 1 (6)
IN_ESP_EXCLUSIVA_PRE,IN,binária (0/1),"oferta (etapas, modalidades, turnos)",,,,,,,,,276,,,1,2025,84.3,94.4,2,0 (912); 1 (3)
IN_ESP_EXCLUSIVA_FUND_AI,IN,binária (0/1),"oferta (etapas, modalidades, turnos)",,,,,,,,,277,,,1,2025,84.3,94.4,2,0 (913); 1 (2)
IN_ESP_EXCLUSIVA_FUND_AF,IN,binária (0/1),"oferta (etapas, modalidades, turnos)",,,,,,,,,278,,,1,2025,84.3,94.4,1,0 (915)
IN_ESP_EXCLUSIVA_MEDIO_MEDIO,IN,binária (0/1),"oferta (etapas, modalidades, turnos)",,,,,,,,,279,,,1,2025,84.3,94.4,1,0 (915)
IN_ESP_EXCLUSIVA_MEDIO_INTEGR,IN,binária (0/1),"oferta (etapas, modalidades, turnos)",,,,,,,,,280,,,1,2025,84.3,94.4,1,0 (915)
IN_ESP_EXCLUSIVA_MEDIO_FIC,IN,binária (0/1),"oferta (etapas, modalidades, turnos)",,,,,,,,,281,,,1,2025,84.3,94.4,1,0 (915)
IN_ESP_EXCLUSIVA_MEDIO_NORMAL,IN,binária (0/1),"oferta (etapas, modalidades, turnos)",,,,,,,,,282,,,1,2025,84.3,94.4,1,0 (915)
IN_COMUM_EJA_FUND,IN,binária (0/1),"oferta (etapas, modalidades, turnos)",,,,,,,,,283,,,1,2025,84.3,94.4,2,0 (857); 1 (58)
IN_COMUM_EJA_MEDIO,IN,binária (0/1),"oferta (etapas, modalidades, turnos)",,,,,,,,,284,,,1,2025,84.3,94.4,2,0 (855); 1 (60)
IN_COMUM_EJA_PROF,IN,binária (0/1),"oferta (etapas, modalidades, turnos)",,,,,,,,,285,,,1,2025,84.3,94.4,2,0 (913); 1 (2)
IN_ESP_EXCLUSIVA_EJA_FUND,IN,binária (0/1),"oferta (etapas, modalidades, turnos)",,,,,,,,,286,,,1,2025,84.3,94.4,1,0 (915)
IN_ESP_EXCLUSIVA_EJA_MEDIO,IN,binária (0/1),"oferta (etapas, modalidades, turnos)",,,,,,,,,287,,,1,2025,84.3,94.4,1,0 (915)
IN_ESP_EXCLUSIVA_EJA_PROF,IN,binária (0/1),"oferta (etapas, modalidades, turnos)",,,,,,,,,288,,,1,2025,84.3,94.4,1,0 (915)
IN_COMUM_PROF,IN,binária (0/1),"oferta (etapas, modalidades, turnos)",,,,,,,,,289,,,1,2025,84.3,94.4,2,0 (899); 1 (16)
IN_ESP_EXCLUSIVA_PROF,IN,binária (0/1),"oferta (etapas, modalidades, turnos)",,,,,,,,,290,,,1,2025,84.3,94.4,1,0 (915)
QT_MAT_MED_1,QT,contagem,matrículas,,,,,,,,,,43,,1,2025_matricula,100.0,100.0,88,0 (726); 11 (7); 18 (7); 4 (7)
QT_MAT_MED_2,QT,contagem,matrículas,,,,,,,,,,44,,1,2025_matricula,100.0,100.0,81,0 (730); 7 (8); 14 (7); 9 (7)
QT_MAT_MED_3,QT,contagem,matrículas,,,,,,,,,,45,,1,2025_matricula,100.0,100.0,78,0 (734); 12 (10); 10 (8); 5 (8)
QT_MAT_MED_4,QT,contagem,matrículas,,,,,,,,,,46,,1,2025_matricula,100.0,100.0,3,0 (906); 165 (1); 41 (1)
QT_MAT_MED_NS,QT,contagem,matrículas,,,,,,,,,,47,,1,2025_matricula,100.0,100.0,1,0 (908)
QT_MAT_MED_IFTP_CT,QT,contagem,matrículas,,,,,,,,,,54,,1,2025_matricula,100.0,100.0,11,0 (898); 1 (1); 117 (1); 19 (1)
QT_MAT_MED_IFTP_CT_MT,QT,contagem,matrículas,,,,,,,,,,55,,1,2025_matricula,100.0,100.0,10,0 (899); 117 (1); 19 (1); 196 (1)
QT_MAT_MED_IFTP_CT_OTME,QT,contagem,matrículas,,,,,,,,,,56,,1,2025_matricula,100.0,100.0,1,0 (908)
QT_MAT_MED_IFTP_CT_OE,QT,contagem,matrículas,,,,,,,,,,57,,1,2025_matricula,100.0,100.0,2,0 (907); 1 (1)
QT_MAT_MED_IFTP_CT_1,QT,contagem,matrículas,,,,,,,,,,58,,1,2025_matricula,100.0,100.0,7,0 (902); 1 (1); 195 (1); 35 (1)
QT_MAT_MED_IFTP_CT_2,QT,contagem,matrículas,,,,,,,,,,59,,1,2025_matricula,100.0,100.0,8,0 (901); 183 (1); 21 (1); 29 (1)
QT_MAT_MED_IFTP_CT_3,QT,contagem,matrículas,,,,,,,,,,60,,1,2025_matricula,100.0,100.0,8,0 (901); 108 (1); 15 (1); 19 (1)
QT_MAT_MED_IFTP_CT_4,QT,contagem,matrículas,,,,,,,,,,61,,1,2025_matricula,100.0,100.0,2,0 (907); 41 (1)
QT_MAT_MED_IFTP_CT_NS,QT,contagem,matrículas,,,,,,,,,,62,,1,2025_matricula,100.0,100.0,1,0 (908)
QT_MAT_MED_IFTP_QP,QT,contagem,matrículas,,,,,,,,,,63,,1,2025_matricula,100.0,100.0,34,0 (870); 23 (3); 17 (2); 25 (2)
QT_MAT_MED_IFTP_QP_MT,QT,contagem,matrículas,,,,,,,,,,64,,1,2025_matricula,100.0,100.0,34,0 (870); 23 (3); 17 (2); 25 (2)
QT_MAT_MED_IFTP_QP_OTME,QT,contagem,matrículas,,,,,,,,,,65,,1,2025_matricula,100.0,100.0,1,0 (908)
QT_MAT_MED_IFTP_QP_OE,QT,contagem,matrículas,,,,,,,,,,66,,1,2025_matricula,100.0,100.0,1,0 (908)
QT_MAT_MED_IFTP_QP_1,QT,contagem,matrículas,,,,,,,,,,67,,1,2025_matricula,100.0,100.0,19,0 (883); 25 (3); 28 (3); 17 (2)
QT_MAT_MED_IFTP_QP_2,QT,contagem,matrículas,,,,,,,,,,68,,1,2025_matricula,100.0,100.0,24,0 (881); 23 (3); 26 (2); 35 (2)
QT_MAT_MED_IFTP_QP_3,QT,contagem,matrículas,,,,,,,,,,69,,1,2025_matricula,100.0,100.0,9,0 (899); 15 (2); 13 (1); 18 (1)
QT_MAT_MED_IFTP_QP_4,QT,contagem,matrículas,,,,,,,,,,70,,1,2025_matricula,100.0,100.0,1,0 (908)
QT_MAT_MED_IFTP_QP_NS,QT,contagem,matrículas,,,,,,,,,,71,,1,2025_matricula,100.0,100.0,1,0 (908)
QT_MAT_MED_IFA,QT,contagem,matrículas,,,,,,,,,,77,,1,2025_matricula,100.0,100.0,76,0 (818); 25 (3); 101 (2); 102 (2)
QT_MAT_MED_IFA_LING,QT,contagem,matrículas,,,,,,,,,,78,,1,2025_matricula,100.0,100.0,66,0 (836); 11 (2); 146 (2); 170 (2)
QT_MAT_MED_IFA_LING_MT,QT,contagem,matrículas,,,,,,,,,,79,,1,2025_matricula,100.0,100.0,65,0 (837); 11 (2); 146 (2); 170 (2)
QT_MAT_MED_IFA_LING_OTME,QT,contagem,matrículas,,,,,,,,,,80,,1,2025_matricula,100.0,100.0,2,0 (907); 71 (1)
QT_MAT_MED_IFA_LING_OE,QT,contagem,matrículas,,,,,,,,,,81,,1,2025_matricula,100.0,100.0,1,0 (908)
QT_MAT_MED_IFA_MATE,QT,contagem,matrículas,,,,,,,,,,82,,1,2025_matricula,100.0,100.0,57,0 (843); 103 (3); 19 (3); 10 (2)
QT_MAT_MED_IFA_MATE_MT,QT,contagem,matrículas,,,,,,,,,,83,,1,2025_matricula,100.0,100.0,57,0 (844); 103 (3); 19 (3); 10 (2)
QT_MAT_MED_IFA_MATE_OTME,QT,contagem,matrículas,,,,,,,,,,84,,1,2025_matricula,100.0,100.0,2,0 (907); 69 (1)
QT_MAT_MED_IFA_MATE_OE,QT,contagem,matrículas,,,,,,,,,,85,,1,2025_matricula,100.0,100.0,1,0 (908)
QT_MAT_MED_IFA_CIENC,QT,contagem,matrículas,,,,,,,,,,86,,1,2025_matricula,100.0,100.0,59,0 (838); 17 (3); 25 (3); 28 (3)
QT_MAT_MED_IFA_CIENC_MT,QT,contagem,matrículas,,,,,,,,,,87,,1,2025_matricula,100.0,100.0,58,0 (839); 17 (3); 25 (3); 28 (3)
QT_MAT_MED_IFA_CIENC_OTME,QT,contagem,matrículas,,,,,,,,,,88,,1,2025_matricula,100.0,100.0,2,0 (907); 62 (1)
QT_MAT_MED_IFA_CIENC_OE,QT,contagem,matrículas,,,,,,,,,,89,,1,2025_matricula,100.0,100.0,1,0 (908)
QT_MAT_MED_IFA_HUMA,QT,contagem,matrículas,,,,,,,,,,90,,1,2025_matricula,100.0,100.0,52,0 (850); 17 (2); 170 (2); 18 (2)
QT_MAT_MED_IFA_HUMA_MT,QT,contagem,matrículas,,,,,,,,,,91,,1,2025_matricula,100.0,100.0,52,0 (851); 17 (2); 170 (2); 18 (2)
QT_MAT_MED_IFA_HUMA_OTME,QT,contagem,matrículas,,,,,,,,,,92,,1,2025_matricula,100.0,100.0,2,0 (907); 32 (1)
QT_MAT_MED_IFA_HUMA_OE,QT,contagem,matrículas,,,,,,,,,,93,,1,2025_matricula,100.0,100.0,1,0 (908)
QT_MAT_PROF_TEC_IFTP_CT,QT,contagem,matrículas,,,,,,,,,,98,,1,2025_matricula,100.0,100.0,4,0 (905); 308 (1); 314 (1); 55 (1)
QT_MAT_PROF_NAO_TEC,QT,contagem,matrículas,,,,,,,,,,99,,1,2025_matricula,100.0,100.0,38,0 (866); 23 (3); 17 (2); 25 (2)
QT_MAT_PROF_IFTP_QP,QT,contagem,matrículas,,,,,,,,,,100,,1,2025_matricula,100.0,100.0,2,0 (907); 96 (1)
QT_MAT_EJA_FUND_NPROF,QT,contagem,matrículas,,,,,,,,,,104,,1,2025_matricula,100.0,100.0,43,0 (850); 28 (3); 9 (3); 10 (2)
QT_MAT_ESP_INF,QT,contagem,matrículas,,,,,,,,,,113,,1,2025_matricula,100.0,100.0,40,0 (662); 1 (67); 2 (42); 3 (19)
QT_MAT_ESP_INF_CRE,QT,contagem,matrículas,,,,,,,,,,114,,1,2025_matricula,100.0,100.0,20,0 (783); 1 (31); 2 (25); 3 (14)
QT_MAT_ESP_INF_PRE,QT,contagem,matrículas,,,,,,,,,,115,,1,2025_matricula,100.0,100.0,36,0 (737); 1 (55); 2 (24); 3 (12)
QT_MAT_ESP_FUND,QT,contagem,matrículas,,,,,,,,,,116,,1,2025_matricula,100.0,100.0,65,0 (527); 1 (94); 2 (47); 3 (32)
QT_MAT_ESP_FUND_AI,QT,contagem,matrículas,,,,,,,,,,117,,1,2025_matricula,100.0,100.0,55,0 (662); 1 (81); 2 (33); 3 (20)
QT_MAT_ESP_FUND_AF,QT,contagem,matrículas,,,,,,,,,,118,,1,2025_matricula,100.0,100.0,42,0 (725); 1 (37); 2 (20); 3 (16)
QT_MAT_ESP_MED,QT,contagem,matrículas,,,,,,,,,,119,,1,2025_matricula,100.0,100.0,28,0 (784); 1 (28); 2 (24); 3 (10)
QT_MAT_ESP_PROF,QT,contagem,matrículas,,,,,,,,,,120,,1,2025_matricula,100.0,100.0,15,0 (865); 1 (12); 2 (10); 3 (3)
QT_MAT_ESP_PROF_TEC,QT,contagem,matrículas,,,,,,,,,,121,,1,2025_matricula,100.0,100.0,10,0 (893); 6 (4); 5 (3); 2 (2)
QT_MAT_ESP_EJA,QT,contagem,matrículas,,,,,,,,,,122,,1,2025_matricula,100.0,100.0,8,0 (876); 1 (14); 2 (10); 3 (3)
QT_MAT_ESP_EJA_FUND,QT,contagem,matrículas,,,,,,,,,,123,,1,2025_matricula,100.0,100.0,5,0 (889); 1 (10); 2 (6); 3 (2)
QT_MAT_ESP_EJA_MED,QT,contagem,matrículas,,,,,,,,,,124,,1,2025_matricula,100.0,100.0,8,0 (889); 1 (9); 2 (5); 3 (1)
QT_MAT_ESP_CC_INF,QT,contagem,matrículas,,,,,,,,,,126,,1,2025_matricula,100.0,100.0,38,0 (662); 1 (69); 2 (43); 3 (19)
QT_MAT_ESP_CC_INF_CRE,QT,contagem,matrículas,,,,,,,,,,127,,1,2025_matricula,100.0,100.0,20,0 (783); 1 (33); 2 (25); 3 (14)
QT_MAT_ESP_CC_INF_PRE,QT,contagem,matrículas,,,,,,,,,,128,,1,2025_matricula,100.0,100.0,36,0 (737); 1 (55); 2 (25); 3 (12)
QT_MAT_ESP_CC_FUND,QT,contagem,matrículas,,,,,,,,,,129,,1,2025_matricula,100.0,100.0,65,0 (528); 1 (94); 2 (46); 3 (32)
QT_MAT_ESP_CC_FUND_AI,QT,contagem,matrículas,,,,,,,,,,130,,1,2025_matricula,100.0,100.0,55,0 (663); 1 (81); 2 (32); 3 (20)
QT_MAT_ESP_CC_FUND_AF,QT,contagem,matrículas,,,,,,,,,,131,,1,2025_matricula,100.0,100.0,42,0 (725); 1 (37); 2 (20); 3 (16)
QT_MAT_ESP_CC_MED,QT,contagem,matrículas,,,,,,,,,,132,,1,2025_matricula,100.0,100.0,28,0 (784); 1 (28); 2 (24); 3 (10)
QT_MAT_ESP_CC_PROF,QT,contagem,matrículas,,,,,,,,,,133,,1,2025_matricula,100.0,100.0,15,0 (865); 1 (12); 2 (10); 3 (3)
QT_MAT_ESP_CC_PROF_TEC,QT,contagem,matrículas,,,,,,,,,,134,,1,2025_matricula,100.0,100.0,10,0 (893); 6 (4); 5 (3); 2 (2)
QT_MAT_ESP_CC_EJA,QT,contagem,matrículas,,,,,,,,,,135,,1,2025_matricula,100.0,100.0,8,0 (876); 1 (14); 2 (10); 3 (3)
QT_MAT_ESP_CC_EJA_FUND,QT,contagem,matrículas,,,,,,,,,,136,,1,2025_matricula,100.0,100.0,5,0 (889); 1 (10); 2 (6); 3 (2)
QT_MAT_ESP_CC_EJA_MED,QT,contagem,matrículas,,,,,,,,,,137,,1,2025_matricula,100.0,100.0,8,0 (889); 1 (9); 2 (5); 3 (1)
QT_MAT_ESP_CE_INF,QT,contagem,matrículas,,,,,,,,,,139,,1,2025_matricula,100.0,100.0,7,0 (899); 2 (3); 1 (2); 24 (1)
QT_MAT_ESP_CE_INF_CRE,QT,contagem,matrículas,,,,,,,,,,140,,1,2025_matricula,100.0,100.0,5,0 (902); 1 (2); 2 (2); 32 (1)
QT_MAT_ESP_CE_INF_PRE,QT,contagem,matrículas,,,,,,,,,,141,,1,2025_matricula,100.0,100.0,4,0 (905); 2 (1); 24 (1); 5 (1)
QT_MAT_ESP_CE_FUND,QT,contagem,matrículas,,,,,,,,,,142,,1,2025_matricula,100.0,100.0,2,0 (906); 1 (2)
QT_MAT_ESP_CE_FUND_AI,QT,contagem,matrículas,,,,,,,,,,143,,1,2025_matricula,100.0,100.0,2,0 (906); 1 (2)
QT_MAT_ESP_CE_FUND_AF,QT,contagem,matrículas,,,,,,,,,,144,,1,2025_matricula,100.0,100.0,1,0 (908)
QT_MAT_ESP_CE_MED,QT,contagem,matrículas,,,,,,,,,,145,,1,2025_matricula,100.0,100.0,1,0 (908)
QT_MAT_ESP_CE_PROF,QT,contagem,matrículas,,,,,,,,,,146,,1,2025_matricula,100.0,100.0,1,0 (908)
QT_MAT_ESP_CE_PROF_TEC,QT,contagem,matrículas,,,,,,,,,,147,,1,2025_matricula,100.0,100.0,1,0 (908)
QT_MAT_ESP_CE_EJA,QT,contagem,matrículas,,,,,,,,,,148,,1,2025_matricula,100.0,100.0,1,0 (908)
QT_MAT_ESP_CE_EJA_FUND,QT,contagem,matrículas,,,,,,,,,,149,,1,2025_matricula,100.0,100.0,1,0 (908)
QT_MAT_ESP_CE_EJA_MED,QT,contagem,matrículas,,,,,,,,,,150,,1,2025_matricula,100.0,100.0,1,0 (908)
QT_MAT_BAS_0_3_REF_31_03,QT,contagem,matrículas,,,,,,,,,,165,,1,2025_matricula,100.0,100.0,88,0 (642); 1 (23); 29 (14); 3 (12)
QT_MAT_BAS_4_5_REF_31_03,QT,contagem,matrículas,,,,,,,,,,166,,1,2025_matricula,100.0,100.0,132,0 (470); 1 (30); 4 (18); 7 (18)
QT_MAT_BAS_6_10_REF_31_03,QT,contagem,matrículas,,,,,,,,,,167,,1,2025_matricula,100.0,100.0,199,0 (286); 1 (49); 2 (24); 15 (20)
QT_MAT_BAS_11_14_REF_31_03,QT,contagem,matrículas,,,,,,,,,,168,,1,2025_matricula,100.0,100.0,189,0 (365); 1 (63); 2 (52); 3 (23)
QT_MAT_BAS_15_17_REF_31_03,QT,contagem,matrículas,,,,,,,,,,169,,1,2025_matricula,100.0,100.0,151,0 (585); 1 (28); 5 (12); 2 (11)
QT_MAT_BAS_18_MAIS_REF_31_03,QT,contagem,matrículas,,,,,,,,,,170,,1,2025_matricula,100.0,100.0,86,0 (620); 1 (44); 2 (17); 7 (13)
QT_MAT_BAS_DM,QT,contagem,matrículas,,,,,,,,,,172,,1,2025_matricula,100.0,100.0,292,0 (69); 15 (17); 26 (17); 28 (16)
QT_MAT_BAS_DV,QT,contagem,matrículas,,,,,,,,,,173,,1,2025_matricula,100.0,100.0,276,0 (309); 30 (21); 29 (15); 27 (11)
QT_MAT_INF_CRE_D,QT,contagem,matrículas,,,,,,,,,,176,,1,2025_matricula,100.0,100.0,88,0 (674); 29 (14); 3 (11); 30 (11)
QT_MAT_INF_CRE_DM,QT,contagem,matrículas,,,,,,,,,,177,,1,2025_matricula,100.0,100.0,62,0 (715); 3 (11); 28 (10); 9 (10)
QT_MAT_INF_CRE_DV,QT,contagem,matrículas,,,,,,,,,,178,,1,2025_matricula,100.0,100.0,60,0 (784); 30 (17); 29 (11); 28 (7)
QT_MAT_INF_CRE_N,QT,contagem,matrículas,,,,,,,,,,179,,1,2025_matricula,100.0,100.0,1,0 (908)
QT_MAT_INF_PRE_D,QT,contagem,matrículas,,,,,,,,,,180,,1,2025_matricula,100.0,100.0,132,0 (508); 5 (19); 4 (16); 8 (16)
QT_MAT_INF_PRE_DM,QT,contagem,matrículas,,,,,,,,,,181,,1,2025_matricula,100.0,100.0,109,0 (535); 5 (18); 8 (17); 12 (16)
QT_MAT_INF_PRE_DV,QT,contagem,matrículas,,,,,,,,,,182,,1,2025_matricula,100.0,100.0,91,0 (741); 10 (5); 11 (5); 2 (5)
QT_MAT_INF_PRE_N,QT,contagem,matrículas,,,,,,,,,,183,,1,2025_matricula,100.0,100.0,1,0 (908)
QT_MAT_FUND_D,QT,contagem,matrículas,,,,,,,,,,184,,1,2025_matricula,100.0,100.0,294,0 (239); 10 (17); 13 (12); 6 (12)
QT_MAT_FUND_DM,QT,contagem,matrículas,,,,,,,,,,185,,1,2025_matricula,100.0,100.0,235,0 (284); 10 (16); 14 (14); 6 (14)
QT_MAT_FUND_DV,QT,contagem,matrículas,,,,,,,,,,186,,1,2025_matricula,100.0,100.0,201,0 (510); 15 (10); 23 (10); 20 (8)
QT_MAT_FUND_N,QT,contagem,matrículas,,,,,,,,,,187,,1,2025_matricula,100.0,100.0,2,0 (907); 145 (1)
QT_MAT_FUND_AI_D,QT,contagem,matrículas,,,,,,,,,,188,,1,2025_matricula,100.0,100.0,207,0 (361); 10 (17); 14 (14); 7 (13)
QT_MAT_FUND_AI_DM,QT,contagem,matrículas,,,,,,,,,,189,,1,2025_matricula,100.0,100.0,170,0 (392); 14 (17); 10 (16); 5 (14)
QT_MAT_FUND_AI_DV,QT,contagem,matrículas,,,,,,,,,,190,,1,2025_matricula,100.0,100.0,133,0 (685); 15 (10); 12 (6); 9 (6)
QT_MAT_FUND_AI_N,QT,contagem,matrículas,,,,,,,,,,191,,1,2025_matricula,100.0,100.0,1,0 (908)
QT_MAT_FUND_AF_D,QT,contagem,matrículas,,,,,,,,,,192,,1,2025_matricula,100.0,100.0,180,0 (651); 22 (5); 23 (5); 10 (4)
QT_MAT_FUND_AF_DM,QT,contagem,matrículas,,,,,,,,,,193,,1,2025_matricula,100.0,100.0,126,0 (754); 19 (3); 199 (3); 44 (3)
QT_MAT_FUND_AF_DV,QT,contagem,matrículas,,,,,,,,,,194,,1,2025_matricula,100.0,100.0,122,0 (709); 22 (6); 23 (6); 29 (5)
QT_MAT_FUND_AF_N,QT,contagem,matrículas,,,,,,,,,,195,,1,2025_matricula,100.0,100.0,2,0 (907); 145 (1)
QT_MAT_MED_D,QT,contagem,matrículas,,,,,,,,,,196,,1,2025_matricula,100.0,100.0,114,0 (752); 25 (5); 30 (4); 33 (4)
QT_MAT_MED_DM,QT,contagem,matrículas,,,,,,,,,,197,,1,2025_matricula,100.0,100.0,59,0 (843); 102 (2); 20 (2); 24 (2)
QT_MAT_MED_DV,QT,contagem,matrículas,,,,,,,,,,198,,1,2025_matricula,100.0,100.0,92,0 (790); 25 (3); 27 (3); 33 (3)
QT_MAT_MED_N,QT,contagem,matrículas,,,,,,,,,,199,,1,2025_matricula,100.0,100.0,33,0 (869); 40 (3); 18 (2); 23 (2)
QT_MAT_MED_EAD,QT,contagem,matrículas,,,,,,,,,,200,,1,2025_matricula,100.0,100.0,1,0 (908)
QT_MAT_PROF_D,QT,contagem,matrículas,,,,,,,,,,201,,1,2025_matricula,100.0,100.0,43,0 (858); 78 (4); 23 (3); 17 (2)
QT_MAT_PROF_DM,QT,contagem,matrículas,,,,,,,,,,202,,1,2025_matricula,100.0,100.0,24,0 (882); 30 (2); 59 (2); 78 (2)
QT_MAT_PROF_DV,QT,contagem,matrículas,,,,,,,,,,203,,1,2025_matricula,100.0,100.0,34,0 (869); 23 (4); 26 (2); 35 (2)
QT_MAT_PROF_N,QT,contagem,matrículas,,,,,,,,,,204,,1,2025_matricula,100.0,100.0,15,0 (894); 1 (1); 119 (1); 130 (1)
QT_MAT_PROF_EAD,QT,contagem,matrículas,,,,,,,,,,205,,1,2025_matricula,100.0,100.0,8,0 (901); 137 (1); 31 (1); 32 (1)
QT_MAT_PROF_TEC_D,QT,contagem,matrículas,,,,,,,,,,206,,1,2025_matricula,100.0,100.0,19,0 (889); 78 (2); 117 (1); 118 (1)
QT_MAT_PROF_TEC_DM,QT,contagem,matrículas,,,,,,,,,,207,,1,2025_matricula,100.0,100.0,14,0 (895); 118 (1); 119 (1); 19 (1)
QT_MAT_PROF_TEC_DV,QT,contagem,matrículas,,,,,,,,,,208,,1,2025_matricula,100.0,100.0,11,0 (897); 308 (2); 13 (1); 147 (1)
QT_MAT_PROF_TEC_N,QT,contagem,matrículas,,,,,,,,,,209,,1,2025_matricula,100.0,100.0,11,0 (898); 1 (1); 130 (1); 158 (1)
QT_MAT_PROF_TEC_EAD,QT,contagem,matrículas,,,,,,,,,,210,,1,2025_matricula,100.0,100.0,8,0 (901); 137 (1); 31 (1); 32 (1)
QT_MAT_EJA_D,QT,contagem,matrículas,,,,,,,,,,211,,1,2025_matricula,100.0,100.0,13,0 (896); 1 (1); 11 (1); 121 (1)
QT_MAT_EJA_DM,QT,contagem,matrículas,,,,,,,,,,212,,1,2025_matricula,100.0,100.0,6,0 (903); 16 (1); 239 (1); 26 (1)
QT_MAT_EJA_DV,QT,contagem,matrículas,,,,,,,,,,213,,1,2025_matricula,100.0,100.0,10,0 (899); 1 (1); 11 (1); 121 (1)
QT_MAT_EJA_N,QT,contagem,matrículas,,,,,,,,,,214,,1,2025_matricula,100.0,100.0,59,0 (829); 14 (4); 26 (4); 16 (3)
QT_MAT_EJA_EAD,QT,contagem,matrículas,,,,,,,,,,215,,1,2025_matricula,100.0,100.0,4,0 (905); 112 (1); 348 (1); 8 (1)
QT_MAT_EJA_FUND_D,QT,contagem,matrículas,,,,,,,,,,216,,1,2025_matricula,100.0,100.0,10,0 (899); 1 (1); 10 (1); 11 (1)
QT_MAT_EJA_FUND_DM,QT,contagem,matrículas,,,,,,,,,,217,,1,2025_matricula,100.0,100.0,3,0 (906); 239 (1); 28 (1)
QT_MAT_EJA_FUND_DV,QT,contagem,matrículas,,,,,,,,,,218,,1,2025_matricula,100.0,100.0,9,0 (900); 1 (1); 10 (1); 11 (1)
QT_MAT_EJA_FUND_N,QT,contagem,matrículas,,,,,,,,,,219,,1,2025_matricula,100.0,100.0,39,0 (857); 16 (3); 9 (3); 18 (2)
QT_MAT_EJA_FUND_EAD,QT,contagem,matrículas,,,,,,,,,,220,,1,2025_matricula,100.0,100.0,2,0 (907); 112 (1)
QT_MAT_EJA_MED_D,QT,contagem,matrículas,,,,,,,,,,221,,1,2025_matricula,100.0,100.0,7,0 (902); 16 (1); 171 (1); 23 (1)
QT_MAT_EJA_MED_DM,QT,contagem,matrículas,,,,,,,,,,222,,1,2025_matricula,100.0,100.0,4,0 (905); 16 (1); 26 (1); 7 (1)
QT_MAT_EJA_MED_DV,QT,contagem,matrículas,,,,,,,,,,223,,1,2025_matricula,100.0,100.0,4,0 (905); 171 (1); 23 (1); 42 (1)
QT_MAT_EJA_MED_N,QT,contagem,matrículas,,,,,,,,,,224,,1,2025_matricula,100.0,100.0,42,0 (854); 14 (3); 26 (3); 5 (3)
QT_MAT_EJA_MED_EAD,QT,contagem,matrículas,,,,,,,,,,225,,1,2025_matricula,100.0,100.0,3,0 (906); 348 (1); 8 (1)
QT_MAT_ESP_D,QT,contagem,matrículas,,,,,,,,,,226,,1,2025_matricula,100.0,100.0,74,0 (347); 1 (108); 2 (76); 3 (41)
QT_MAT_ESP_DM,QT,contagem,matrículas,,,,,,,,,,227,,1,2025_matricula,100.0,100.0,47,0 (442); 1 (116); 2 (58); 4 (31)
QT_MAT_ESP_DV,QT,contagem,matrículas,,,,,,,,,,228,,1,2025_matricula,100.0,100.0,45,0 (480); 1 (74); 2 (64); 3 (44)
QT_MAT_ESP_N,QT,contagem,matrículas,,,,,,,,,,229,,1,2025_matricula,100.0,100.0,10,0 (858); 1 (21); 2 (13); 3 (8)
QT_MAT_ESP_EAD,QT,contagem,matrículas,,,,,,,,,,230,,1,2025_matricula,100.0,100.0,3,0 (903); 1 (4); 2 (1)
QT_MAT_ESP_CC_D,QT,contagem,matrículas,,,,,,,,,,231,,1,2025_matricula,100.0,100.0,74,0 (347); 1 (111); 2 (75); 3 (42)
QT_MAT_ESP_CC_DM,QT,contagem,matrículas,,,,,,,,,,232,,1,2025_matricula,100.0,100.0,47,0 (442); 1 (117); 2 (58); 4 (30)
QT_MAT_ESP_CC_DV,QT,contagem,matrículas,,,,,,,,,,233,,1,2025_matricula,100.0,100.0,44,0 (485); 1 (72); 2 (63); 3 (43)
QT_MAT_ESP_CC_N,QT,contagem,matrículas,,,,,,,,,,234,,1,2025_matricula,100.0,100.0,10,0 (858); 1 (21); 2 (13); 3 (8)
QT_MAT_ESP_CC_EAD,QT,contagem,matrículas,,,,,,,,,,235,,1,2025_matricula,100.0,100.0,3,0 (903); 1 (4); 2 (1)
QT_MAT_ESP_CE_D,QT,contagem,matrículas,,,,,,,,,,236,,1,2025_matricula,100.0,100.0,8,0 (898); 1 (3); 2 (2); 24 (1)
QT_MAT_ESP_CE_DM,QT,contagem,matrículas,,,,,,,,,,237,,1,2025_matricula,100.0,100.0,6,0 (903); 1 (1); 11 (1); 12 (1)
QT_MAT_ESP_CE_DV,QT,contagem,matrículas,,,,,,,,,,238,,1,2025_matricula,100.0,100.0,6,0 (899); 1 (3); 2 (3); 12 (1)
QT_MAT_ESP_CE_N,QT,contagem,matrículas,,,,,,,,,,239,,1,2025_matricula,100.0,100.0,1,0 (908)
QT_MAT_ESP_CE_EAD,QT,contagem,matrículas,,,,,,,,,,240,,1,2025_matricula,100.0,100.0,1,0 (908)
QT_MAT_BAS_INT,QT,contagem,matrículas,,,,,,,,,,241,,1,2025_matricula,100.0,100.0,103,0 (629); 1 (19); 2 (17); 3 (17)
QT_MAT_PROF_INT,QT,contagem,matrículas,,,,,,,,,,249,,1,2025_matricula,100.0,100.0,16,0 (883); 1 (8); 14 (2); 3 (2)
QT_MAT_PROF_TEC_INT,QT,contagem,matrículas,,,,,,,,,,250,,1,2025_matricula,100.0,100.0,10,0 (898); 3 (2); 1 (1); 196 (1)
QT_MAT_EJA_INT,QT,contagem,matrículas,,,,,,,,,,251,,1,2025_matricula,100.0,100.0,4,0 (904); 1 (2); 2 (1); 6 (1)
QT_MAT_EJA_FUND_INT,QT,contagem,matrículas,,,,,,,,,,252,,1,2025_matricula,100.0,100.0,4,0 (905); 1 (1); 2 (1); 6 (1)
QT_MAT_EJA_MED_INT,QT,contagem,matrículas,,,,,,,,,,253,,1,2025_matricula,100.0,100.0,2,0 (907); 1 (1)
QT_MAT_ESP_INT,QT,contagem,matrículas,,,,,,,,,,254,,1,2025_matricula,100.0,100.0,34,0 (661); 2 (39); 1 (38); 3 (28)
QT_MAT_ESP_CC_INT,QT,contagem,matrículas,,,,,,,,,,255,,1,2025_matricula,100.0,100.0,34,0 (661); 2 (39); 1 (38); 3 (28)
QT_MAT_ESP_CE_INT,QT,contagem,matrículas,,,,,,,,,,256,,1,2025_matricula,100.0,100.0,1,0 (908)
QT_MAT_BAS_LIBRAS,QT,contagem,matrículas,,,,,,,,,,257,,1,2025_matricula,100.0,100.0,1,0 (908)
QT_TUR_FUND_AI_1,QT,contagem,turmas,,,,,,,,,,,32,1,2025_turma,100.0,100.0,17,0 (648); 1 (151); 2 (41); 4 (15)
QT_TUR_FUND_AI_2,QT,contagem,turmas,,,,,,,,,,,33,1,2025_turma,100.0,100.0,14,0 (675); 1 (130); 2 (40); 4 (15)
QT_TUR_FUND_AI_3,QT,contagem,turmas,,,,,,,,,,,34,1,2025_turma,100.0,100.0,14,0 (675); 1 (131); 2 (39); 3 (15)
QT_TUR_FUND_AI_4,QT,contagem,turmas,,,,,,,,,,,35,1,2025_turma,100.0,100.0,12,0 (697); 1 (113); 2 (37); 5 (13)
QT_TUR_FUND_AI_5,QT,contagem,turmas,,,,,,,,,,,36,1,2025_turma,100.0,100.0,13,0 (682); 1 (132); 2 (36); 4 (12)
QT_TUR_FUND_AI_MULTIETAPA,QT,contagem,turmas,,,,,,,,,,,37,1,2025_turma,100.0,100.0,3,0 (843); 1 (64); 2 (1)
QT_TUR_FUND_AF_6,QT,contagem,turmas,,,,,,,,,,,39,1,2025_turma,100.0,100.0,12,0 (655); 1 (146); 2 (39); 3 (21)
QT_TUR_FUND_AF_7,QT,contagem,turmas,,,,,,,,,,,40,1,2025_turma,100.0,100.0,12,0 (660); 1 (140); 2 (43); 3 (22)
QT_TUR_FUND_AF_8,QT,contagem,turmas,,,,,,,,,,,41,1,2025_turma,100.0,100.0,11,0 (664); 1 (143); 2 (38); 3 (21)
QT_TUR_FUND_AF_9,QT,contagem,turmas,,,,,,,,,,,42,1,2025_turma,100.0,100.0,11,0 (669); 1 (149); 2 (32); 3 (21)
QT_TUR_FUND_AF_MULTI,QT,contagem,turmas,,,,,,,,,,,43,1,2025_turma,100.0,100.0,8,0 (615); 1 (179); 2 (103); 3 (6)
QT_TUR_FUND_AF_CORRFLUXO,QT,contagem,turmas,,,,,,,,,,,44,1,2025_turma,100.0,100.0,6,0 (888); 2 (9); 1 (8); 20 (1)
QT_TUR_MED_1,QT,contagem,turmas,,,,,,,,,,,46,1,2025_turma,100.0,100.0,14,0 (726); 1 (99); 2 (33); 3 (15)
QT_TUR_MED_2,QT,contagem,turmas,,,,,,,,,,,47,1,2025_turma,100.0,100.0,13,0 (730); 1 (94); 2 (42); 3 (17)
QT_TUR_MED_3,QT,contagem,turmas,,,,,,,,,,,48,1,2025_turma,100.0,100.0,10,0 (734); 1 (108); 2 (30); 3 (17)
QT_TUR_MED_4,QT,contagem,turmas,,,,,,,,,,,49,1,2025_turma,100.0,100.0,3,0 (906); 2 (1); 4 (1)
QT_TUR_MED_NS,QT,contagem,turmas,,,,,,,,,,,50,1,2025_turma,100.0,100.0,1,0 (908)
QT_TUR_MED_PROP,QT,contagem,turmas,,,,,,,,,,,51,1,2025_turma,100.0,100.0,27,0 (738); 3 (77); 5 (15); 6 (12)
QT_TUR_MED_PROP_1,QT,contagem,turmas,,,,,,,,,,,52,1,2025_turma,100.0,100.0,14,0 (743); 1 (96); 2 (28); 4 (16)
QT_TUR_MED_PROP_2,QT,contagem,turmas,,,,,,,,,,,53,1,2025_turma,100.0,100.0,13,0 (752); 1 (89); 2 (33); 3 (14)
QT_TUR_MED_PROP_3,QT,contagem,turmas,,,,,,,,,,,54,1,2025_turma,100.0,100.0,10,0 (748); 1 (104); 2 (24); 3 (16)
QT_TUR_MED_PROP_4,QT,contagem,turmas,,,,,,,,,,,55,1,2025_turma,100.0,100.0,1,0 (908)
QT_TUR_MED_PROP_NS,QT,contagem,turmas,,,,,,,,,,,56,1,2025_turma,100.0,100.0,1,0 (908)
QT_TUR_MED_IFTP_CT,QT,contagem,turmas,,,,,,,,,,,57,1,2025_turma,100.0,100.0,8,0 (899); 1 (2); 3 (2); 15 (1)
QT_TUR_MED_IFTP_CT_1,QT,contagem,turmas,,,,,,,,,,,58,1,2025_turma,100.0,100.0,5,0 (903); 2 (2); 1 (1); 3 (1)
QT_TUR_MED_IFTP_CT_2,QT,contagem,turmas,,,,,,,,,,,59,1,2025_turma,100.0,100.0,5,0 (901); 2 (3); 1 (2); 3 (1)
QT_TUR_MED_IFTP_CT_3,QT,contagem,turmas,,,,,,,,,,,60,1,2025_turma,100.0,100.0,5,0 (901); 1 (3); 2 (2); 3 (1)
QT_TUR_MED_IFTP_CT_4,QT,contagem,turmas,,,,,,,,,,,61,1,2025_turma,100.0,100.0,2,0 (907); 2 (1)
QT_TUR_MED_IFTP_CT_NS,QT,contagem,turmas,,,,,,,,,,,62,1,2025_turma,100.0,100.0,1,0 (908)
QT_TUR_MED_IFTP_QP,QT,contagem,turmas,,,,,,,,,,,63,1,2025_turma,100.0,100.0,9,0 (870); 1 (17); 2 (8); 3 (5)
QT_TUR_MED_IFTP_QP_1,QT,contagem,turmas,,,,,,,,,,,64,1,2025_turma,100.0,100.0,5,0 (883); 1 (18); 2 (3); 3 (3)
QT_TUR_MED_IFTP_QP_2,QT,contagem,turmas,,,,,,,,,,,65,1,2025_turma,100.0,100.0,6,0 (881); 1 (15); 2 (9); 3 (1)
QT_TUR_MED_IFTP_QP_3,QT,contagem,turmas,,,,,,,,,,,66,1,2025_turma,100.0,100.0,4,0 (899); 1 (5); 2 (3); 3 (1)
QT_TUR_MED_IFTP_QP_4,QT,contagem,turmas,,,,,,,,,,,67,1,2025_turma,100.0,100.0,1,0 (908)
QT_TUR_MED_IFTP_QP_NS,QT,contagem,turmas,,,,,,,,,,,68,1,2025_turma,100.0,100.0,1,0 (908)
QT_TUR_MED_NM,QT,contagem,turmas,,,,,,,,,,,69,1,2025_turma,100.0,100.0,2,0 (907); 10 (1)
QT_TUR_MED_NM_1,QT,contagem,turmas,,,,,,,,,,,70,1,2025_turma,100.0,100.0,1,0 (908)
QT_TUR_MED_NM_2,QT,contagem,turmas,,,,,,,,,,,71,1,2025_turma,100.0,100.0,1,0 (908)
QT_TUR_MED_NM_3,QT,contagem,turmas,,,,,,,,,,,72,1,2025_turma,100.0,100.0,2,0 (907); 6 (1)
QT_TUR_MED_NM_4,QT,contagem,turmas,,,,,,,,,,,73,1,2025_turma,100.0,100.0,2,0 (907); 4 (1)
QT_TUR_MED_IFA_EXC,QT,contagem,turmas,,,,,,,,,,,74,1,2025_turma,100.0,100.0,2,0 (907); 3 (1)
QT_TUR_MED_IFTP_EXC,QT,contagem,turmas,,,,,,,,,,,75,1,2025_turma,100.0,100.0,2,0 (907); 1 (1)
QT_TUR_MED_IFTP_EXC_QP,QT,contagem,turmas,,,,,,,,,,,76,1,2025_turma,100.0,100.0,1,0 (908)
QT_TUR_MED_IFA,QT,contagem,turmas,,,,,,,,,,,77,1,2025_turma,100.0,100.0,20,0 (819); 2 (19); 3 (17); 6 (13)
QT_TUR_MED_IFA_LING,QT,contagem,turmas,,,,,,,,,,,78,1,2025_turma,100.0,100.0,20,0 (837); 3 (13); 6 (12); 2 (8)
QT_TUR_MED_IFA_MATE,QT,contagem,turmas,,,,,,,,,,,79,1,2025_turma,100.0,100.0,16,0 (844); 1 (19); 2 (10); 4 (8)
QT_TUR_MED_IFA_CIENC,QT,contagem,turmas,,,,,,,,,,,80,1,2025_turma,100.0,100.0,17,0 (839); 2 (15); 1 (12); 3 (10)
QT_TUR_MED_IFA_HUMA,QT,contagem,turmas,,,,,,,,,,,81,1,2025_turma,100.0,100.0,15,0 (851); 1 (11); 2 (10); 3 (10)
QT_TUR_PROF_TEC_CONC,QT,contagem,turmas,,,,,,,,,,,84,1,2025_turma,100.0,100.0,7,0 (900); 1 (2); 6 (2); 11 (1)
QT_TUR_PROF_TEC_SUBS,QT,contagem,turmas,,,,,,,,,,,85,1,2025_turma,100.0,100.0,8,0 (896); 2 (3); 1 (2); 4 (2)
QT_TUR_PROF_TEC_MISTO,QT,contagem,turmas,,,,,,,,,,,86,1,2025_turma,100.0,100.0,2,0 (907); 2 (1)
QT_TUR_PROF_TEC_IFTP_CT,QT,contagem,turmas,,,,,,,,,,,87,1,2025_turma,100.0,100.0,4,0 (905); 10 (1); 15 (1); 2 (1)
QT_TUR_PROF_NAO_TEC,QT,contagem,turmas,,,,,,,,,,,88,1,2025_turma,100.0,100.0,10,0 (866); 1 (18); 2 (7); 3 (6)
QT_TUR_PROF_IFTP_QP,QT,contagem,turmas,,,,,,,,,,,89,1,2025_turma,100.0,100.0,2,0 (907); 3 (1)
QT_TUR_PROF_FIC_CONC,QT,contagem,turmas,,,,,,,,,,,90,1,2025_turma,100.0,100.0,5,0 (904); 1 (1); 14 (1); 2 (1)
QT_TUR_EJA_FUND_NPROF,QT,contagem,turmas,,,,,,,,,,,93,1,2025_turma,100.0,100.0,7,0 (850); 1 (22); 4 (16); 2 (10)
QT_TUR_EJA_FUND_AI,QT,contagem,turmas,,,,,,,,,,,94,1,2025_turma,100.0,100.0,6,0 (878); 1 (11); 4 (10); 2 (6)
QT_TUR_EJA_FUND_AF,QT,contagem,turmas,,,,,,,,,,,95,1,2025_turma,100.0,100.0,7,0 (871); 1 (18); 2 (9); 4 (7)
QT_TUR_EJA_FUND_FIC,QT,contagem,turmas,,,,,,,,,,,96,1,2025_turma,100.0,100.0,1,0 (908)
QT_TUR_EJA_MED_NPROF,QT,contagem,turmas,,,,,,,,,,,98,1,2025_turma,100.0,100.0,11,0 (850); 1 (16); 3 (16); 2 (14)
QT_TUR_EJA_MED_FIC,QT,contagem,turmas,,,,,,,,,,,99,1,2025_turma,100.0,100.0,3,0 (906); 1 (1); 23 (1)
QT_TUR_EJA_MED_TEC,QT,contagem,turmas,,,,,,,,,,,100,1,2025_turma,100.0,100.0,1,0 (908)
QT_TUR_BAS_DM,QT,contagem,turmas,,,,,,,,,,,105,1,2025_turma,100.0,100.0,34,1 (173); 2 (140); 4 (89); 5 (81)
QT_TUR_BAS_DV,QT,contagem,turmas,,,,,,,,,,,106,1,2025_turma,100.0,100.0,34,0 (308); 4 (103); 1 (99); 3 (50)
QT_TUR_INF_CRE_D,QT,contagem,turmas,,,,,,,,,,,109,1,2025_turma,100.0,100.0,16,0 (724); 1 (72); 2 (41); 4 (20)
QT_TUR_INF_CRE_DM,QT,contagem,turmas,,,,,,,,,,,110,1,2025_turma,100.0,100.0,8,0 (763); 1 (76); 2 (35); 3 (15)
QT_TUR_INF_CRE_DV,QT,contagem,turmas,,,,,,,,,,,111,1,2025_turma,100.0,100.0,11,0 (789); 1 (63); 2 (19); 4 (17)
QT_TUR_INF_CRE_N,QT,contagem,turmas,,,,,,,,,,,112,1,2025_turma,100.0,100.0,1,0 (908)
QT_TUR_INF_PRE_D,QT,contagem,turmas,,,,,,,,,,,113,1,2025_turma,100.0,100.0,21,0 (558); 2 (108); 1 (101); 4 (37)
QT_TUR_INF_PRE_DM,QT,contagem,turmas,,,,,,,,,,,114,1,2025_turma,100.0,100.0,13,0 (612); 1 (106); 2 (101); 3 (24)
QT_TUR_INF_PRE_DV,QT,contagem,turmas,,,,,,,,,,,115,1,2025_turma,100.0,100.0,12,0 (749); 2 (52); 1 (43); 6 (17)
QT_TUR_INF_PRE_N,QT,contagem,turmas,,,,,,,,,,,116,1,2025_turma,100.0,100.0,1,0 (908)
QT_TUR_FUND_D,QT,contagem,turmas,,,,,,,,,,,117,1,2025_turma,100.0,100.0,45,0 (239); 1 (143); 2 (73); 5 (68)
QT_TUR_FUND_DM,QT,contagem,turmas,,,,,,,,,,,118,1,2025_turma,100.0,100.0,29,0 (284); 1 (162); 2 (95); 5 (77)
QT_TUR_FUND_DV,QT,contagem,turmas,,,,,,,,,,,119,1,2025_turma,100.0,100.0,28,0 (510); 4 (89); 1 (63); 2 (50)
QT_TUR_FUND_N,QT,contagem,turmas,,,,,,,,,,,120,1,2025_turma,100.0,100.0,2,0 (907); 6 (1)
QT_TUR_FUND_AI_D,QT,contagem,turmas,,,,,,,,,,,121,1,2025_turma,100.0,100.0,44,0 (549); 1 (99); 5 (79); 3 (27)
QT_TUR_FUND_AI_DM,QT,contagem,turmas,,,,,,,,,,,122,1,2025_turma,100.0,100.0,29,0 (570); 1 (94); 5 (65); 3 (35)
QT_TUR_FUND_AI_DV,QT,contagem,turmas,,,,,,,,,,,123,1,2025_turma,100.0,100.0,28,0 (726); 1 (44); 5 (26); 2 (21)
QT_TUR_FUND_AI_N,QT,contagem,turmas,,,,,,,,,,,124,1,2025_turma,100.0,100.0,1,0 (908)
QT_TUR_FUND_AF_D,QT,contagem,turmas,,,,,,,,,,,125,1,2025_turma,100.0,100.0,30,0 (427); 1 (149); 2 (69); 4 (65)
QT_TUR_FUND_AF_DM,QT,contagem,turmas,,,,,,,,,,,126,1,2025_turma,100.0,100.0,22,0 (513); 1 (167); 2 (81); 4 (41)
QT_TUR_FUND_AF_DV,QT,contagem,turmas,,,,,,,,,,,127,1,2025_turma,100.0,100.0,17,0 (651); 4 (90); 1 (59); 2 (26)
QT_TUR_FUND_AF_N,QT,contagem,turmas,,,,,,,,,,,128,1,2025_turma,100.0,100.0,2,0 (907); 6 (1)
QT_TUR_MED_D,QT,contagem,turmas,,,,,,,,,,,129,1,2025_turma,100.0,100.0,25,0 (751); 3 (71); 5 (12); 6 (12)
QT_TUR_MED_DM,QT,contagem,turmas,,,,,,,,,,,130,1,2025_turma,100.0,100.0,17,0 (843); 3 (29); 5 (6); 2 (5)
QT_TUR_MED_DV,QT,contagem,turmas,,,,,,,,,,,131,1,2025_turma,100.0,100.0,20,0 (788); 3 (55); 5 (8); 6 (8)
QT_TUR_MED_N,QT,contagem,turmas,,,,,,,,,,,132,1,2025_turma,100.0,100.0,11,0 (869); 3 (20); 1 (5); 2 (3)
QT_TUR_MED_EAD,QT,contagem,turmas,,,,,,,,,,,133,1,2025_turma,100.0,100.0,1,0 (908)
QT_TUR_PROF_D,QT,contagem,turmas,,,,,,,,,,,134,1,2025_turma,100.0,100.0,16,0 (858); 1 (15); 3 (8); 2 (6)
QT_TUR_PROF_DM,QT,contagem,turmas,,,,,,,,,,,135,1,2025_turma,100.0,100.0,10,0 (882); 1 (6); 2 (4); 3 (4)
QT_TUR_PROF_DV,QT,contagem,turmas,,,,,,,,,,,136,1,2025_turma,100.0,100.0,13,0 (869); 1 (19); 3 (7); 2 (4)
QT_TUR_PROF_N,QT,contagem,turmas,,,,,,,,,,,137,1,2025_turma,100.0,100.0,8,0 (895); 1 (5); 4 (2); 6 (2)
QT_TUR_PROF_EAD,QT,contagem,turmas,,,,,,,,,,,138,1,2025_turma,100.0,100.0,5,0 (901); 1 (3); 2 (2); 3 (1)
QT_TUR_PROF_TEC_D,QT,contagem,turmas,,,,,,,,,,,139,1,2025_turma,100.0,100.0,12,0 (889); 1 (3); 3 (3); 8 (3)
QT_TUR_PROF_TEC_DM,QT,contagem,turmas,,,,,,,,,,,140,1,2025_turma,100.0,100.0,9,0 (895); 1 (3); 3 (3); 6 (2)
QT_TUR_PROF_TEC_DV,QT,contagem,turmas,,,,,,,,,,,141,1,2025_turma,100.0,100.0,11,0 (897); 3 (2); 1 (1); 10 (1)
QT_TUR_PROF_TEC_N,QT,contagem,turmas,,,,,,,,,,,142,1,2025_turma,100.0,100.0,8,0 (899); 1 (3); 10 (1); 14 (1)
QT_TUR_PROF_TEC_EAD,QT,contagem,turmas,,,,,,,,,,,143,1,2025_turma,100.0,100.0,5,0 (901); 1 (3); 2 (2); 3 (1)
QT_TUR_EJA_D,QT,contagem,turmas,,,,,,,,,,,144,1,2025_turma,100.0,100.0,7,0 (896); 1 (4); 3 (3); 6 (2)
QT_TUR_EJA_DM,QT,contagem,turmas,,,,,,,,,,,145,1,2025_turma,100.0,100.0,4,0 (903); 3 (3); 15 (1); 2 (1)
QT_TUR_EJA_DV,QT,contagem,turmas,,,,,,,,,,,146,1,2025_turma,100.0,100.0,6,0 (899); 1 (4); 3 (2); 13 (1)
QT_TUR_EJA_N,QT,contagem,turmas,,,,,,,,,,,147,1,2025_turma,100.0,100.0,12,0 (829); 3 (21); 4 (18); 1 (13)
QT_TUR_EJA_EAD,QT,contagem,turmas,,,,,,,,,,,148,1,2025_turma,100.0,100.0,3,0 (905); 1 (2); 2 (1)
QT_TUR_EJA_FUND_D,QT,contagem,turmas,,,,,,,,,,,149,1,2025_turma,100.0,100.0,6,0 (899); 1 (5); 18 (1); 3 (1)
QT_TUR_EJA_FUND_DM,QT,contagem,turmas,,,,,,,,,,,150,1,2025_turma,100.0,100.0,3,0 (906); 15 (1); 3 (1)
QT_TUR_EJA_FUND_DV,QT,contagem,turmas,,,,,,,,,,,151,1,2025_turma,100.0,100.0,5,0 (900); 1 (5); 3 (1); 4 (1)
QT_TUR_EJA_FUND_N,QT,contagem,turmas,,,,,,,,,,,152,1,2025_turma,100.0,100.0,6,0 (857); 1 (19); 4 (15); 2 (10)
QT_TUR_EJA_FUND_EAD,QT,contagem,turmas,,,,,,,,,,,153,1,2025_turma,100.0,100.0,2,0 (907); 2 (1)
QT_TUR_EJA_MED_D,QT,contagem,turmas,,,,,,,,,,,154,1,2025_turma,100.0,100.0,4,0 (902); 3 (3); 2 (2); 10 (1)
QT_TUR_EJA_MED_DM,QT,contagem,turmas,,,,,,,,,,,155,1,2025_turma,100.0,100.0,3,0 (905); 3 (2); 2 (1)
QT_TUR_EJA_MED_DV,QT,contagem,turmas,,,,,,,,,,,156,1,2025_turma,100.0,100.0,4,0 (905); 10 (1); 2 (1); 3 (1)
QT_TUR_EJA_MED_N,QT,contagem,turmas,,,,,,,,,,,157,1,2025_turma,100.0,100.0,11,0 (854); 1 (17); 2 (13); 3 (13)
QT_TUR_EJA_MED_EAD,QT,contagem,turmas,,,,,,,,,,,158,1,2025_turma,100.0,100.0,2,0 (906); 1 (2)
QT_TUR_ESP_D,QT,contagem,turmas,,,,,,,,,,,159,1,2025_turma,100.0,100.0,43,0 (347); 1 (143); 2 (82); 3 (34)
QT_TUR_ESP_DM,QT,contagem,turmas,,,,,,,,,,,160,1,2025_turma,100.0,100.0,26,0 (442); 1 (133); 2 (75); 4 (32)
QT_TUR_ESP_DV,QT,contagem,turmas,,,,,,,,,,,161,1,2025_turma,100.0,100.0,24,0 (479); 1 (120); 2 (63); 5 (33)
QT_TUR_ESP_N,QT,contagem,turmas,,,,,,,,,,,162,1,2025_turma,100.0,100.0,9,0 (858); 1 (25); 2 (15); 3 (3)
QT_TUR_ESP_EAD,QT,contagem,turmas,,,,,,,,,,,163,1,2025_turma,100.0,100.0,2,0 (903); 1 (5)
QT_TUR_ESP_CC_D,QT,contagem,turmas,,,,,,,,,,,164,1,2025_turma,100.0,100.0,43,0 (347); 1 (148); 2 (78); 3 (35)
QT_TUR_ESP_CC_DM,QT,contagem,turmas,,,,,,,,,,,165,1,2025_turma,100.0,100.0,26,0 (442); 1 (135); 2 (73); 4 (31)
QT_TUR_ESP_CC_DV,QT,contagem,turmas,,,,,,,,,,,166,1,2025_turma,100.0,100.0,24,0 (484); 1 (117); 2 (62); 5 (34)
QT_TUR_ESP_CC_N,QT,contagem,turmas,,,,,,,,,,,167,1,2025_turma,100.0,100.0,9,0 (858); 1 (25); 2 (15); 3 (3)
QT_TUR_ESP_CC_EAD,QT,contagem,turmas,,,,,,,,,,,168,1,2025_turma,100.0,100.0,2,0 (903); 1 (5)
QT_TUR_ESP_CE_D,QT,contagem,turmas,,,,,,,,,,,169,1,2025_turma,100.0,100.0,4,0 (898); 1 (5); 2 (4); 3 (1)
QT_TUR_ESP_CE_DM,QT,contagem,turmas,,,,,,,,,,,170,1,2025_turma,100.0,100.0,2,0 (903); 1 (5)
QT_TUR_ESP_CE_DV,QT,contagem,turmas,,,,,,,,,,,171,1,2025_turma,100.0,100.0,3,0 (899); 1 (8); 3 (1)
QT_TUR_ESP_CE_N,QT,contagem,turmas,,,,,,,,,,,172,1,2025_turma,100.0,100.0,1,0 (908)
QT_TUR_ESP_CE_EAD,QT,contagem,turmas,,,,,,,,,,,173,1,2025_turma,100.0,100.0,1,0 (908)
QT_TUR_BAS_INT,QT,contagem,turmas,,,,,,,,,,,174,1,2025_turma,100.0,100.0,17,0 (787); 1 (43); 2 (19); 4 (16)
QT_TUR_PROF_INT,QT,contagem,turmas,,,,,,,,,,,182,1,2025_turma,100.0,100.0,10,0 (891); 2 (3); 3 (3); 10 (2)
QT_TUR_PROF_TEC_INT,QT,contagem,turmas,,,,,,,,,,,183,1,2025_turma,100.0,100.0,9,0 (897); 3 (3); 10 (2); 1 (1)
QT_TUR_EJA_INT,QT,contagem,turmas,,,,,,,,,,,184,1,2025_turma,100.0,100.0,2,0 (907); 1 (1)
QT_TUR_EJA_FUND_INT,QT,contagem,turmas,,,,,,,,,,,185,1,2025_turma,100.0,100.0,2,0 (907); 1 (1)
QT_TUR_EJA_MED_INT,QT,contagem,turmas,,,,,,,,,,,186,1,2025_turma,100.0,100.0,1,0 (908)
QT_TUR_ESP_INT,QT,contagem,turmas,,,,,,,,,,,187,1,2025_turma,100.0,100.0,11,0 (814); 1 (41); 2 (18); 4 (13)
QT_TUR_ESP_CC_INT,QT,contagem,turmas,,,,,,,,,,,188,1,2025_turma,100.0,100.0,11,0 (814); 1 (41); 2 (18); 4 (13)
QT_TUR_ESP_CE_INT,QT,contagem,turmas,,,,,,,,,,,189,1,2025_turma,100.0,100.0,1,0 (908)
QT_TUR_BAS_DISC_LINGUA_PORT,QT,contagem,turmas,,,,,,,,,,,190,1,2025_turma,100.0,100.0,54,0 (234); 1 (136); 2 (75); 5 (53)
QT_TUR_BAS_DISC_EDUC_FISICA,QT,contagem,turmas,,,,,,,,,,,191,1,2025_turma,100.0,100.0,53,0 (232); 1 (138); 2 (72); 5 (48)
QT_TUR_BAS_DISC_ARTES,QT,contagem,turmas,,,,,,,,,,,192,1,2025_turma,100.0,100.0,52,0 (225); 1 (144); 2 (76); 5 (53)
QT_TUR_BAS_DISC_LINGUA_ING,QT,contagem,turmas,,,,,,,,,,,193,1,2025_turma,100.0,100.0,44,0 (744); 7 (17); 4 (13); 10 (9)
QT_TUR_BAS_DISC_LINGUA_ESPA,QT,contagem,turmas,,,,,,,,,,,194,1,2025_turma,100.0,100.0,43,0 (660); 7 (54); 4 (34); 9 (15)
QT_TUR_BAS_DISC_LINGUA_FRANC,QT,contagem,turmas,,,,,,,,,,,195,1,2025_turma,100.0,100.0,2,0 (907); 1 (1)
QT_TUR_BAS_DISC_LINGUA_OUTRA,QT,contagem,turmas,,,,,,,,,,,196,1,2025_turma,100.0,100.0,2,0 (899); 1 (9)
QT_TUR_BAS_DISC_LIBRAS,QT,contagem,turmas,,,,,,,,,,,197,1,2025_turma,100.0,100.0,3,0 (903); 1 (4); 2 (1)
QT_TUR_BAS_DISC_LINGUA_INDIG,QT,contagem,turmas,,,,,,,,,,,198,1,2025_turma,100.0,100.0,25,0 (595); 1 (102); 2 (47); 6 (19)
QT_TUR_BAS_DISC_PORT_SEG_LINGUA,QT,contagem,turmas,,,,,,,,,,,199,1,2025_turma,100.0,100.0,12,0 (881); 1 (11); 5 (3); 2 (2)
QT_TUR_BAS_DISC_MATEMATICA,QT,contagem,turmas,,,,,,,,,,,200,1,2025_turma,100.0,100.0,54,0 (215); 1 (145); 2 (75); 5 (54)
QT_TUR_BAS_DISC_CIENCIAS,QT,contagem,turmas,,,,,,,,,,,201,1,2025_turma,100.0,100.0,47,0 (232); 1 (143); 2 (75); 5 (68)
QT_TUR_BAS_DISC_FISICA,QT,contagem,turmas,,,,,,,,,,,202,1,2025_turma,100.0,100.0,27,0 (709); 3 (75); 5 (21); 6 (17)
QT_TUR_BAS_DISC_QUIMICA,QT,contagem,turmas,,,,,,,,,,,203,1,2025_turma,100.0,100.0,27,0 (710); 3 (74); 5 (21); 6 (17)
QT_TUR_BAS_DISC_BIOLOGIA,QT,contagem,turmas,,,,,,,,,,,204,1,2025_turma,100.0,100.0,27,0 (708); 3 (74); 5 (21); 6 (18)
QT_TUR_BAS_DISC_HISTORIA,QT,contagem,turmas,,,,,,,,,,,205,1,2025_turma,100.0,100.0,54,0 (215); 1 (144); 2 (76); 5 (54)
QT_TUR_BAS_DISC_GEOGRAFIA,QT,contagem,turmas,,,,,,,,,,,206,1,2025_turma,100.0,100.0,54,0 (216); 1 (144); 2 (74); 5 (54)
QT_TUR_BAS_DISC_SOCIOLOGIA,QT,contagem,turmas,,,,,,,,,,,207,1,2025_turma,100.0,100.0,25,0 (711); 3 (77); 6 (19); 5 (17)
QT_TUR_BAS_DISC_FILOSOFIA,QT,contagem,turmas,,,,,,,,,,,208,1,2025_turma,100.0,100.0,25,0 (707); 3 (69); 5 (19); 6 (19)
QT_TUR_BAS_DISC_EST_SOCIAIS,QT,contagem,turmas,,,,,,,,,,,209,1,2025_turma,100.0,100.0,6,0 (899); 1 (5); 10 (1); 14 (1)
QT_TUR_BAS_DISC_EST_SOCIAIS_SOCI,QT,contagem,turmas,,,,,,,,,,,210,1,2025_turma,100.0,100.0,25,0 (704); 3 (77); 6 (19); 5 (16)
QT_TUR_BAS_DISC_INFO_COMPUTACAO,QT,contagem,turmas,,,,,,,,,,,211,1,2025_turma,100.0,100.0,12,0 (893); 1 (2); 14 (2); 6 (2)
QT_TUR_BAS_DISC_ENSINO_RELIGIOSO,QT,contagem,turmas,,,,,,,,,,,212,1,2025_turma,100.0,100.0,32,0 (375); 1 (113); 2 (55); 5 (49)
QT_TUR_BAS_DISC_PROFISSIONA,QT,contagem,turmas,,,,,,,,,,,213,1,2025_turma,100.0,100.0,13,0 (893); 1 (3); 2 (2); 16 (1)
QT_TUR_BAS_DISC_ESTAGIO_SUPER,QT,contagem,turmas,,,,,,,,,,,214,1,2025_turma,100.0,100.0,9,0 (897); 1 (3); 8 (2); 18 (1)
QT_TUR_BAS_DISC_PEDAGOGICAS,QT,contagem,turmas,,,,,,,,,,,215,1,2025_turma,100.0,100.0,2,0 (907); 10 (1)
QT_TUR_BAS_DISC_PROJETO_DE_VIDA,QT,contagem,turmas,,,,,,,,,,,216,1,2025_turma,100.0,100.0,10,0 (870); 2 (11); 1 (8); 3 (8)
QT_TUR_BAS_DISC_OUTRAS,QT,contagem,turmas,,,,,,,,,,,217,1,2025_turma,100.0,100.0,30,0 (530); 1 (97); 2 (54); 7 (22)
QT_TUR_BAS_LIBRAS,QT,contagem,turmas,,,,,,,,,,,218,1,2025_turma,100.0,100.0,1,0 (908)
