arquivo,ano,tabela,posicao,coluna,prefixo,tipo_semantico,bloco,n_linhas_br,pct_preenchido_br,n_linhas_rr,pct_preenchido_rr,n_distintos_rr,exemplos_rr
2019,2019,escola,1,NU_ANO_CENSO,NU,número,identificação e chave,228521,100.0,915,100.0,1,2019 (915)
2019,2019,escola,2,NO_REGIAO,NO,nome/texto,identificação e chave,228521,100.0,915,100.0,1,Norte (915)
2019,2019,escola,3,CO_REGIAO,CO,código,identificação e chave,228521,100.0,915,100.0,1,1 (915)
2019,2019,escola,4,NO_UF,NO,nome/texto,identificação e chave,228521,100.0,915,100.0,1,Roraima (915)
2019,2019,escola,5,SG_UF,SG,sigla,identificação e chave,228521,100.0,915,100.0,1,RR (915)
2019,2019,escola,6,CO_UF,CO,código,identificação e chave,228521,100.0,915,100.0,1,14 (915)
2019,2019,escola,7,NO_MUNICIPIO,NO,nome/texto,identificação e chave,228521,100.0,915,100.0,15,Boa Vista (262); Normandia (116); Uiramutã (107); Pacaraima (56)
2019,2019,escola,8,CO_MUNICIPIO,CO,código,identificação e chave,228521,100.0,915,100.0,15,1400100 (262); 1400407 (116); 1400704 (107); 1400456 (56)
2019,2019,escola,9,NO_MESORREGIAO,NO,nome/texto,geografia (IBGE),228521,100.0,915,100.0,2,Norte de Roraima (730); Sul de Roraima (185)
2019,2019,escola,10,CO_MESORREGIAO,CO,código,geografia (IBGE),228521,100.0,915,100.0,2,1401 (730); 1402 (185)
2019,2019,escola,11,NO_MICRORREGIAO,NO,nome/texto,geografia (IBGE),228521,100.0,915,100.0,4,Boa Vista (420); Nordeste de Roraima (310); Sudeste de Roraima (93); Caracaraí (92)
2019,2019,escola,12,CO_MICRORREGIAO,CO,código,geografia (IBGE),228521,100.0,915,100.0,4,14001 (420); 14002 (310); 14004 (93); 14003 (92)
2019,2019,escola,13,CO_DISTRITO,CO,código,geografia (IBGE),228521,100.0,915,100.0,15,140010005 (262); 140040705 (116); 140070405 (107); 140045605 (56)
2019,2019,escola,14,CO_ENTIDADE,CO,código,identificação e chave,228521,100.0,915,100.0,915,14000016 (1); 14000032 (1); 14000113 (1); 14000130 (1)
2019,2019,escola,15,NO_ENTIDADE,NO,nome/texto,identificação e chave,228521,100.0,915,100.0,909,ESCOLA ESTADUAL FAGUNDES VARELA (2); ESCOLA MUNICIPAL CANTINHO FELIZ (2); ESCOLA MUNICIPAL CRIANCA FELIZ (2); ESCOLA MUNICIPAL NOVA CANAA (2)
2019,2019,escola,16,TP_DEPENDENCIA,TP,categórica codificada,dependência administrativa e vínculos,228521,100.0,915,100.0,4,3 (445); 2 (401); 4 (62); 1 (7)
2019,2019,escola,17,TP_CATEGORIA_ESCOLA_PRIVADA,TP,categórica codificada,dependência administrativa e vínculos,228521,100.0,915,100.0,4,0 (866); 1 (45); 2 (2); 4 (2)
2019,2019,escola,18,TP_LOCALIZACAO,TP,categórica codificada,localização e vínculo institucional,228521,100.0,915,100.0,2,2 (606); 1 (309)
2019,2019,escola,19,TP_LOCALIZACAO_DIFERENCIADA,TP,categórica codificada,localização e vínculo institucional,228521,100.0,915,100.0,3,0 (461); 2 (407); 1 (47)
2019,2019,escola,20,DS_ENDERECO,DS,texto livre,endereço e contato,228521,100.0,915,100.0,804,AVENIDA NAZARE FILGUEIRAS (6); TRAVESSA DOS MACUXIS (5); AVENIDA SOL (4); COMUNIDADE INDIGENA GUARIBA (4)
2019,2019,escola,21,NU_ENDERECO,NU,número,endereço e contato,228521,73.5,915,45.2,213,S/N (102); SN (67); S/Nº (8); 1584 (3)
2019,2019,escola,22,DS_COMPLEMENTO,DS,texto livre,endereço e contato,228521,30.4,915,25.8,88,TI-RSS (33); TERRA IND YANOMAMI (31); ZONA RURAL (23); PREDIO (19)
2019,2019,escola,23,NO_BAIRRO,NO,nome/texto,endereço e contato,228521,80.6,915,45.1,112,CENTRO (71); ZONA RURAL (26); RURAL (11); ASA BRANCA (10)
2019,2019,escola,24,CO_CEP,CO,código,endereço e contato,228521,100.0,915,100.0,206,69355000 (116); 69358000 (107); 69345000 (56); 69343000 (54)
2019,2019,escola,25,NU_DDD,NU,número,endereço e contato,228521,100.0,915,100.0,2,95 (698); . (217)
2019,2019,escola,26,NU_TELEFONE,NU,número,endereço e contato,228521,100.0,915,100.0,329,. (310); 35531270 (33); 36241468 (30); 32381459 (18)
2019,2019,escola,27,TP_SITUACAO_FUNCIONAMENTO,TP,categórica codificada,situação de funcionamento,228521,100.0,915,100.0,3,1 (855); 2 (55); 3 (5)
2019,2019,escola,28,CO_ORGAO_REGIONAL,CO,código,identificação e chave,228521,97.3,915,0.0,0,
2019,2019,escola,29,DT_ANO_LETIVO_INICIO,DT,data,situação de funcionamento,228521,100.0,915,100.0,56,20MAY2019:00:00:00 (216); 07MAR2019:00:00:00 (124); 30JAN2019:00:00:00 (97); 18FEB2019:00:00:00 (95)
2019,2019,escola,30,DT_ANO_LETIVO_TERMINO,DT,data,situação de funcionamento,228521,100.0,915,100.0,62,13DEC2019:00:00:00 (255); 19MAR2020:00:00:00 (92); 0 (60); 19DEC2019:00:00:00 (60)
2019,2019,escola,31,IN_VINCULO_SECRETARIA_EDUCACAO,IN,binária (0/1),localização e vínculo institucional,228521,100.0,915,100.0,2,1 (806); 0 (109)
2019,2019,escola,32,IN_VINCULO_SEGURANCA_PUBLICA,IN,binária (0/1),localização e vínculo institucional,228521,100.0,915,100.0,1,0 (915)
2019,2019,escola,33,IN_VINCULO_SECRETARIA_SAUDE,IN,binária (0/1),localização e vínculo institucional,228521,100.0,915,100.0,2,0 (914); 1 (1)
2019,2019,escola,34,IN_VINCULO_OUTRO_ORGAO,IN,binária (0/1),localização e vínculo institucional,228521,100.0,915,100.0,1,0 (915)
2019,2019,escola,35,IN_CONVENIADA_PP,IN,binária (0/1),dependência administrativa e vínculos,228521,100.0,915,100.0,1,0 (915)
2019,2019,escola,36,TP_CONVENIO_PODER_PUBLICO,TP,categórica codificada,dependência administrativa e vínculos,228521,100.0,915,100.0,1,0 (915)
2019,2019,escola,37,IN_MANT_ESCOLA_PRIVADA_EMP,IN,binária (0/1),dependência administrativa e vínculos,228521,100.0,915,100.0,2,0 (874); 1 (41)
2019,2019,escola,38,IN_MANT_ESCOLA_PRIVADA_ONG,IN,binária (0/1),dependência administrativa e vínculos,228521,100.0,915,100.0,1,0 (915)
2019,2019,escola,39,IN_MANT_ESCOLA_PRIVADA_OSCIP,IN,binária (0/1),dependência administrativa e vínculos,228521,100.0,915,100.0,1,0 (915)
2019,2019,escola,40,IN_MANT_ESCOLA_PRIV_ONG_OSCIP,IN,binária (0/1),dependência administrativa e vínculos,228521,100.0,915,100.0,1,0 (915)
2019,2019,escola,41,IN_MANT_ESCOLA_PRIVADA_SIND,IN,binária (0/1),dependência administrativa e vínculos,228521,100.0,915,100.0,2,0 (914); 1 (1)
2019,2019,escola,42,IN_MANT_ESCOLA_PRIVADA_SIST_S,IN,binária (0/1),dependência administrativa e vínculos,228521,100.0,915,100.0,2,0 (911); 1 (4)
2019,2019,escola,43,IN_MANT_ESCOLA_PRIVADA_S_FINS,IN,binária (0/1),dependência administrativa e vínculos,228521,100.0,915,100.0,2,0 (909); 1 (6)
2019,2019,escola,44,NU_CNPJ_ESCOLA_PRIVADA,NU,número,dependência administrativa e vínculos,228521,18.5,915,5.4,49,00604243000139 (1); 01949930000159 (1); 03153024000179 (1); 03488834000500 (1)
2019,2019,escola,45,NU_CNPJ_MANTENEDORA,NU,número,dependência administrativa e vínculos,228521,18.5,915,5.4,49,00604243000139 (1); 01949930000159 (1); 03153024000179 (1); 03488834000186 (1)
2019,2019,escola,46,TP_REGULAMENTACAO,TP,categórica codificada,dependência administrativa e vínculos,228521,100.0,915,100.0,3,1 (720); 0 (130); 2 (65)
2019,2019,escola,47,TP_RESPONSAVEL_REGULAMENTACAO,TP,categórica codificada,dependência administrativa e vínculos,228521,100.0,915,100.0,6,2 (412); 3 (327); 0 (130); 9 (28)
2019,2019,escola,48,CO_ESCOLA_SEDE_VINCULADA,CO,código,dependência administrativa e vínculos,228521,100.0,915,100.0,1,0 (915)
2019,2019,escola,49,CO_IES_OFERTANTE,CO,código,dependência administrativa e vínculos,228521,100.0,915,100.0,2,0 (914); 789 (1)
2019,2019,escola,50,IN_LOCAL_FUNC_PREDIO_ESCOLAR,IN,binária (0/1),local de funcionamento,228521,100.0,915,100.0,2,1 (631); 0 (284)
2019,2019,escola,51,TP_OCUPACAO_PREDIO_ESCOLAR,TP,categórica codificada,local de funcionamento,228521,100.0,915,100.0,4,1 (567); 0 (284); 3 (48); 2 (16)
2019,2019,escola,52,IN_LOCAL_FUNC_SALAS_EMPRESA,IN,binária (0/1),local de funcionamento,228521,100.0,915,100.0,1,0 (915)
2019,2019,escola,53,IN_LOCAL_FUNC_SOCIOEDUCATIVO,IN,binária (0/1),local de funcionamento,228521,100.0,915,100.0,1,0 (915)
2019,2019,escola,54,IN_LOCAL_FUNC_UNID_PRISIONAL,IN,binária (0/1),local de funcionamento,228521,100.0,915,100.0,2,0 (914); 1 (1)
2019,2019,escola,55,IN_LOCAL_FUNC_PRISIONAL_SOCIO,IN,binária (0/1),local de funcionamento,228521,100.0,915,100.0,2,0 (914); 1 (1)
2019,2019,escola,56,IN_LOCAL_FUNC_TEMPLO_IGREJA,IN,binária (0/1),local de funcionamento,228521,100.0,915,100.0,1,0 (915)
2019,2019,escola,57,IN_LOCAL_FUNC_CASA_PROFESSOR,IN,binária (0/1),local de funcionamento,228521,100.0,915,100.0,1,0 (915)
2019,2019,escola,58,IN_LOCAL_FUNC_GALPAO,IN,binária (0/1),local de funcionamento,228521,100.0,915,100.0,2,0 (658); 1 (257)
2019,2019,escola,59,TP_OCUPACAO_GALPAO,TP,categórica codificada,local de funcionamento,228521,100.0,915,100.0,4,0 (658); 3 (151); 9 (55); 1 (51)
2019,2019,escola,60,IN_LOCAL_FUNC_SALAS_OUTRA_ESC,IN,binária (0/1),local de funcionamento,228521,100.0,915,100.0,2,0 (877); 1 (38)
2019,2019,escola,61,IN_LOCAL_FUNC_OUTROS,IN,binária (0/1),local de funcionamento,228521,100.0,915,100.0,2,0 (858); 1 (57)
2019,2019,escola,62,IN_PREDIO_COMPARTILHADO,IN,binária (0/1),local de funcionamento,228521,100.0,915,100.0,2,0 (876); 1 (39)
2019,2019,escola,63,IN_AGUA_FILTRADA,IN,binária (0/1),"infraestrutura básica (água, energia, esgoto, lixo)",228521,100.0,915,100.0,1,0 (915)
2019,2019,escola,64,IN_AGUA_POTAVEL,IN,binária (0/1),"infraestrutura básica (água, energia, esgoto, lixo)",228521,100.0,915,100.0,2,1 (549); 0 (366)
2019,2019,escola,65,IN_AGUA_REDE_PUBLICA,IN,binária (0/1),"infraestrutura básica (água, energia, esgoto, lixo)",228521,100.0,915,100.0,2,0 (547); 1 (368)
2019,2019,escola,66,IN_AGUA_POCO_ARTESIANO,IN,binária (0/1),"infraestrutura básica (água, energia, esgoto, lixo)",228521,100.0,915,100.0,2,0 (633); 1 (282)
2019,2019,escola,67,IN_AGUA_CACIMBA,IN,binária (0/1),"infraestrutura básica (água, energia, esgoto, lixo)",228521,100.0,915,100.0,2,0 (816); 1 (99)
2019,2019,escola,68,IN_AGUA_FONTE_RIO,IN,binária (0/1),"infraestrutura básica (água, energia, esgoto, lixo)",228521,100.0,915,100.0,2,0 (728); 1 (187)
2019,2019,escola,69,IN_AGUA_INEXISTENTE,IN,binária (0/1),"infraestrutura básica (água, energia, esgoto, lixo)",228521,100.0,915,100.0,2,0 (914); 1 (1)
2019,2019,escola,70,IN_ENERGIA_REDE_PUBLICA,IN,binária (0/1),"infraestrutura básica (água, energia, esgoto, lixo)",228521,100.0,915,100.0,2,1 (576); 0 (339)
2019,2019,escola,71,IN_ENERGIA_GERADOR,IN,binária (0/1),"infraestrutura básica (água, energia, esgoto, lixo)",228521,100.0,915,100.0,1,0 (915)
2019,2019,escola,72,IN_ENERGIA_GERADOR_FOSSIL,IN,binária (0/1),"infraestrutura básica (água, energia, esgoto, lixo)",228521,100.0,915,100.0,2,0 (856); 1 (59)
2019,2019,escola,73,IN_ENERGIA_OUTROS,IN,binária (0/1),"infraestrutura básica (água, energia, esgoto, lixo)",228521,100.0,915,100.0,1,0 (915)
2019,2019,escola,74,IN_ENERGIA_RENOVAVEL,IN,binária (0/1),"infraestrutura básica (água, energia, esgoto, lixo)",228521,100.0,915,100.0,2,0 (912); 1 (3)
2019,2019,escola,75,IN_ENERGIA_INEXISTENTE,IN,binária (0/1),"infraestrutura básica (água, energia, esgoto, lixo)",228521,100.0,915,100.0,2,0 (687); 1 (228)
2019,2019,escola,76,IN_ESGOTO_REDE_PUBLICA,IN,binária (0/1),"infraestrutura básica (água, energia, esgoto, lixo)",228521,100.0,915,100.0,2,0 (755); 1 (160)
2019,2019,escola,77,IN_ESGOTO_FOSSA_SEPTICA,IN,binária (0/1),"infraestrutura básica (água, energia, esgoto, lixo)",228521,100.0,915,100.0,2,0 (641); 1 (274)
2019,2019,escola,78,IN_ESGOTO_FOSSA_COMUM,IN,binária (0/1),"infraestrutura básica (água, energia, esgoto, lixo)",228521,100.0,915,100.0,2,0 (696); 1 (219)
2019,2019,escola,79,IN_ESGOTO_FOSSA,IN,binária (0/1),"infraestrutura básica (água, energia, esgoto, lixo)",228521,100.0,915,100.0,2,1 (493); 0 (422)
2019,2019,escola,80,IN_ESGOTO_INEXISTENTE,IN,binária (0/1),"infraestrutura básica (água, energia, esgoto, lixo)",228521,100.0,915,100.0,2,0 (711); 1 (204)
2019,2019,escola,81,IN_LIXO_SERVICO_COLETA,IN,binária (0/1),"infraestrutura básica (água, energia, esgoto, lixo)",228521,100.0,915,100.0,2,0 (560); 1 (355)
2019,2019,escola,82,IN_LIXO_QUEIMA,IN,binária (0/1),"infraestrutura básica (água, energia, esgoto, lixo)",228521,100.0,915,100.0,2,1 (514); 0 (401)
2019,2019,escola,83,IN_LIXO_ENTERRA,IN,binária (0/1),"infraestrutura básica (água, energia, esgoto, lixo)",228521,100.0,915,100.0,2,0 (827); 1 (88)
2019,2019,escola,84,IN_LIXO_DESTINO_FINAL_PUBLICO,IN,binária (0/1),"infraestrutura básica (água, energia, esgoto, lixo)",228521,100.0,915,100.0,2,0 (911); 1 (4)
2019,2019,escola,85,IN_LIXO_DESCARTA_OUTRA_AREA,IN,binária (0/1),"infraestrutura básica (água, energia, esgoto, lixo)",228521,100.0,915,100.0,2,0 (885); 1 (30)
2019,2019,escola,86,IN_LIXO_JOGA_OUTRA_AREA,IN,binária (0/1),"infraestrutura básica (água, energia, esgoto, lixo)",228521,100.0,915,100.0,1,0 (915)
2019,2019,escola,87,IN_LIXO_OUTROS,IN,binária (0/1),"infraestrutura básica (água, energia, esgoto, lixo)",228521,100.0,915,100.0,1,0 (915)
2019,2019,escola,88,IN_LIXO_RECICLA,IN,binária (0/1),"infraestrutura básica (água, energia, esgoto, lixo)",228521,100.0,915,100.0,1,0 (915)
2019,2019,escola,89,IN_TRATAMENTO_LIXO_SEPARACAO,IN,binária (0/1),"infraestrutura básica (água, energia, esgoto, lixo)",228521,100.0,915,100.0,3,0 (814); 1 (79); 9 (22)
2019,2019,escola,90,IN_TRATAMENTO_LIXO_REUTILIZA,IN,binária (0/1),"infraestrutura básica (água, energia, esgoto, lixo)",228521,100.0,915,100.0,3,0 (885); 9 (22); 1 (8)
2019,2019,escola,91,IN_TRATAMENTO_LIXO_RECICLAGEM,IN,binária (0/1),"infraestrutura básica (água, energia, esgoto, lixo)",228521,100.0,915,100.0,3,0 (884); 9 (22); 1 (9)
2019,2019,escola,92,IN_TRATAMENTO_LIXO_INEXISTENTE,IN,binária (0/1),"infraestrutura básica (água, energia, esgoto, lixo)",228521,100.0,915,100.0,3,1 (743); 0 (150); 9 (22)
2019,2019,escola,93,IN_ALMOXARIFADO,IN,binária (0/1),dependências físicas,228521,100.0,915,100.0,2,0 (760); 1 (155)
2019,2019,escola,94,IN_AREA_VERDE,IN,binária (0/1),dependências físicas,228521,100.0,915,100.0,2,0 (655); 1 (260)
2019,2019,escola,95,IN_AUDITORIO,IN,binária (0/1),dependências físicas,228521,100.0,915,100.0,2,0 (873); 1 (42)
2019,2019,escola,96,IN_BANHEIRO_FORA_PREDIO,IN,binária (0/1),dependências físicas,228521,100.0,915,100.0,1,0 (915)
2019,2019,escola,97,IN_BANHEIRO_DENTRO_PREDIO,IN,binária (0/1),dependências físicas,228521,100.0,915,100.0,1,0 (915)
2019,2019,escola,98,IN_BANHEIRO,IN,binária (0/1),dependências físicas,228521,100.0,915,100.0,2,1 (617); 0 (298)
2019,2019,escola,99,IN_BANHEIRO_EI,IN,binária (0/1),dependências físicas,228521,100.0,915,100.0,2,0 (761); 1 (154)
2019,2019,escola,100,IN_BANHEIRO_PNE,IN,binária (0/1),dependências físicas,228521,100.0,915,100.0,2,0 (667); 1 (248)
2019,2019,escola,101,IN_BANHEIRO_FUNCIONARIOS,IN,binária (0/1),dependências físicas,228521,100.0,915,100.0,2,0 (751); 1 (164)
2019,2019,escola,102,IN_BANHEIRO_CHUVEIRO,IN,binária (0/1),dependências físicas,228521,100.0,915,100.0,2,0 (555); 1 (360)
2019,2019,escola,103,IN_BERCARIO,IN,binária (0/1),dependências físicas,228521,100.0,915,100.0,1,0 (915)
2019,2019,escola,104,IN_BIBLIOTECA,IN,binária (0/1),dependências físicas,228521,100.0,915,100.0,2,0 (680); 1 (235)
2019,2019,escola,105,IN_BIBLIOTECA_SALA_LEITURA,IN,binária (0/1),dependências físicas,228521,100.0,915,100.0,2,0 (653); 1 (262)
2019,2019,escola,106,IN_COZINHA,IN,binária (0/1),dependências físicas,228521,100.0,915,100.0,2,1 (621); 0 (294)
2019,2019,escola,107,IN_DESPENSA,IN,binária (0/1),dependências físicas,228521,100.0,915,100.0,2,0 (480); 1 (435)
2019,2019,escola,108,IN_DORMITORIO_ALUNO,IN,binária (0/1),dependências físicas,228521,100.0,915,100.0,2,0 (902); 1 (13)
2019,2019,escola,109,IN_DORMITORIO_PROFESSOR,IN,binária (0/1),dependências físicas,228521,100.0,915,100.0,2,0 (908); 1 (7)
2019,2019,escola,110,IN_LABORATORIO_CIENCIAS,IN,binária (0/1),dependências físicas,228521,100.0,915,100.0,2,0 (865); 1 (50)
2019,2019,escola,111,IN_LABORATORIO_INFORMATICA,IN,binária (0/1),dependências físicas,228521,100.0,915,100.0,2,0 (748); 1 (167)
2019,2019,escola,112,IN_PATIO_COBERTO,IN,binária (0/1),dependências físicas,228521,100.0,915,100.0,2,0 (608); 1 (307)
2019,2019,escola,113,IN_PATIO_DESCOBERTO,IN,binária (0/1),dependências físicas,228521,100.0,915,100.0,2,0 (794); 1 (121)
2019,2019,escola,114,IN_PARQUE_INFANTIL,IN,binária (0/1),dependências físicas,228521,100.0,915,100.0,2,0 (808); 1 (107)
2019,2019,escola,115,IN_PISCINA,IN,binária (0/1),dependências físicas,228521,100.0,915,100.0,2,0 (907); 1 (8)
2019,2019,escola,116,IN_QUADRA_ESPORTES,IN,binária (0/1),dependências físicas,228521,100.0,915,100.0,2,0 (725); 1 (190)
2019,2019,escola,117,IN_QUADRA_ESPORTES_COBERTA,IN,binária (0/1),dependências físicas,228521,100.0,915,100.0,2,0 (741); 1 (174)
2019,2019,escola,118,IN_QUADRA_ESPORTES_DESCOBERTA,IN,binária (0/1),dependências físicas,228521,100.0,915,100.0,2,0 (887); 1 (28)
2019,2019,escola,119,IN_REFEITORIO,IN,binária (0/1),dependências físicas,228521,100.0,915,100.0,2,0 (579); 1 (336)
2019,2019,escola,120,IN_SALA_ATELIE_ARTES,IN,binária (0/1),dependências físicas,228521,100.0,915,100.0,2,0 (904); 1 (11)
2019,2019,escola,121,IN_SALA_MUSICA_CORAL,IN,binária (0/1),dependências físicas,228521,100.0,915,100.0,2,0 (908); 1 (7)
2019,2019,escola,122,IN_SALA_ESTUDIO_DANCA,IN,binária (0/1),dependências físicas,228521,100.0,915,100.0,2,0 (912); 1 (3)
2019,2019,escola,123,IN_SALA_MULTIUSO,IN,binária (0/1),dependências físicas,228521,100.0,915,100.0,2,0 (896); 1 (19)
2019,2019,escola,124,IN_SALA_DIRETORIA,IN,binária (0/1),dependências físicas,228521,100.0,915,100.0,2,0 (513); 1 (402)
2019,2019,escola,125,IN_SALA_LEITURA,IN,binária (0/1),dependências físicas,228521,100.0,915,100.0,2,0 (755); 1 (160)
2019,2019,escola,126,IN_SALA_PROFESSOR,IN,binária (0/1),dependências físicas,228521,100.0,915,100.0,2,0 (598); 1 (317)
2019,2019,escola,127,IN_SALA_REPOUSO_ALUNO,IN,binária (0/1),dependências físicas,228521,100.0,915,100.0,2,0 (910); 1 (5)
2019,2019,escola,128,IN_SECRETARIA,IN,binária (0/1),dependências físicas,228521,100.0,915,100.0,2,1 (459); 0 (456)
2019,2019,escola,129,IN_SALA_ATENDIMENTO_ESPECIAL,IN,binária (0/1),dependências físicas,228521,100.0,915,100.0,2,0 (724); 1 (191)
2019,2019,escola,130,IN_TERREIRAO,IN,binária (0/1),dependências físicas,228521,100.0,915,100.0,2,0 (693); 1 (222)
2019,2019,escola,131,IN_VIVEIRO,IN,binária (0/1),dependências físicas,228521,100.0,915,100.0,2,0 (910); 1 (5)
2019,2019,escola,132,IN_DEPENDENCIAS_PNE,IN,binária (0/1),acessibilidade,228521,100.0,915,100.0,1,0 (915)
2019,2019,escola,133,IN_LAVANDERIA,IN,binária (0/1),dependências físicas,228521,100.0,915,100.0,1,0 (915)
2019,2019,escola,134,IN_DEPENDENCIAS_OUTRAS,IN,binária (0/1),dependências físicas,228521,100.0,915,100.0,2,0 (782); 1 (133)
2019,2019,escola,135,IN_ACESSIBILIDADE_CORRIMAO,IN,binária (0/1),acessibilidade,228521,100.0,915,100.0,2,0 (879); 1 (36)
2019,2019,escola,136,IN_ACESSIBILIDADE_ELEVADOR,IN,binária (0/1),acessibilidade,228521,100.0,915,100.0,2,0 (907); 1 (8)
2019,2019,escola,137,IN_ACESSIBILIDADE_PISOS_TATEIS,IN,binária (0/1),acessibilidade,228521,100.0,915,100.0,2,0 (848); 1 (67)
2019,2019,escola,138,IN_ACESSIBILIDADE_VAO_LIVRE,IN,binária (0/1),acessibilidade,228521,100.0,915,100.0,2,0 (822); 1 (93)
2019,2019,escola,139,IN_ACESSIBILIDADE_RAMPAS,IN,binária (0/1),acessibilidade,228521,100.0,915,100.0,2,0 (676); 1 (239)
2019,2019,escola,140,IN_ACESSIBILIDADE_SINAL_SONORO,IN,binária (0/1),acessibilidade,228521,100.0,915,100.0,2,0 (908); 1 (7)
2019,2019,escola,141,IN_ACESSIBILIDADE_SINAL_TATIL,IN,binária (0/1),acessibilidade,228521,100.0,915,100.0,2,0 (895); 1 (20)
2019,2019,escola,142,IN_ACESSIBILIDADE_SINAL_VISUAL,IN,binária (0/1),acessibilidade,228521,100.0,915,100.0,2,0 (885); 1 (30)
2019,2019,escola,143,IN_ACESSIBILIDADE_INEXISTENTE,IN,binária (0/1),acessibilidade,228521,100.0,915,100.0,2,1 (568); 0 (347)
2019,2019,escola,144,QT_SALAS_EXISTENTES,QT,contagem,dependências físicas,228521,100.0,915,100.0,1,0 (915)
2019,2019,escola,145,QT_SALAS_UTILIZADAS_DENTRO,QT,contagem,dependências físicas,228521,100.0,915,100.0,37,0 (284); 1 (103); 2 (78); 4 (70)
2019,2019,escola,146,QT_SALAS_UTILIZADAS_FORA,QT,contagem,dependências físicas,228521,100.0,915,100.0,14,0 (589); 1 (175); 2 (50); 4 (31)
2019,2019,escola,147,QT_SALAS_UTILIZADAS,QT,contagem,dependências físicas,228521,100.0,915,100.0,38,1 (224); 2 (99); 4 (89); 0 (60)
2019,2019,escola,148,QT_SALAS_UTILIZA_CLIMATIZADAS,QT,contagem,dependências físicas,228521,100.0,915,100.0,35,0 (616); 10 (29); 4 (28); 1 (26)
2019,2019,escola,149,QT_SALAS_UTILIZADAS_ACESSIVEIS,QT,contagem,dependências físicas,228521,100.0,915,100.0,30,0 (813); 1 (15); 10 (12); 12 (11)
2019,2019,escola,150,IN_EQUIP_PARABOLICA,IN,binária (0/1),equipamentos e tecnologia,228521,100.0,915,100.0,2,0 (857); 1 (58)
2019,2019,escola,151,IN_COMPUTADOR,IN,binária (0/1),equipamentos e tecnologia,228521,100.0,915,100.0,2,0 (468); 1 (447)
2019,2019,escola,152,IN_EQUIP_COPIADORA,IN,binária (0/1),equipamentos e tecnologia,228521,100.0,915,100.0,2,0 (719); 1 (196)
2019,2019,escola,153,IN_EQUIP_IMPRESSORA,IN,binária (0/1),equipamentos e tecnologia,228521,100.0,915,100.0,2,0 (569); 1 (346)
2019,2019,escola,154,IN_EQUIP_IMPRESSORA_MULT,IN,binária (0/1),equipamentos e tecnologia,228521,100.0,915,100.0,2,0 (621); 1 (294)
2019,2019,escola,155,IN_EQUIP_SCANNER,IN,binária (0/1),equipamentos e tecnologia,228521,100.0,915,100.0,2,0 (836); 1 (79)
2019,2019,escola,156,IN_EQUIP_NENHUM,IN,binária (0/1),equipamentos e tecnologia,228521,100.0,915,100.0,1,0 (915)
2019,2019,escola,157,IN_EQUIP_DVD,IN,binária (0/1),equipamentos e tecnologia,228521,100.0,915,100.0,2,0 (641); 1 (274)
2019,2019,escola,158,QT_EQUIP_DVD,QT,contagem,equipamentos e tecnologia,228521,100.0,915,100.0,8,0 (641); 1 (182); 2 (60); 3 (17)
2019,2019,escola,159,IN_EQUIP_SOM,IN,binária (0/1),equipamentos e tecnologia,228521,100.0,915,100.0,2,0 (642); 1 (273)
2019,2019,escola,160,QT_EQUIP_SOM,QT,contagem,equipamentos e tecnologia,228521,100.0,915,100.0,13,0 (642); 1 (162); 2 (62); 3 (19)
2019,2019,escola,161,IN_EQUIP_TV,IN,binária (0/1),equipamentos e tecnologia,228521,100.0,915,100.0,2,0 (530); 1 (385)
2019,2019,escola,162,QT_EQUIP_TV,QT,contagem,equipamentos e tecnologia,228521,100.0,915,100.0,18,0 (530); 1 (207); 2 (91); 3 (36)
2019,2019,escola,163,IN_EQUIP_LOUSA_DIGITAL,IN,binária (0/1),equipamentos e tecnologia,228521,100.0,915,100.0,2,0 (813); 1 (102)
2019,2019,escola,164,QT_EQUIP_LOUSA_DIGITAL,QT,contagem,equipamentos e tecnologia,228521,100.0,915,100.0,11,0 (813); 1 (35); 2 (23); 3 (21)
2019,2019,escola,165,IN_EQUIP_MULTIMIDIA,IN,binária (0/1),equipamentos e tecnologia,228521,100.0,915,100.0,2,0 (662); 1 (253)
2019,2019,escola,166,QT_EQUIP_MULTIMIDIA,QT,contagem,equipamentos e tecnologia,228521,100.0,915,100.0,18,0 (662); 1 (155); 2 (53); 3 (16)
2019,2019,escola,167,IN_EQUIP_VIDEOCASSETE,IN,binária (0/1),equipamentos e tecnologia,228521,100.0,915,100.0,1,0 (915)
2019,2019,escola,168,IN_EQUIP_RETROPROJETOR,IN,binária (0/1),equipamentos e tecnologia,228521,100.0,915,100.0,1,0 (915)
2019,2019,escola,169,IN_EQUIP_FAX,IN,binária (0/1),equipamentos e tecnologia,228521,100.0,915,100.0,1,0 (915)
2019,2019,escola,170,IN_EQUIP_FOTO,IN,binária (0/1),equipamentos e tecnologia,228521,100.0,915,100.0,1,0 (915)
2019,2019,escola,171,QT_EQUIP_VIDEOCASSETE,QT,contagem,equipamentos e tecnologia,228521,100.0,915,100.0,1,0 (915)
2019,2019,escola,172,QT_EQUIP_PARABOLICA,QT,contagem,equipamentos e tecnologia,228521,100.0,915,100.0,1,0 (915)
2019,2019,escola,173,QT_EQUIP_COPIADORA,QT,contagem,equipamentos e tecnologia,228521,100.0,915,100.0,1,0 (915)
2019,2019,escola,174,QT_EQUIP_RETROPROJETOR,QT,contagem,equipamentos e tecnologia,228521,100.0,915,100.0,1,0 (915)
2019,2019,escola,175,QT_EQUIP_IMPRESSORA,QT,contagem,equipamentos e tecnologia,228521,100.0,915,100.0,1,0 (915)
2019,2019,escola,176,QT_EQUIP_IMPRESSORA_MULT,QT,contagem,equipamentos e tecnologia,228521,100.0,915,100.0,1,0 (915)
2019,2019,escola,177,QT_EQUIP_FAX,QT,contagem,equipamentos e tecnologia,228521,100.0,915,100.0,1,0 (915)
2019,2019,escola,178,QT_EQUIP_FOTO,QT,contagem,equipamentos e tecnologia,228521,100.0,915,100.0,1,0 (915)
2019,2019,escola,179,QT_COMP_ALUNO,QT,contagem,equipamentos e tecnologia,228521,100.0,915,100.0,1,0 (915)
2019,2019,escola,180,IN_DESKTOP_ALUNO,IN,binária (0/1),equipamentos e tecnologia,228521,100.0,915,100.0,2,0 (715); 1 (200)
2019,2019,escola,181,QT_DESKTOP_ALUNO,QT,contagem,equipamentos e tecnologia,228521,100.0,915,100.0,34,0 (715); 10 (27); 1 (22); 3 (16)
2019,2019,escola,182,IN_COMP_PORTATIL_ALUNO,IN,binária (0/1),equipamentos e tecnologia,228521,100.0,915,100.0,2,0 (827); 1 (88)
2019,2019,escola,183,QT_COMP_PORTATIL_ALUNO,QT,contagem,equipamentos e tecnologia,228521,100.0,915,100.0,15,0 (827); 1 (40); 2 (27); 3 (9)
2019,2019,escola,184,IN_TABLET_ALUNO,IN,binária (0/1),equipamentos e tecnologia,228521,100.0,915,100.0,2,0 (856); 1 (59)
2019,2019,escola,185,QT_TABLET_ALUNO,QT,contagem,equipamentos e tecnologia,228521,100.0,915,100.0,27,0 (856); 1 (10); 25 (7); 2 (5)
2019,2019,escola,186,QT_COMPUTADOR,QT,contagem,equipamentos e tecnologia,228521,100.0,915,100.0,1,0 (915)
2019,2019,escola,187,QT_COMP_ADMINISTRATIVO,QT,contagem,equipamentos e tecnologia,228521,100.0,915,100.0,1,0 (915)
2019,2019,escola,188,IN_INTERNET,IN,binária (0/1),equipamentos e tecnologia,228521,100.0,915,100.0,2,0 (559); 1 (356)
2019,2019,escola,189,IN_INTERNET_ALUNOS,IN,binária (0/1),equipamentos e tecnologia,228521,100.0,915,100.0,2,0 (754); 1 (161)
2019,2019,escola,190,IN_INTERNET_ADMINISTRATIVO,IN,binária (0/1),equipamentos e tecnologia,228521,100.0,915,100.0,2,0 (604); 1 (311)
2019,2019,escola,191,IN_INTERNET_APRENDIZAGEM,IN,binária (0/1),equipamentos e tecnologia,228521,100.0,915,100.0,2,0 (770); 1 (145)
2019,2019,escola,192,IN_INTERNET_COMUNIDADE,IN,binária (0/1),equipamentos e tecnologia,228521,100.0,915,100.0,2,0 (842); 1 (73)
2019,2019,escola,193,IN_ACESSO_INTERNET_COMPUTADOR,IN,binária (0/1),equipamentos e tecnologia,228521,100.0,915,100.0,3,0 (792); 1 (121); 9 (2)
2019,2019,escola,194,IN_ACES_INTERNET_DISP_PESSOAIS,IN,binária (0/1),equipamentos e tecnologia,228521,100.0,915,100.0,3,0 (842); 1 (71); 9 (2)
2019,2019,escola,195,TP_REDE_LOCAL,TP,categórica codificada,equipamentos e tecnologia,228521,100.0,915,100.0,5,9 (444); 0 (187); 1 (121); 3 (86)
2019,2019,escola,196,IN_BANDA_LARGA,IN,binária (0/1),equipamentos e tecnologia,228521,100.0,915,100.0,2,0 (678); 1 (237)
2019,2019,escola,197,QT_FUNCIONARIOS,QT,contagem,profissionais não docentes,228521,100.0,915,100.0,1,0 (915)
2019,2019,escola,198,IN_PROF_ADMINISTRATIVOS,IN,binária (0/1),profissionais não docentes,228521,100.0,915,100.0,2,0 (568); 1 (347)
2019,2019,escola,199,QT_PROF_ADMINISTRATIVOS,QT,contagem,profissionais não docentes,228521,100.0,915,100.0,18,0 (568); 1 (148); 2 (96); 3 (27)
2019,2019,escola,200,IN_PROF_SERVICOS_GERAIS,IN,binária (0/1),profissionais não docentes,228521,100.0,915,100.0,2,1 (543); 0 (372)
2019,2019,escola,201,QT_PROF_SERVICOS_GERAIS,QT,contagem,profissionais não docentes,228521,100.0,915,100.0,28,0 (372); 1 (166); 2 (81); 3 (49)
2019,2019,escola,202,IN_PROF_BIBLIOTECARIO,IN,binária (0/1),profissionais não docentes,228521,100.0,915,100.0,2,0 (764); 1 (151)
2019,2019,escola,203,QT_PROF_BIBLIOTECARIO,QT,contagem,profissionais não docentes,228521,100.0,915,100.0,12,0 (764); 1 (43); 2 (37); 3 (32)
2019,2019,escola,204,IN_PROF_SAUDE,IN,binária (0/1),profissionais não docentes,228521,100.0,915,100.0,2,0 (902); 1 (13)
2019,2019,escola,205,QT_PROF_SAUDE,QT,contagem,profissionais não docentes,228521,100.0,915,100.0,7,0 (902); 1 (4); 88888 (4); 2 (2)
2019,2019,escola,206,IN_PROF_COORDENADOR,IN,binária (0/1),profissionais não docentes,228521,100.0,915,100.0,2,0 (733); 1 (182)
2019,2019,escola,207,QT_PROF_COORDENADOR,QT,contagem,profissionais não docentes,228521,100.0,915,100.0,11,0 (733); 1 (114); 2 (37); 3 (12)
2019,2019,escola,208,IN_PROF_FONAUDIOLOGO,IN,binária (0/1),profissionais não docentes,228521,100.0,915,100.0,2,0 (913); 1 (2)
2019,2019,escola,209,QT_PROF_FONAUDIOLOGO,QT,contagem,profissionais não docentes,228521,100.0,915,100.0,3,0 (913); 2 (1); 3 (1)
2019,2019,escola,210,IN_PROF_NUTRICIONISTA,IN,binária (0/1),profissionais não docentes,228521,100.0,915,100.0,2,0 (900); 1 (15)
2019,2019,escola,211,QT_PROF_NUTRICIONISTA,QT,contagem,profissionais não docentes,228521,100.0,915,100.0,2,0 (900); 1 (15)
2019,2019,escola,212,IN_PROF_PSICOLOGO,IN,binária (0/1),profissionais não docentes,228521,100.0,915,100.0,2,0 (899); 1 (16)
2019,2019,escola,213,QT_PROF_PSICOLOGO,QT,contagem,profissionais não docentes,228521,100.0,915,100.0,4,0 (899); 1 (13); 3 (2); 2 (1)
2019,2019,escola,214,IN_PROF_ALIMENTACAO,IN,binária (0/1),profissionais não docentes,228521,100.0,915,100.0,2,0 (468); 1 (447)
2019,2019,escola,215,QT_PROF_ALIMENTACAO,QT,contagem,profissionais não docentes,228521,100.0,915,100.0,11,0 (468); 1 (188); 2 (81); 4 (71)
2019,2019,escola,216,IN_PROF_PEDAGOGIA,IN,binária (0/1),profissionais não docentes,228521,100.0,915,100.0,2,0 (522); 1 (393)
2019,2019,escola,217,QT_PROF_PEDAGOGIA,QT,contagem,profissionais não docentes,228521,100.0,915,100.0,25,0 (522); 1 (176); 2 (75); 3 (35)
2019,2019,escola,218,IN_PROF_SECRETARIO,IN,binária (0/1),profissionais não docentes,228521,100.0,915,100.0,2,0 (599); 1 (316)
2019,2019,escola,219,QT_PROF_SECRETARIO,QT,contagem,profissionais não docentes,228521,100.0,915,100.0,4,0 (599); 1 (310); 2 (5); 4 (1)
2019,2019,escola,220,IN_PROF_SEGURANCA,IN,binária (0/1),profissionais não docentes,228521,100.0,915,100.0,2,0 (809); 1 (106)
2019,2019,escola,221,QT_PROF_SEGURANCA,QT,contagem,profissionais não docentes,228521,100.0,915,100.0,12,0 (809); 3 (43); 1 (20); 2 (19)
2019,2019,escola,222,IN_PROF_MONITORES,IN,binária (0/1),profissionais não docentes,228521,100.0,915,100.0,2,0 (837); 1 (78)
2019,2019,escola,223,QT_PROF_MONITORES,QT,contagem,profissionais não docentes,228521,100.0,915,100.0,11,0 (837); 1 (27); 2 (27); 3 (12)
2019,2019,escola,224,IN_PROF_GESTAO,IN,binária (0/1),profissionais não docentes,228521,100.0,915,100.0,1,0 (915)
2019,2019,escola,225,QT_PROF_GESTAO,QT,contagem,profissionais não docentes,228521,100.0,915,100.0,1,0 (915)
2019,2019,escola,226,IN_PROF_ASSIST_SOCIAL,IN,binária (0/1),profissionais não docentes,228521,100.0,915,100.0,1,0 (915)
2019,2019,escola,227,QT_PROF_ASSIST_SOCIAL,QT,contagem,profissionais não docentes,228521,100.0,915,100.0,1,0 (915)
2019,2019,escola,228,IN_ALIMENTACAO,IN,binária (0/1),alimentação escolar,228521,100.0,915,100.0,2,1 (808); 0 (107)
2019,2019,escola,229,IN_SERIE_ANO,IN,binária (0/1),organização do ensino e gestão,228521,100.0,915,100.0,2,1 (834); 0 (81)
2019,2019,escola,230,IN_PERIODOS_SEMESTRAIS,IN,binária (0/1),organização do ensino e gestão,228521,100.0,915,100.0,2,0 (875); 1 (40)
2019,2019,escola,231,IN_FUNDAMENTAL_CICLOS,IN,binária (0/1),organização do ensino e gestão,228521,100.0,915,100.0,2,0 (913); 1 (2)
2019,2019,escola,232,IN_GRUPOS_NAO_SERIADOS,IN,binária (0/1),organização do ensino e gestão,228521,100.0,915,100.0,2,0 (912); 1 (3)
2019,2019,escola,233,IN_MODULOS,IN,binária (0/1),organização do ensino e gestão,228521,100.0,915,100.0,2,0 (906); 1 (9)
2019,2019,escola,234,IN_FORMACAO_ALTERNANCIA,IN,binária (0/1),organização do ensino e gestão,228521,100.0,915,100.0,2,0 (913); 1 (2)
2019,2019,escola,235,IN_MATERIAL_PED_MULTIMIDIA,IN,binária (0/1),materiais pedagógicos,228521,100.0,915,100.0,3,0 (461); 9 (350); 1 (104)
2019,2019,escola,236,IN_MATERIAL_PED_INFANTIL,IN,binária (0/1),materiais pedagógicos,228521,100.0,915,100.0,3,9 (350); 0 (327); 1 (238)
2019,2019,escola,237,IN_MATERIAL_PED_CIENTIFICO,IN,binária (0/1),materiais pedagógicos,228521,100.0,915,100.0,3,0 (518); 9 (350); 1 (47)
2019,2019,escola,238,IN_MATERIAL_PED_DIFUSAO,IN,binária (0/1),materiais pedagógicos,228521,100.0,915,100.0,3,0 (416); 9 (350); 1 (149)
2019,2019,escola,239,IN_MATERIAL_PED_MUSICAL,IN,binária (0/1),materiais pedagógicos,228521,100.0,915,100.0,3,0 (491); 9 (350); 1 (74)
2019,2019,escola,240,IN_MATERIAL_PED_JOGOS,IN,binária (0/1),materiais pedagógicos,228521,100.0,915,100.0,3,1 (383); 9 (350); 0 (182)
2019,2019,escola,241,IN_MATERIAL_PED_ARTISTICAS,IN,binária (0/1),materiais pedagógicos,228521,100.0,915,100.0,3,0 (480); 9 (350); 1 (85)
2019,2019,escola,242,IN_MATERIAL_PED_DESPORTIVA,IN,binária (0/1),materiais pedagógicos,228521,100.0,915,100.0,3,9 (350); 0 (309); 1 (256)
2019,2019,escola,243,IN_MATERIAL_PED_INDIGENA,IN,binária (0/1),materiais pedagógicos,228521,100.0,915,100.0,3,0 (548); 9 (350); 1 (17)
2019,2019,escola,244,IN_MATERIAL_PED_ETNICO,IN,binária (0/1),materiais pedagógicos,228521,100.0,915,100.0,3,0 (553); 9 (350); 1 (12)
2019,2019,escola,245,IN_MATERIAL_PED_CAMPO,IN,binária (0/1),materiais pedagógicos,228521,100.0,915,100.0,3,0 (547); 9 (350); 1 (18)
2019,2019,escola,246,IN_MATERIAL_PED_NENHUM,IN,binária (0/1),materiais pedagógicos,228521,100.0,915,100.0,1,0 (915)
2019,2019,escola,247,IN_MATERIAL_ESP_QUILOMBOLA,IN,binária (0/1),materiais pedagógicos,228521,100.0,915,100.0,1,0 (915)
2019,2019,escola,248,IN_MATERIAL_ESP_INDIGENA,IN,binária (0/1),materiais pedagógicos,228521,100.0,915,100.0,1,0 (915)
2019,2019,escola,249,IN_MATERIAL_ESP_NAO_UTILIZA,IN,binária (0/1),materiais pedagógicos,228521,100.0,915,100.0,1,0 (915)
2019,2019,escola,250,IN_EDUCACAO_INDIGENA,IN,binária (0/1),educação indígena,228521,100.0,915,100.0,2,0 (566); 1 (349)
2019,2019,escola,251,TP_INDIGENA_LINGUA,TP,categórica codificada,educação indígena,228521,100.0,915,100.0,4,0 (566); 3 (270); 2 (78); 1 (1)
2019,2019,escola,252,CO_LINGUA_INDIGENA_1,CO,código,educação indígena,228521,100.0,915,100.0,10,0 (644); 100 (180); 179 (40); 191 (14)
2019,2019,escola,253,CO_LINGUA_INDIGENA_2,CO,código,educação indígena,228521,100.0,915,100.0,6,0 (881); 179 (16); 100 (12); 153 (4)
2019,2019,escola,254,CO_LINGUA_INDIGENA_3,CO,código,educação indígena,228521,100.0,915,100.0,2,0 (912); 179 (3)
2019,2019,escola,255,IN_BRASIL_ALFABETIZADO,IN,binária (0/1),organização do ensino e gestão,228521,100.0,915,100.0,1,0 (915)
2019,2019,escola,256,IN_FINAL_SEMANA,IN,binária (0/1),organização do ensino e gestão,228521,100.0,915,100.0,1,0 (915)
2019,2019,escola,257,IN_EXAME_SELECAO,IN,binária (0/1),organização do ensino e gestão,228521,100.0,915,100.0,3,0 (882); 1 (17); 9 (16)
2019,2019,escola,258,IN_RESERVA_PPI,IN,binária (0/1),organização do ensino e gestão,228521,100.0,915,100.0,2,0 (908); 1 (7)
2019,2019,escola,259,IN_RESERVA_RENDA,IN,binária (0/1),organização do ensino e gestão,228521,100.0,915,100.0,2,0 (908); 1 (7)
2019,2019,escola,260,IN_RESERVA_PUBLICA,IN,binária (0/1),organização do ensino e gestão,228521,100.0,915,100.0,2,0 (909); 1 (6)
2019,2019,escola,261,IN_RESERVA_PCD,IN,binária (0/1),organização do ensino e gestão,228521,100.0,915,100.0,2,0 (908); 1 (7)
2019,2019,escola,262,IN_RESERVA_OUTROS,IN,binária (0/1),organização do ensino e gestão,228521,100.0,915,100.0,2,0 (914); 1 (1)
2019,2019,escola,263,IN_RESERVA_NENHUMA,IN,binária (0/1),organização do ensino e gestão,228521,100.0,915,100.0,2,0 (908); 1 (7)
2019,2019,escola,264,IN_REDES_SOCIAIS,IN,binária (0/1),equipamentos e tecnologia,228521,100.0,915,100.0,3,0 (778); 1 (134); 9 (3)
2019,2019,escola,265,IN_ESPACO_ATIVIDADE,IN,binária (0/1),"oferta (etapas, modalidades, turnos)",228521,100.0,915,100.0,3,1 (565); 0 (349); 9 (1)
2019,2019,escola,266,IN_ESPACO_EQUIPAMENTO,IN,binária (0/1),"oferta (etapas, modalidades, turnos)",228521,100.0,915,100.0,3,1 (475); 0 (436); 9 (4)
2019,2019,escola,267,IN_ORGAO_ASS_PAIS,IN,binária (0/1),organização do ensino e gestão,228521,100.0,915,100.0,3,0 (886); 1 (24); 9 (5)
2019,2019,escola,268,IN_ORGAO_ASS_PAIS_MESTRES,IN,binária (0/1),organização do ensino e gestão,228521,100.0,915,100.0,3,0 (585); 1 (325); 9 (5)
2019,2019,escola,269,IN_ORGAO_CONSELHO_ESCOLAR,IN,binária (0/1),organização do ensino e gestão,228521,100.0,915,100.0,3,0 (712); 1 (198); 9 (5)
2019,2019,escola,270,IN_ORGAO_GREMIO_ESTUDANTIL,IN,binária (0/1),organização do ensino e gestão,228521,100.0,915,100.0,3,0 (890); 1 (20); 9 (5)
2019,2019,escola,271,IN_ORGAO_OUTROS,IN,binária (0/1),organização do ensino e gestão,228521,100.0,915,100.0,3,0 (898); 1 (12); 9 (5)
2019,2019,escola,272,IN_ORGAO_NENHUM,IN,binária (0/1),organização do ensino e gestão,228521,100.0,915,100.0,3,1 (484); 0 (426); 9 (5)
2019,2019,escola,273,TP_PROPOSTA_PEDAGOGICA,TP,categórica codificada,organização do ensino e gestão,228521,100.0,915,100.0,4,2 (337); 0 (336); 1 (217); 9 (25)
2019,2019,escola,274,TP_AEE,TP,categórica codificada,organização do ensino e gestão,228521,100.0,915,100.0,3,0 (760); 1 (149); 2 (6)
2019,2019,escola,275,TP_ATIVIDADE_COMPLEMENTAR,TP,categórica codificada,organização do ensino e gestão,228521,100.0,915,100.0,2,0 (906); 1 (9)
2019,2019,escola,276,IN_MEDIACAO_PRESENCIAL,IN,binária (0/1),"oferta (etapas, modalidades, turnos)",228521,100.0,915,100.0,2,1 (855); 0 (60)
2019,2019,escola,277,IN_MEDIACAO_SEMIPRESENCIAL,IN,binária (0/1),"oferta (etapas, modalidades, turnos)",228521,100.0,915,100.0,1,0 (915)
2019,2019,escola,278,IN_MEDIACAO_EAD,IN,binária (0/1),"oferta (etapas, modalidades, turnos)",228521,100.0,915,100.0,2,0 (911); 1 (4)
2019,2019,escola,279,IN_REGULAR,IN,binária (0/1),"oferta (etapas, modalidades, turnos)",228521,100.0,915,100.0,2,1 (842); 0 (73)
2019,2019,escola,280,IN_DIURNO,IN,binária (0/1),"oferta (etapas, modalidades, turnos)",228521,100.0,915,100.0,2,1 (849); 0 (66)
2019,2019,escola,281,IN_NOTURNO,IN,binária (0/1),"oferta (etapas, modalidades, turnos)",228521,100.0,915,100.0,2,0 (797); 1 (118)
2019,2019,escola,282,IN_EAD,IN,binária (0/1),"oferta (etapas, modalidades, turnos)",228521,100.0,915,100.0,2,0 (911); 1 (4)
2019,2019,escola,283,IN_BAS,IN,binária (0/1),"oferta (etapas, modalidades, turnos)",228521,100.0,915,100.0,2,1 (849); 0 (66)
2019,2019,escola,284,IN_INF,IN,binária (0/1),"oferta (etapas, modalidades, turnos)",228521,100.0,915,100.0,2,0 (507); 1 (408)
2019,2019,escola,285,IN_INF_CRE,IN,binária (0/1),"oferta (etapas, modalidades, turnos)",228521,100.0,915,100.0,2,0 (735); 1 (180)
2019,2019,escola,286,IN_INF_PRE,IN,binária (0/1),"oferta (etapas, modalidades, turnos)",228521,100.0,915,100.0,2,0 (554); 1 (361)
2019,2019,escola,287,IN_FUND,IN,binária (0/1),"oferta (etapas, modalidades, turnos)",228521,100.0,915,100.0,2,1 (643); 0 (272)
2019,2019,escola,288,IN_FUND_AI,IN,binária (0/1),"oferta (etapas, modalidades, turnos)",228521,100.0,915,100.0,2,1 (530); 0 (385)
2019,2019,escola,289,IN_FUND_AF,IN,binária (0/1),"oferta (etapas, modalidades, turnos)",228521,100.0,915,100.0,2,0 (663); 1 (252)
2019,2019,escola,290,IN_MED,IN,binária (0/1),"oferta (etapas, modalidades, turnos)",228521,100.0,915,100.0,2,0 (747); 1 (168)
2019,2019,escola,291,IN_PROF,IN,binária (0/1),"oferta (etapas, modalidades, turnos)",228521,100.0,915,100.0,2,0 (901); 1 (14)
2019,2019,escola,292,IN_PROF_TEC,IN,binária (0/1),"oferta (etapas, modalidades, turnos)",228521,100.0,915,100.0,2,0 (901); 1 (14)
2019,2019,escola,293,IN_EJA,IN,binária (0/1),"oferta (etapas, modalidades, turnos)",228521,100.0,915,100.0,2,0 (807); 1 (108)
2019,2019,escola,294,IN_EJA_FUND,IN,binária (0/1),"oferta (etapas, modalidades, turnos)",228521,100.0,915,100.0,2,0 (842); 1 (73)
2019,2019,escola,295,IN_EJA_MED,IN,binária (0/1),"oferta (etapas, modalidades, turnos)",228521,100.0,915,100.0,2,0 (835); 1 (80)
2019,2019,escola,296,IN_ESP,IN,binária (0/1),"oferta (etapas, modalidades, turnos)",228521,100.0,915,100.0,2,0 (496); 1 (419)
2019,2019,escola,297,IN_ESP_CC,IN,binária (0/1),"oferta (etapas, modalidades, turnos)",228521,100.0,915,100.0,2,0 (496); 1 (419)
2019,2019,escola,298,IN_ESP_CE,IN,binária (0/1),"oferta (etapas, modalidades, turnos)",228521,100.0,915,100.0,1,0 (915)
2019,2019,escola,299,QT_MAT_BAS,QT,contagem,matrículas,228521,100.0,915,100.0,376,0 (66); 17 (20); 12 (16); 20 (15)
2019,2019,escola,300,QT_MAT_INF,QT,contagem,matrículas,228521,100.0,915,100.0,149,0 (507); 11 (15); 32 (13); 17 (12)
2019,2019,escola,301,QT_MAT_INF_CRE,QT,contagem,matrículas,228521,100.0,915,100.0,80,0 (735); 32 (10); 6 (9); 30 (8)
2019,2019,escola,302,QT_MAT_INF_PRE,QT,contagem,matrículas,228521,100.0,915,100.0,131,0 (554); 11 (17); 3 (14); 21 (13)
2019,2019,escola,303,QT_MAT_FUND,QT,contagem,matrículas,228521,100.0,915,100.0,289,0 (272); 10 (15); 14 (13); 17 (13)
2019,2019,escola,304,QT_MAT_FUND_AI,QT,contagem,matrículas,228521,100.0,915,100.0,201,0 (385); 14 (16); 10 (15); 13 (13)
2019,2019,escola,305,QT_MAT_FUND_AF,QT,contagem,matrículas,228521,100.0,915,100.0,169,0 (663); 21 (5); 30 (5); 17 (4)
2019,2019,escola,306,QT_MAT_MED,QT,contagem,matrículas,228521,100.0,915,100.0,117,0 (747); 35 (5); 39 (5); 20 (4)
2019,2019,escola,307,QT_MAT_PROF,QT,contagem,matrículas,228521,100.0,915,100.0,15,0 (901); 1268 (1); 16 (1); 255 (1)
2019,2019,escola,308,QT_MAT_PROF_TEC,QT,contagem,matrículas,228521,100.0,915,100.0,15,0 (901); 1268 (1); 16 (1); 255 (1)
2019,2019,escola,309,QT_MAT_EJA,QT,contagem,matrículas,228521,100.0,915,100.0,70,0 (807); 7 (7); 23 (5); 10 (3)
2019,2019,escola,310,QT_MAT_EJA_FUND,QT,contagem,matrículas,228521,100.0,915,100.0,44,0 (842); 7 (7); 19 (4); 34 (4)
2019,2019,escola,311,QT_MAT_EJA_MED,QT,contagem,matrículas,228521,100.0,915,100.0,56,0 (835); 12 (6); 19 (3); 23 (3)
2019,2019,escola,312,QT_MAT_ESP,QT,contagem,matrículas,228521,100.0,915,100.0,42,0 (496); 1 (113); 2 (58); 3 (32)
2019,2019,escola,313,QT_MAT_ESP_CC,QT,contagem,matrículas,228521,100.0,915,100.0,42,0 (496); 1 (113); 2 (58); 3 (32)
2019,2019,escola,314,QT_MAT_ESP_CE,QT,contagem,matrículas,228521,100.0,915,100.0,1,0 (915)
2019,2019,escola,315,QT_MAT_BAS_FEM,QT,contagem,matrículas,228521,100.0,915,100.0,271,0 (68); 7 (31); 6 (29); 9 (24)
2019,2019,escola,316,QT_MAT_BAS_MASC,QT,contagem,matrículas,228521,100.0,915,100.0,275,0 (67); 5 (34); 12 (24); 8 (23)
2019,2019,escola,317,QT_MAT_BAS_ND,QT,contagem,matrículas,228521,100.0,915,100.0,188,0 (417); 1 (49); 2 (32); 3 (26)
2019,2019,escola,318,QT_MAT_BAS_BRANCA,QT,contagem,matrículas,228521,100.0,915,100.0,119,0 (477); 1 (50); 3 (30); 2 (24)
2019,2019,escola,319,QT_MAT_BAS_PRETA,QT,contagem,matrículas,228521,100.0,915,100.0,32,0 (594); 1 (64); 2 (40); 3 (32)
2019,2019,escola,320,QT_MAT_BAS_PARDA,QT,contagem,matrículas,228521,100.0,915,100.0,270,0 (368); 1 (41); 2 (24); 3 (19)
2019,2019,escola,321,QT_MAT_BAS_AMARELA,QT,contagem,matrículas,228521,100.0,915,100.0,10,0 (780); 1 (75); 2 (36); 3 (12)
2019,2019,escola,322,QT_MAT_BAS_INDIGENA,QT,contagem,matrículas,228521,100.0,915,100.0,139,0 (216); 1 (49); 2 (32); 5 (32)
2019,2019,escola,323,QT_MAT_BAS_0_3,QT,contagem,matrículas,228521,100.0,915,100.0,75,0 (716); 1 (20); 2 (10); 3 (10)
2019,2019,escola,324,QT_MAT_BAS_4_5,QT,contagem,matrículas,228521,100.0,915,100.0,126,0 (483); 1 (34); 2 (23); 3 (21)
2019,2019,escola,325,QT_MAT_BAS_6_10,QT,contagem,matrículas,228521,100.0,915,100.0,185,0 (207); 1 (47); 2 (28); 4 (28)
2019,2019,escola,326,QT_MAT_BAS_11_14,QT,contagem,matrículas,228521,100.0,915,100.0,171,0 (337); 1 (68); 2 (46); 3 (37)
2019,2019,escola,327,QT_MAT_BAS_15_17,QT,contagem,matrículas,228521,100.0,915,100.0,142,0 (562); 1 (51); 2 (23); 3 (17)
2019,2019,escola,328,QT_MAT_BAS_18_MAIS,QT,contagem,matrículas,228521,100.0,915,100.0,110,0 (626); 1 (42); 2 (23); 3 (13)
2019,2019,escola,329,QT_MAT_BAS_D,QT,contagem,matrículas,228521,100.0,915,100.0,367,0 (66); 17 (20); 12 (16); 20 (15)
2019,2019,escola,330,QT_MAT_BAS_N,QT,contagem,matrículas,228521,100.0,915,100.0,84,0 (797); 23 (4); 36 (4); 49 (4)
2019,2019,escola,331,QT_MAT_BAS_EAD,QT,contagem,matrículas,228521,100.0,915,100.0,5,0 (911); 165 (1); 185 (1); 235 (1)
2019,2019,escola,332,QT_MAT_INF_INT,QT,contagem,matrículas,228521,100.0,915,100.0,25,0 (861); 31 (8); 32 (8); 30 (7)
2019,2019,escola,333,QT_MAT_INF_CRE_INT,QT,contagem,matrículas,228521,100.0,915,100.0,21,0 (868); 31 (8); 32 (8); 30 (7)
2019,2019,escola,334,QT_MAT_INF_PRE_INT,QT,contagem,matrículas,228521,100.0,915,100.0,8,0 (907); 26 (2); 11 (1); 2 (1)
2019,2019,escola,335,QT_MAT_FUND_INT,QT,contagem,matrículas,228521,100.0,915,100.0,6,0 (910); 17 (1); 22 (1); 29 (1)
2019,2019,escola,336,QT_MAT_FUND_AI_INT,QT,contagem,matrículas,228521,100.0,915,100.0,5,0 (911); 17 (1); 22 (1); 476 (1)
2019,2019,escola,337,QT_MAT_FUND_AF_INT,QT,contagem,matrículas,228521,100.0,915,100.0,2,0 (914); 29 (1)
2019,2019,escola,338,QT_MAT_MED_INT,QT,contagem,matrículas,228521,100.0,915,100.0,16,0 (900); 1 (1); 137 (1); 149 (1)
2019,2019,escola,339,QT_DOC_BAS,QT,contagem,docentes,228521,100.0,915,100.0,57,1 (191); 2 (101); 0 (66); 3 (51)
2019,2019,escola,340,QT_DOC_INF,QT,contagem,docentes,228521,100.0,915,100.0,23,0 (571); 1 (121); 2 (62); 3 (27)
2019,2019,escola,341,QT_DOC_INF_CRE,QT,contagem,docentes,228521,100.0,915,100.0,14,0 (784); 1 (65); 2 (18); 4 (16)
2019,2019,escola,342,QT_DOC_INF_PRE,QT,contagem,docentes,228521,100.0,915,100.0,23,0 (618); 1 (100); 2 (73); 3 (25)
2019,2019,escola,343,QT_DOC_FUND,QT,contagem,docentes,228521,100.0,915,100.0,46,0 (272); 1 (128); 2 (83); 3 (36)
2019,2019,escola,344,QT_DOC_FUND_AI,QT,contagem,docentes,228521,100.0,915,100.0,41,0 (592); 1 (86); 6 (32); 2 (31)
2019,2019,escola,345,QT_DOC_FUND_AF,QT,contagem,docentes,228521,100.0,915,100.0,35,0 (434); 1 (122); 2 (73); 3 (31)
2019,2019,escola,346,QT_DOC_MED,QT,contagem,docentes,228521,100.0,915,100.0,34,0 (747); 9 (23); 10 (20); 7 (19)
2019,2019,escola,347,QT_DOC_PROF,QT,contagem,docentes,228521,100.0,915,100.0,15,0 (901); 1 (1); 10 (1); 11 (1)
2019,2019,escola,348,QT_DOC_PROF_TEC,QT,contagem,docentes,228521,100.0,915,100.0,15,0 (901); 1 (1); 10 (1); 11 (1)
2019,2019,escola,349,QT_DOC_EJA,QT,contagem,docentes,228521,100.0,915,100.0,24,0 (807); 12 (13); 10 (11); 7 (10)
2019,2019,escola,350,QT_DOC_EJA_FUND,QT,contagem,docentes,228521,100.0,915,100.0,18,0 (842); 8 (10); 10 (9); 4 (8)
2019,2019,escola,351,QT_DOC_EJA_MED,QT,contagem,docentes,228521,100.0,915,100.0,20,0 (835); 10 (15); 9 (13); 7 (11)
2019,2019,escola,352,QT_DOC_ESP,QT,contagem,docentes,228521,100.0,915,100.0,46,0 (496); 1 (60); 2 (43); 9 (27)
2019,2019,escola,353,QT_DOC_ESP_CC,QT,contagem,docentes,228521,100.0,915,100.0,46,0 (496); 1 (60); 2 (43); 9 (27)
2019,2019,escola,354,QT_DOC_ESP_CE,QT,contagem,docentes,228521,100.0,915,100.0,1,0 (915)
2019,2019,escola,355,QT_TUR_BAS,QT,contagem,turmas,228521,100.0,915,100.0,51,1 (222); 2 (81); 0 (66); 3 (46)
2019,2019,escola,356,QT_TUR_INF,QT,contagem,turmas,228521,100.0,915,100.0,20,0 (571); 1 (134); 2 (62); 4 (25)
2019,2019,escola,357,QT_TUR_INF_CRE,QT,contagem,turmas,228521,100.0,915,100.0,13,0 (784); 1 (61); 2 (20); 4 (20)
2019,2019,escola,358,QT_TUR_INF_PRE,QT,contagem,turmas,228521,100.0,915,100.0,18,0 (618); 1 (116); 2 (63); 4 (28)
2019,2019,escola,359,QT_TUR_FUND,QT,contagem,turmas,228521,100.0,915,100.0,38,0 (272); 1 (165); 2 (60); 4 (52)
2019,2019,escola,360,QT_TUR_FUND_AI,QT,contagem,turmas,228521,100.0,915,100.0,37,0 (592); 1 (110); 5 (57); 3 (23)
2019,2019,escola,361,QT_TUR_FUND_AF,QT,contagem,turmas,228521,100.0,915,100.0,27,0 (434); 1 (166); 4 (68); 2 (55)
2019,2019,escola,362,QT_TUR_MED,QT,contagem,turmas,228521,100.0,915,100.0,25,0 (747); 3 (82); 4 (15); 6 (14)
2019,2019,escola,363,QT_TUR_PROF,QT,contagem,turmas,228521,100.0,915,100.0,12,0 (901); 12 (2); 3 (2); 4 (2)
2019,2019,escola,364,QT_TUR_PROF_TEC,QT,contagem,turmas,228521,100.0,915,100.0,12,0 (901); 3 (3); 12 (2); 10 (1)
2019,2019,escola,365,QT_TUR_EJA,QT,contagem,turmas,228521,100.0,915,100.0,16,0 (807); 1 (18); 2 (16); 3 (14)
2019,2019,escola,366,QT_TUR_EJA_FUND,QT,contagem,turmas,228521,100.0,915,100.0,11,0 (842); 2 (24); 1 (15); 4 (13)
2019,2019,escola,367,QT_TUR_EJA_MED,QT,contagem,turmas,228521,100.0,915,100.0,12,0 (835); 3 (28); 1 (21); 2 (11)
2019,2019,escola,368,QT_TUR_ESP,QT,contagem,turmas,228521,100.0,915,100.0,30,0 (496); 1 (128); 2 (60); 3 (32)
2019,2019,escola,369,QT_TUR_ESP_CC,QT,contagem,turmas,228521,100.0,915,100.0,30,0 (496); 1 (128); 2 (60); 3 (32)
2019,2019,escola,370,QT_TUR_ESP_CE,QT,contagem,turmas,228521,100.0,915,100.0,1,0 (915)
2020,2020,escola,1,NU_ANO_CENSO,NU,número,identificação e chave,224229,100.0,919,100.0,1,2020 (919)
2020,2020,escola,2,NO_REGIAO,NO,nome/texto,identificação e chave,224229,100.0,919,100.0,1,Norte (919)
2020,2020,escola,3,CO_REGIAO,CO,código,identificação e chave,224229,100.0,919,100.0,1,1 (919)
2020,2020,escola,4,NO_UF,NO,nome/texto,identificação e chave,224229,100.0,919,100.0,1,Roraima (919)
2020,2020,escola,5,SG_UF,SG,sigla,identificação e chave,224229,100.0,919,100.0,1,RR (919)
2020,2020,escola,6,CO_UF,CO,código,identificação e chave,224229,100.0,919,100.0,1,14 (919)
2020,2020,escola,7,NO_MUNICIPIO,NO,nome/texto,identificação e chave,224229,100.0,919,100.0,15,Boa Vista (267); Normandia (116); Uiramutã (107); Pacaraima (56)
2020,2020,escola,8,CO_MUNICIPIO,CO,código,identificação e chave,224229,100.0,919,100.0,15,1400100 (267); 1400407 (116); 1400704 (107); 1400456 (56)
2020,2020,escola,9,NO_MESORREGIAO,NO,nome/texto,geografia (IBGE),224229,100.0,919,100.0,2,Norte de Roraima (739); Sul de Roraima (180)
2020,2020,escola,10,CO_MESORREGIAO,CO,código,geografia (IBGE),224229,100.0,919,100.0,2,1401 (739); 1402 (180)
2020,2020,escola,11,NO_MICRORREGIAO,NO,nome/texto,geografia (IBGE),224229,100.0,919,100.0,4,Boa Vista (425); Nordeste de Roraima (314); Sudeste de Roraima (91); Caracaraí (89)
2020,2020,escola,12,CO_MICRORREGIAO,CO,código,geografia (IBGE),224229,100.0,919,100.0,4,14001 (425); 14002 (314); 14004 (91); 14003 (89)
2020,2020,escola,13,CO_DISTRITO,CO,código,geografia (IBGE),224229,100.0,919,100.0,15,140010005 (267); 140040705 (116); 140070405 (107); 140045605 (56)
2020,2020,escola,14,CO_ENTIDADE,CO,código,identificação e chave,224229,100.0,919,100.0,919,14000016 (1); 14000032 (1); 14000113 (1); 14000130 (1)
2020,2020,escola,15,NO_ENTIDADE,NO,nome/texto,identificação e chave,224229,100.0,919,100.0,913,ESCOLA ESTADUAL FAGUNDES VARELA (2); ESCOLA MUNICIPAL CANTINHO FELIZ (2); ESCOLA MUNICIPAL CRIANCA FELIZ (2); ESCOLA MUNICIPAL NOVA CANAA (2)
2020,2020,escola,16,TP_DEPENDENCIA,TP,categórica codificada,dependência administrativa e vínculos,224229,100.0,919,100.0,4,3 (448); 2 (401); 4 (63); 1 (7)
2020,2020,escola,17,TP_CATEGORIA_ESCOLA_PRIVADA,TP,categórica codificada,dependência administrativa e vínculos,224229,100.0,919,100.0,4,0 (874); 1 (41); 2 (2); 4 (2)
2020,2020,escola,18,TP_LOCALIZACAO,TP,categórica codificada,localização e vínculo institucional,224229,100.0,919,100.0,2,2 (606); 1 (313)
2020,2020,escola,19,TP_LOCALIZACAO_DIFERENCIADA,TP,categórica codificada,localização e vínculo institucional,224229,100.0,919,100.0,3,0 (465); 2 (404); 1 (50)
2020,2020,escola,20,DS_ENDERECO,DS,texto livre,endereço e contato,224229,100.0,919,100.0,794,AVENIDA NAZARE FILGUEIRAS (6); TRAVESSA DOS MACUXIS (5); AVENIDA SOL (4); COMUNIDADE INDIGENA GUARIBA (4)
2020,2020,escola,21,NU_ENDERECO,NU,número,endereço e contato,224229,75.0,919,45.9,217,S/N (105); SN (66); S/Nº (8); 2141 (4)
2020,2020,escola,22,DS_COMPLEMENTO,DS,texto livre,endereço e contato,224229,30.8,919,26.1,88,TI-RSS (33); TERRA IND YANOMAMI (31); ZONA RURAL (23); PREDIO (19)
2020,2020,escola,23,NO_BAIRRO,NO,nome/texto,endereço e contato,224229,82.0,919,47.3,118,CENTRO (73); ZONA RURAL (25); COMUNIDADE INDIGENA (14); CIDADE SATELITE (13)
2020,2020,escola,24,CO_CEP,CO,código,endereço e contato,224229,100.0,919,100.0,210,69355000 (116); 69358000 (107); 69345000 (56); 69343000 (54)
2020,2020,escola,25,NU_DDD,NU,número,endereço e contato,224229,100.0,919,100.0,2,95 (736); . (183)
2020,2020,escola,26,NU_TELEFONE,NU,número,endereço e contato,224229,100.0,919,100.0,332,. (278); 35531270 (33); 36241468 (30); 32381459 (18)
2020,2020,escola,27,TP_SITUACAO_FUNCIONAMENTO,TP,categórica codificada,situação de funcionamento,224229,100.0,919,100.0,2,1 (853); 2 (66)
2020,2020,escola,28,CO_ORGAO_REGIONAL,CO,código,identificação e chave,224229,97.3,919,0.0,0,
2020,2020,escola,29,DT_ANO_LETIVO_INICIO,DT,data,situação de funcionamento,224229,100.0,919,100.0,51,06APR2020:00:00:00 (254); 27JAN2020:00:00:00 (131); 09MAR2020:00:00:00 (67); 0 (66)
2020,2020,escola,30,DT_ANO_LETIVO_TERMINO,DT,data,situação de funcionamento,224229,100.0,919,100.0,42,18DEC2020:00:00:00 (290); 24DEC2020:00:00:00 (238); 0 (66); 23DEC2020:00:00:00 (59)
2020,2020,escola,31,IN_VINCULO_SECRETARIA_EDUCACAO,IN,binária (0/1),localização e vínculo institucional,224229,100.0,919,100.0,2,1 (808); 0 (111)
2020,2020,escola,32,IN_VINCULO_SEGURANCA_PUBLICA,IN,binária (0/1),localização e vínculo institucional,224229,100.0,919,100.0,1,0 (919)
2020,2020,escola,33,IN_VINCULO_SECRETARIA_SAUDE,IN,binária (0/1),localização e vínculo institucional,224229,100.0,919,100.0,1,0 (919)
2020,2020,escola,34,IN_VINCULO_OUTRO_ORGAO,IN,binária (0/1),localização e vínculo institucional,224229,100.0,919,100.0,1,0 (919)
2020,2020,escola,35,IN_CONVENIADA_PP,IN,binária (0/1),dependência administrativa e vínculos,224229,100.0,919,100.0,1,0 (919)
2020,2020,escola,36,TP_CONVENIO_PODER_PUBLICO,TP,categórica codificada,dependência administrativa e vínculos,224229,100.0,919,100.0,1,0 (919)
2020,2020,escola,37,IN_MANT_ESCOLA_PRIVADA_EMP,IN,binária (0/1),dependência administrativa e vínculos,224229,100.0,919,100.0,2,0 (883); 1 (36)
2020,2020,escola,38,IN_MANT_ESCOLA_PRIVADA_ONG,IN,binária (0/1),dependência administrativa e vínculos,224229,100.0,919,100.0,1,0 (919)
2020,2020,escola,39,IN_MANT_ESCOLA_PRIVADA_OSCIP,IN,binária (0/1),dependência administrativa e vínculos,224229,100.0,919,100.0,1,0 (919)
2020,2020,escola,40,IN_MANT_ESCOLA_PRIV_ONG_OSCIP,IN,binária (0/1),dependência administrativa e vínculos,224229,100.0,919,100.0,1,0 (919)
2020,2020,escola,41,IN_MANT_ESCOLA_PRIVADA_SIND,IN,binária (0/1),dependência administrativa e vínculos,224229,100.0,919,100.0,2,0 (918); 1 (1)
2020,2020,escola,42,IN_MANT_ESCOLA_PRIVADA_SIST_S,IN,binária (0/1),dependência administrativa e vínculos,224229,100.0,919,100.0,2,0 (914); 1 (5)
2020,2020,escola,43,IN_MANT_ESCOLA_PRIVADA_S_FINS,IN,binária (0/1),dependência administrativa e vínculos,224229,100.0,919,100.0,2,0 (913); 1 (6)
2020,2020,escola,44,NU_CNPJ_ESCOLA_PRIVADA,NU,número,dependência administrativa e vínculos,224229,18.6,919,4.9,45,00604243000139 (1); 01949930000159 (1); 03153024000179 (1); 03488834000500 (1)
2020,2020,escola,45,NU_CNPJ_MANTENEDORA,NU,número,dependência administrativa e vínculos,224229,18.6,919,4.9,45,00604243000139 (1); 01949930000159 (1); 03153024000179 (1); 03488834000186 (1)
2020,2020,escola,46,TP_REGULAMENTACAO,TP,categórica codificada,dependência administrativa e vínculos,224229,100.0,919,100.0,3,1 (721); 0 (129); 2 (69)
2020,2020,escola,47,TP_RESPONSAVEL_REGULAMENTACAO,TP,categórica codificada,dependência administrativa e vínculos,224229,100.0,919,100.0,5,2 (411); 3 (346); 0 (129); 4 (26)
2020,2020,escola,48,CO_ESCOLA_SEDE_VINCULADA,CO,código,dependência administrativa e vínculos,224229,100.0,919,100.0,1,0 (919)
2020,2020,escola,49,CO_IES_OFERTANTE,CO,código,dependência administrativa e vínculos,224229,100.0,919,100.0,2,0 (918); 789 (1)
2020,2020,escola,50,IN_LOCAL_FUNC_PREDIO_ESCOLAR,IN,binária (0/1),local de funcionamento,224229,100.0,919,100.0,2,1 (641); 0 (278)
2020,2020,escola,51,TP_OCUPACAO_PREDIO_ESCOLAR,TP,categórica codificada,local de funcionamento,224229,100.0,919,100.0,4,1 (576); 0 (278); 3 (49); 2 (16)
2020,2020,escola,52,IN_LOCAL_FUNC_SALAS_EMPRESA,IN,binária (0/1),local de funcionamento,224229,100.0,919,100.0,1,0 (919)
2020,2020,escola,53,IN_LOCAL_FUNC_SOCIOEDUCATIVO,IN,binária (0/1),local de funcionamento,224229,100.0,919,100.0,1,0 (919)
2020,2020,escola,54,IN_LOCAL_FUNC_UNID_PRISIONAL,IN,binária (0/1),local de funcionamento,224229,100.0,919,100.0,2,0 (918); 1 (1)
2020,2020,escola,55,IN_LOCAL_FUNC_PRISIONAL_SOCIO,IN,binária (0/1),local de funcionamento,224229,100.0,919,100.0,2,0 (918); 1 (1)
2020,2020,escola,56,IN_LOCAL_FUNC_TEMPLO_IGREJA,IN,binária (0/1),local de funcionamento,224229,100.0,919,100.0,1,0 (919)
2020,2020,escola,57,IN_LOCAL_FUNC_CASA_PROFESSOR,IN,binária (0/1),local de funcionamento,224229,100.0,919,100.0,1,0 (919)
2020,2020,escola,58,IN_LOCAL_FUNC_GALPAO,IN,binária (0/1),local de funcionamento,224229,100.0,919,100.0,2,0 (664); 1 (255)
2020,2020,escola,59,TP_OCUPACAO_GALPAO,TP,categórica codificada,local de funcionamento,224229,100.0,919,100.0,4,0 (664); 3 (142); 9 (61); 1 (52)
2020,2020,escola,60,IN_LOCAL_FUNC_SALAS_OUTRA_ESC,IN,binária (0/1),local de funcionamento,224229,100.0,919,100.0,2,0 (883); 1 (36)
2020,2020,escola,61,IN_LOCAL_FUNC_OUTROS,IN,binária (0/1),local de funcionamento,224229,100.0,919,100.0,2,0 (855); 1 (64)
2020,2020,escola,62,IN_PREDIO_COMPARTILHADO,IN,binária (0/1),local de funcionamento,224229,100.0,919,100.0,2,0 (870); 1 (49)
2020,2020,escola,63,IN_AGUA_FILTRADA,IN,binária (0/1),"infraestrutura básica (água, energia, esgoto, lixo)",224229,100.0,919,100.0,1,0 (919)
2020,2020,escola,64,IN_AGUA_POTAVEL,IN,binária (0/1),"infraestrutura básica (água, energia, esgoto, lixo)",224229,100.0,919,100.0,2,1 (538); 0 (381)
2020,2020,escola,65,IN_AGUA_REDE_PUBLICA,IN,binária (0/1),"infraestrutura básica (água, energia, esgoto, lixo)",224229,100.0,919,100.0,2,0 (550); 1 (369)
2020,2020,escola,66,IN_AGUA_POCO_ARTESIANO,IN,binária (0/1),"infraestrutura básica (água, energia, esgoto, lixo)",224229,100.0,919,100.0,2,0 (626); 1 (293)
2020,2020,escola,67,IN_AGUA_CACIMBA,IN,binária (0/1),"infraestrutura básica (água, energia, esgoto, lixo)",224229,100.0,919,100.0,2,0 (826); 1 (93)
2020,2020,escola,68,IN_AGUA_FONTE_RIO,IN,binária (0/1),"infraestrutura básica (água, energia, esgoto, lixo)",224229,100.0,919,100.0,2,0 (741); 1 (178)
2020,2020,escola,69,IN_AGUA_INEXISTENTE,IN,binária (0/1),"infraestrutura básica (água, energia, esgoto, lixo)",224229,100.0,919,100.0,2,0 (914); 1 (5)
2020,2020,escola,70,IN_ENERGIA_REDE_PUBLICA,IN,binária (0/1),"infraestrutura básica (água, energia, esgoto, lixo)",224229,100.0,919,100.0,2,1 (576); 0 (343)
2020,2020,escola,71,IN_ENERGIA_GERADOR,IN,binária (0/1),"infraestrutura básica (água, energia, esgoto, lixo)",224229,100.0,919,100.0,1,0 (919)
2020,2020,escola,72,IN_ENERGIA_GERADOR_FOSSIL,IN,binária (0/1),"infraestrutura básica (água, energia, esgoto, lixo)",224229,100.0,919,100.0,2,0 (844); 1 (75)
2020,2020,escola,73,IN_ENERGIA_OUTROS,IN,binária (0/1),"infraestrutura básica (água, energia, esgoto, lixo)",224229,100.0,919,100.0,1,0 (919)
2020,2020,escola,74,IN_ENERGIA_RENOVAVEL,IN,binária (0/1),"infraestrutura básica (água, energia, esgoto, lixo)",224229,100.0,919,100.0,2,0 (915); 1 (4)
2020,2020,escola,75,IN_ENERGIA_INEXISTENTE,IN,binária (0/1),"infraestrutura básica (água, energia, esgoto, lixo)",224229,100.0,919,100.0,2,0 (710); 1 (209)
2020,2020,escola,76,IN_ESGOTO_REDE_PUBLICA,IN,binária (0/1),"infraestrutura básica (água, energia, esgoto, lixo)",224229,100.0,919,100.0,2,0 (757); 1 (162)
2020,2020,escola,77,IN_ESGOTO_FOSSA_SEPTICA,IN,binária (0/1),"infraestrutura básica (água, energia, esgoto, lixo)",224229,100.0,919,100.0,2,0 (628); 1 (291)
2020,2020,escola,78,IN_ESGOTO_FOSSA_COMUM,IN,binária (0/1),"infraestrutura básica (água, energia, esgoto, lixo)",224229,100.0,919,100.0,2,0 (702); 1 (217)
2020,2020,escola,79,IN_ESGOTO_FOSSA,IN,binária (0/1),"infraestrutura básica (água, energia, esgoto, lixo)",224229,100.0,919,100.0,2,1 (508); 0 (411)
2020,2020,escola,80,IN_ESGOTO_INEXISTENTE,IN,binária (0/1),"infraestrutura básica (água, energia, esgoto, lixo)",224229,100.0,919,100.0,2,0 (731); 1 (188)
2020,2020,escola,81,IN_LIXO_SERVICO_COLETA,IN,binária (0/1),"infraestrutura básica (água, energia, esgoto, lixo)",224229,100.0,919,100.0,2,0 (562); 1 (357)
2020,2020,escola,82,IN_LIXO_QUEIMA,IN,binária (0/1),"infraestrutura básica (água, energia, esgoto, lixo)",224229,100.0,919,100.0,2,1 (505); 0 (414)
2020,2020,escola,83,IN_LIXO_ENTERRA,IN,binária (0/1),"infraestrutura básica (água, energia, esgoto, lixo)",224229,100.0,919,100.0,2,0 (832); 1 (87)
2020,2020,escola,84,IN_LIXO_DESTINO_FINAL_PUBLICO,IN,binária (0/1),"infraestrutura básica (água, energia, esgoto, lixo)",224229,100.0,919,100.0,2,0 (915); 1 (4)
2020,2020,escola,85,IN_LIXO_DESCARTA_OUTRA_AREA,IN,binária (0/1),"infraestrutura básica (água, energia, esgoto, lixo)",224229,100.0,919,100.0,2,0 (884); 1 (35)
2020,2020,escola,86,IN_LIXO_JOGA_OUTRA_AREA,IN,binária (0/1),"infraestrutura básica (água, energia, esgoto, lixo)",224229,100.0,919,100.0,1,0 (919)
2020,2020,escola,87,IN_LIXO_OUTROS,IN,binária (0/1),"infraestrutura básica (água, energia, esgoto, lixo)",224229,100.0,919,100.0,1,0 (919)
2020,2020,escola,88,IN_LIXO_RECICLA,IN,binária (0/1),"infraestrutura básica (água, energia, esgoto, lixo)",224229,100.0,919,100.0,1,0 (919)
2020,2020,escola,89,IN_TRATAMENTO_LIXO_SEPARACAO,IN,binária (0/1),"infraestrutura básica (água, energia, esgoto, lixo)",224229,100.0,919,100.0,3,0 (820); 1 (85); 9 (14)
2020,2020,escola,90,IN_TRATAMENTO_LIXO_REUTILIZA,IN,binária (0/1),"infraestrutura básica (água, energia, esgoto, lixo)",224229,100.0,919,100.0,3,0 (896); 9 (14); 1 (9)
2020,2020,escola,91,IN_TRATAMENTO_LIXO_RECICLAGEM,IN,binária (0/1),"infraestrutura básica (água, energia, esgoto, lixo)",224229,100.0,919,100.0,3,0 (893); 9 (14); 1 (12)
2020,2020,escola,92,IN_TRATAMENTO_LIXO_INEXISTENTE,IN,binária (0/1),"infraestrutura básica (água, energia, esgoto, lixo)",224229,100.0,919,100.0,3,1 (743); 0 (162); 9 (14)
2020,2020,escola,93,IN_ALMOXARIFADO,IN,binária (0/1),dependências físicas,224229,100.0,919,100.0,2,0 (752); 1 (167)
2020,2020,escola,94,IN_AREA_VERDE,IN,binária (0/1),dependências físicas,224229,100.0,919,100.0,2,0 (636); 1 (283)
2020,2020,escola,95,IN_AUDITORIO,IN,binária (0/1),dependências físicas,224229,100.0,919,100.0,2,0 (876); 1 (43)
2020,2020,escola,96,IN_BANHEIRO_FORA_PREDIO,IN,binária (0/1),dependências físicas,224229,100.0,919,100.0,1,0 (919)
2020,2020,escola,97,IN_BANHEIRO_DENTRO_PREDIO,IN,binária (0/1),dependências físicas,224229,100.0,919,100.0,1,0 (919)
2020,2020,escola,98,IN_BANHEIRO,IN,binária (0/1),dependências físicas,224229,100.0,919,100.0,2,1 (619); 0 (300)
2020,2020,escola,99,IN_BANHEIRO_EI,IN,binária (0/1),dependências físicas,224229,100.0,919,100.0,2,0 (752); 1 (167)
2020,2020,escola,100,IN_BANHEIRO_PNE,IN,binária (0/1),dependências físicas,224229,100.0,919,100.0,2,0 (661); 1 (258)
2020,2020,escola,101,IN_BANHEIRO_FUNCIONARIOS,IN,binária (0/1),dependências físicas,224229,100.0,919,100.0,2,0 (704); 1 (215)
2020,2020,escola,102,IN_BANHEIRO_CHUVEIRO,IN,binária (0/1),dependências físicas,224229,100.0,919,100.0,2,0 (567); 1 (352)
2020,2020,escola,103,IN_BERCARIO,IN,binária (0/1),dependências físicas,224229,100.0,919,100.0,1,0 (919)
2020,2020,escola,104,IN_BIBLIOTECA,IN,binária (0/1),dependências físicas,224229,100.0,919,100.0,2,0 (678); 1 (241)
2020,2020,escola,105,IN_BIBLIOTECA_SALA_LEITURA,IN,binária (0/1),dependências físicas,224229,100.0,919,100.0,2,0 (655); 1 (264)
2020,2020,escola,106,IN_COZINHA,IN,binária (0/1),dependências físicas,224229,100.0,919,100.0,2,1 (630); 0 (289)
2020,2020,escola,107,IN_DESPENSA,IN,binária (0/1),dependências físicas,224229,100.0,919,100.0,2,0 (466); 1 (453)
2020,2020,escola,108,IN_DORMITORIO_ALUNO,IN,binária (0/1),dependências físicas,224229,100.0,919,100.0,2,0 (906); 1 (13)
2020,2020,escola,109,IN_DORMITORIO_PROFESSOR,IN,binária (0/1),dependências físicas,224229,100.0,919,100.0,2,0 (913); 1 (6)
2020,2020,escola,110,IN_LABORATORIO_CIENCIAS,IN,binária (0/1),dependências físicas,224229,100.0,919,100.0,2,0 (868); 1 (51)
2020,2020,escola,111,IN_LABORATORIO_INFORMATICA,IN,binária (0/1),dependências físicas,224229,100.0,919,100.0,2,0 (755); 1 (164)
2020,2020,escola,112,IN_PATIO_COBERTO,IN,binária (0/1),dependências físicas,224229,100.0,919,100.0,2,0 (592); 1 (327)
2020,2020,escola,113,IN_PATIO_DESCOBERTO,IN,binária (0/1),dependências físicas,224229,100.0,919,100.0,2,0 (785); 1 (134)
2020,2020,escola,114,IN_PARQUE_INFANTIL,IN,binária (0/1),dependências físicas,224229,100.0,919,100.0,2,0 (809); 1 (110)
2020,2020,escola,115,IN_PISCINA,IN,binária (0/1),dependências físicas,224229,100.0,919,100.0,2,0 (909); 1 (10)
2020,2020,escola,116,IN_QUADRA_ESPORTES,IN,binária (0/1),dependências físicas,224229,100.0,919,100.0,2,0 (721); 1 (198)
2020,2020,escola,117,IN_QUADRA_ESPORTES_COBERTA,IN,binária (0/1),dependências físicas,224229,100.0,919,100.0,2,0 (740); 1 (179)
2020,2020,escola,118,IN_QUADRA_ESPORTES_DESCOBERTA,IN,binária (0/1),dependências físicas,224229,100.0,919,100.0,2,0 (888); 1 (31)
2020,2020,escola,119,IN_REFEITORIO,IN,binária (0/1),dependências físicas,224229,100.0,919,100.0,2,0 (566); 1 (353)
2020,2020,escola,120,IN_SALA_ATELIE_ARTES,IN,binária (0/1),dependências físicas,224229,100.0,919,100.0,2,0 (908); 1 (11)
2020,2020,escola,121,IN_SALA_MUSICA_CORAL,IN,binária (0/1),dependências físicas,224229,100.0,919,100.0,2,0 (909); 1 (10)
2020,2020,escola,122,IN_SALA_ESTUDIO_DANCA,IN,binária (0/1),dependências físicas,224229,100.0,919,100.0,2,0 (915); 1 (4)
2020,2020,escola,123,IN_SALA_MULTIUSO,IN,binária (0/1),dependências físicas,224229,100.0,919,100.0,2,0 (897); 1 (22)
2020,2020,escola,124,IN_SALA_DIRETORIA,IN,binária (0/1),dependências físicas,224229,100.0,919,100.0,2,0 (509); 1 (410)
2020,2020,escola,125,IN_SALA_LEITURA,IN,binária (0/1),dependências físicas,224229,100.0,919,100.0,2,0 (758); 1 (161)
2020,2020,escola,126,IN_SALA_PROFESSOR,IN,binária (0/1),dependências físicas,224229,100.0,919,100.0,2,0 (586); 1 (333)
2020,2020,escola,127,IN_SALA_REPOUSO_ALUNO,IN,binária (0/1),dependências físicas,224229,100.0,919,100.0,2,0 (912); 1 (7)
2020,2020,escola,128,IN_SECRETARIA,IN,binária (0/1),dependências físicas,224229,100.0,919,100.0,2,1 (469); 0 (450)
2020,2020,escola,129,IN_SALA_ATENDIMENTO_ESPECIAL,IN,binária (0/1),dependências físicas,224229,100.0,919,100.0,2,0 (729); 1 (190)
2020,2020,escola,130,IN_TERREIRAO,IN,binária (0/1),dependências físicas,224229,100.0,919,100.0,2,0 (668); 1 (251)
2020,2020,escola,131,IN_VIVEIRO,IN,binária (0/1),dependências físicas,224229,100.0,919,100.0,2,0 (916); 1 (3)
2020,2020,escola,132,IN_DEPENDENCIAS_PNE,IN,binária (0/1),acessibilidade,224229,100.0,919,100.0,1,0 (919)
2020,2020,escola,133,IN_LAVANDERIA,IN,binária (0/1),dependências físicas,224229,100.0,919,100.0,1,0 (919)
2020,2020,escola,134,IN_DEPENDENCIAS_OUTRAS,IN,binária (0/1),dependências físicas,224229,100.0,919,100.0,2,0 (796); 1 (123)
2020,2020,escola,135,IN_ACESSIBILIDADE_CORRIMAO,IN,binária (0/1),acessibilidade,224229,100.0,919,100.0,2,0 (876); 1 (43)
2020,2020,escola,136,IN_ACESSIBILIDADE_ELEVADOR,IN,binária (0/1),acessibilidade,224229,100.0,919,100.0,2,0 (911); 1 (8)
2020,2020,escola,137,IN_ACESSIBILIDADE_PISOS_TATEIS,IN,binária (0/1),acessibilidade,224229,100.0,919,100.0,2,0 (842); 1 (77)
2020,2020,escola,138,IN_ACESSIBILIDADE_VAO_LIVRE,IN,binária (0/1),acessibilidade,224229,100.0,919,100.0,2,0 (814); 1 (105)
2020,2020,escola,139,IN_ACESSIBILIDADE_RAMPAS,IN,binária (0/1),acessibilidade,224229,100.0,919,100.0,2,0 (642); 1 (277)
2020,2020,escola,140,IN_ACESSIBILIDADE_SINAL_SONORO,IN,binária (0/1),acessibilidade,224229,100.0,919,100.0,2,0 (911); 1 (8)
2020,2020,escola,141,IN_ACESSIBILIDADE_SINAL_TATIL,IN,binária (0/1),acessibilidade,224229,100.0,919,100.0,2,0 (895); 1 (24)
2020,2020,escola,142,IN_ACESSIBILIDADE_SINAL_VISUAL,IN,binária (0/1),acessibilidade,224229,100.0,919,100.0,2,0 (881); 1 (38)
2020,2020,escola,143,IN_ACESSIBILIDADE_INEXISTENTE,IN,binária (0/1),acessibilidade,224229,100.0,919,100.0,2,1 (532); 0 (387)
2020,2020,escola,144,QT_SALAS_EXISTENTES,QT,contagem,dependências físicas,224229,100.0,919,100.0,1,0 (919)
2020,2020,escola,145,QT_SALAS_UTILIZADAS_DENTRO,QT,contagem,dependências físicas,224229,100.0,919,100.0,36,0 (278); 2 (99); 1 (96); 4 (64)
2020,2020,escola,146,QT_SALAS_UTILIZADAS_FORA,QT,contagem,dependências físicas,224229,100.0,919,100.0,12,0 (602); 1 (169); 2 (55); 4 (33)
2020,2020,escola,147,QT_SALAS_UTILIZADAS,QT,contagem,dependências físicas,224229,100.0,919,100.0,37,1 (212); 2 (105); 4 (95); 0 (66)
2020,2020,escola,148,QT_SALAS_UTILIZA_CLIMATIZADAS,QT,contagem,dependências físicas,224229,100.0,919,100.0,35,0 (575); 1 (41); 12 (31); 10 (28)
2020,2020,escola,149,QT_SALAS_UTILIZADAS_ACESSIVEIS,QT,contagem,dependências físicas,224229,100.0,919,100.0,29,0 (805); 12 (14); 10 (13); 1 (12)
2020,2020,escola,150,IN_EQUIP_PARABOLICA,IN,binária (0/1),equipamentos e tecnologia,224229,100.0,919,100.0,2,0 (862); 1 (57)
2020,2020,escola,151,IN_COMPUTADOR,IN,binária (0/1),equipamentos e tecnologia,224229,100.0,919,100.0,2,0 (479); 1 (440)
2020,2020,escola,152,IN_EQUIP_COPIADORA,IN,binária (0/1),equipamentos e tecnologia,224229,100.0,919,100.0,2,0 (713); 1 (206)
2020,2020,escola,153,IN_EQUIP_IMPRESSORA,IN,binária (0/1),equipamentos e tecnologia,224229,100.0,919,100.0,2,0 (555); 1 (364)
2020,2020,escola,154,IN_EQUIP_IMPRESSORA_MULT,IN,binária (0/1),equipamentos e tecnologia,224229,100.0,919,100.0,2,0 (591); 1 (328)
2020,2020,escola,155,IN_EQUIP_SCANNER,IN,binária (0/1),equipamentos e tecnologia,224229,100.0,919,100.0,2,0 (806); 1 (113)
2020,2020,escola,156,IN_EQUIP_NENHUM,IN,binária (0/1),equipamentos e tecnologia,224229,100.0,919,100.0,2,0 (566); 1 (353)
2020,2020,escola,157,IN_EQUIP_DVD,IN,binária (0/1),equipamentos e tecnologia,224229,100.0,919,100.0,2,0 (647); 1 (272)
2020,2020,escola,158,QT_EQUIP_DVD,QT,contagem,equipamentos e tecnologia,224229,100.0,919,100.0,9,0 (647); 1 (176); 2 (63); 3 (15)
2020,2020,escola,159,IN_EQUIP_SOM,IN,binária (0/1),equipamentos e tecnologia,224229,100.0,919,100.0,2,0 (637); 1 (282)
2020,2020,escola,160,QT_EQUIP_SOM,QT,contagem,equipamentos e tecnologia,224229,100.0,919,100.0,13,0 (637); 1 (163); 2 (61); 3 (21)
2020,2020,escola,161,IN_EQUIP_TV,IN,binária (0/1),equipamentos e tecnologia,224229,100.0,919,100.0,2,0 (531); 1 (388)
2020,2020,escola,162,QT_EQUIP_TV,QT,contagem,equipamentos e tecnologia,224229,100.0,919,100.0,18,0 (531); 1 (203); 2 (90); 3 (36)
2020,2020,escola,163,IN_EQUIP_LOUSA_DIGITAL,IN,binária (0/1),equipamentos e tecnologia,224229,100.0,919,100.0,2,0 (812); 1 (107)
2020,2020,escola,164,QT_EQUIP_LOUSA_DIGITAL,QT,contagem,equipamentos e tecnologia,224229,100.0,919,100.0,11,0 (812); 1 (40); 3 (21); 2 (20)
2020,2020,escola,165,IN_EQUIP_MULTIMIDIA,IN,binária (0/1),equipamentos e tecnologia,224229,100.0,919,100.0,2,0 (655); 1 (264)
2020,2020,escola,166,QT_EQUIP_MULTIMIDIA,QT,contagem,equipamentos e tecnologia,224229,100.0,919,100.0,17,0 (655); 1 (163); 2 (62); 3 (16)
2020,2020,escola,167,IN_EQUIP_VIDEOCASSETE,IN,binária (0/1),equipamentos e tecnologia,224229,100.0,919,100.0,1,0 (919)
2020,2020,escola,168,IN_EQUIP_RETROPROJETOR,IN,binária (0/1),equipamentos e tecnologia,224229,100.0,919,100.0,1,0 (919)
2020,2020,escola,169,IN_EQUIP_FAX,IN,binária (0/1),equipamentos e tecnologia,224229,100.0,919,100.0,1,0 (919)
2020,2020,escola,170,IN_EQUIP_FOTO,IN,binária (0/1),equipamentos e tecnologia,224229,100.0,919,100.0,1,0 (919)
2020,2020,escola,171,QT_EQUIP_VIDEOCASSETE,QT,contagem,equipamentos e tecnologia,224229,100.0,919,100.0,1,0 (919)
2020,2020,escola,172,QT_EQUIP_PARABOLICA,QT,contagem,equipamentos e tecnologia,224229,100.0,919,100.0,1,0 (919)
2020,2020,escola,173,QT_EQUIP_COPIADORA,QT,contagem,equipamentos e tecnologia,224229,100.0,919,100.0,1,0 (919)
2020,2020,escola,174,QT_EQUIP_RETROPROJETOR,QT,contagem,equipamentos e tecnologia,224229,100.0,919,100.0,1,0 (919)
2020,2020,escola,175,QT_EQUIP_IMPRESSORA,QT,contagem,equipamentos e tecnologia,224229,100.0,919,100.0,1,0 (919)
2020,2020,escola,176,QT_EQUIP_IMPRESSORA_MULT,QT,contagem,equipamentos e tecnologia,224229,100.0,919,100.0,1,0 (919)
2020,2020,escola,177,QT_EQUIP_FAX,QT,contagem,equipamentos e tecnologia,224229,100.0,919,100.0,1,0 (919)
2020,2020,escola,178,QT_EQUIP_FOTO,QT,contagem,equipamentos e tecnologia,224229,100.0,919,100.0,1,0 (919)
2020,2020,escola,179,QT_COMP_ALUNO,QT,contagem,equipamentos e tecnologia,224229,100.0,919,100.0,1,0 (919)
2020,2020,escola,180,IN_DESKTOP_ALUNO,IN,binária (0/1),equipamentos e tecnologia,224229,100.0,919,100.0,2,0 (694); 1 (225)
2020,2020,escola,181,QT_DESKTOP_ALUNO,QT,contagem,equipamentos e tecnologia,224229,100.0,919,100.0,36,0 (694); 1 (38); 10 (28); 3 (23)
2020,2020,escola,182,IN_COMP_PORTATIL_ALUNO,IN,binária (0/1),equipamentos e tecnologia,224229,100.0,919,100.0,2,0 (816); 1 (103)
2020,2020,escola,183,QT_COMP_PORTATIL_ALUNO,QT,contagem,equipamentos e tecnologia,224229,100.0,919,100.0,15,0 (816); 1 (45); 2 (34); 3 (11)
2020,2020,escola,184,IN_TABLET_ALUNO,IN,binária (0/1),equipamentos e tecnologia,224229,100.0,919,100.0,2,0 (853); 1 (66)
2020,2020,escola,185,QT_TABLET_ALUNO,QT,contagem,equipamentos e tecnologia,224229,100.0,919,100.0,27,0 (853); 1 (9); 25 (7); 60 (6)
2020,2020,escola,186,QT_COMPUTADOR,QT,contagem,equipamentos e tecnologia,224229,100.0,919,100.0,1,0 (919)
2020,2020,escola,187,QT_COMP_ADMINISTRATIVO,QT,contagem,equipamentos e tecnologia,224229,100.0,919,100.0,1,0 (919)
2020,2020,escola,188,IN_INTERNET,IN,binária (0/1),equipamentos e tecnologia,224229,100.0,919,100.0,2,0 (538); 1 (381)
2020,2020,escola,189,IN_INTERNET_ALUNOS,IN,binária (0/1),equipamentos e tecnologia,224229,100.0,919,100.0,2,0 (730); 1 (189)
2020,2020,escola,190,IN_INTERNET_ADMINISTRATIVO,IN,binária (0/1),equipamentos e tecnologia,224229,100.0,919,100.0,2,0 (573); 1 (346)
2020,2020,escola,191,IN_INTERNET_APRENDIZAGEM,IN,binária (0/1),equipamentos e tecnologia,224229,100.0,919,100.0,2,0 (745); 1 (174)
2020,2020,escola,192,IN_INTERNET_COMUNIDADE,IN,binária (0/1),equipamentos e tecnologia,224229,100.0,919,100.0,2,0 (834); 1 (85)
2020,2020,escola,193,IN_ACESSO_INTERNET_COMPUTADOR,IN,binária (0/1),equipamentos e tecnologia,224229,100.0,919,100.0,2,0 (796); 1 (123)
2020,2020,escola,194,IN_ACES_INTERNET_DISP_PESSOAIS,IN,binária (0/1),equipamentos e tecnologia,224229,100.0,919,100.0,2,0 (819); 1 (100)
2020,2020,escola,195,TP_REDE_LOCAL,TP,categórica codificada,equipamentos e tecnologia,224229,100.0,919,100.0,5,9 (475); 0 (151); 1 (120); 3 (104)
2020,2020,escola,196,IN_BANDA_LARGA,IN,binária (0/1),equipamentos e tecnologia,224229,100.0,919,100.0,2,0 (661); 1 (258)
2020,2020,escola,197,QT_FUNCIONARIOS,QT,contagem,profissionais não docentes,224229,100.0,919,100.0,1,0 (919)
2020,2020,escola,198,IN_PROF_ADMINISTRATIVOS,IN,binária (0/1),profissionais não docentes,224229,100.0,919,100.0,2,0 (531); 1 (388)
2020,2020,escola,199,QT_PROF_ADMINISTRATIVOS,QT,contagem,profissionais não docentes,224229,100.0,919,100.0,18,0 (531); 1 (173); 2 (95); 3 (38)
2020,2020,escola,200,IN_PROF_SERVICOS_GERAIS,IN,binária (0/1),profissionais não docentes,224229,100.0,919,100.0,2,1 (521); 0 (398)
2020,2020,escola,201,QT_PROF_SERVICOS_GERAIS,QT,contagem,profissionais não docentes,224229,100.0,919,100.0,26,0 (398); 1 (146); 2 (89); 3 (48)
2020,2020,escola,202,IN_PROF_BIBLIOTECARIO,IN,binária (0/1),profissionais não docentes,224229,100.0,919,100.0,2,0 (768); 1 (151)
2020,2020,escola,203,QT_PROF_BIBLIOTECARIO,QT,contagem,profissionais não docentes,224229,100.0,919,100.0,11,0 (768); 2 (42); 1 (35); 3 (25)
2020,2020,escola,204,IN_PROF_SAUDE,IN,binária (0/1),profissionais não docentes,224229,100.0,919,100.0,2,0 (903); 1 (16)
2020,2020,escola,205,QT_PROF_SAUDE,QT,contagem,profissionais não docentes,224229,100.0,919,100.0,7,0 (903); 1 (9); 2 (2); 88888 (2)
2020,2020,escola,206,IN_PROF_COORDENADOR,IN,binária (0/1),profissionais não docentes,224229,100.0,919,100.0,2,0 (769); 1 (150)
2020,2020,escola,207,QT_PROF_COORDENADOR,QT,contagem,profissionais não docentes,224229,100.0,919,100.0,11,0 (769); 1 (101); 2 (29); 3 (5)
2020,2020,escola,208,IN_PROF_FONAUDIOLOGO,IN,binária (0/1),profissionais não docentes,224229,100.0,919,100.0,2,0 (918); 1 (1)
2020,2020,escola,209,QT_PROF_FONAUDIOLOGO,QT,contagem,profissionais não docentes,224229,100.0,919,100.0,2,0 (918); 1 (1)
2020,2020,escola,210,IN_PROF_NUTRICIONISTA,IN,binária (0/1),profissionais não docentes,224229,100.0,919,100.0,2,0 (882); 1 (37)
2020,2020,escola,211,QT_PROF_NUTRICIONISTA,QT,contagem,profissionais não docentes,224229,100.0,919,100.0,2,0 (882); 1 (37)
2020,2020,escola,212,IN_PROF_PSICOLOGO,IN,binária (0/1),profissionais não docentes,224229,100.0,919,100.0,2,0 (907); 1 (12)
2020,2020,escola,213,QT_PROF_PSICOLOGO,QT,contagem,profissionais não docentes,224229,100.0,919,100.0,4,0 (907); 1 (10); 2 (1); 4 (1)
2020,2020,escola,214,IN_PROF_ALIMENTACAO,IN,binária (0/1),profissionais não docentes,224229,100.0,919,100.0,2,1 (496); 0 (423)
2020,2020,escola,215,QT_PROF_ALIMENTACAO,QT,contagem,profissionais não docentes,224229,100.0,919,100.0,8,0 (423); 1 (214); 2 (102); 4 (75)
2020,2020,escola,216,IN_PROF_PEDAGOGIA,IN,binária (0/1),profissionais não docentes,224229,100.0,919,100.0,2,0 (510); 1 (409)
2020,2020,escola,217,QT_PROF_PEDAGOGIA,QT,contagem,profissionais não docentes,224229,100.0,919,100.0,20,0 (510); 1 (204); 2 (81); 3 (40)
2020,2020,escola,218,IN_PROF_SECRETARIO,IN,binária (0/1),profissionais não docentes,224229,100.0,919,100.0,2,0 (550); 1 (369)
2020,2020,escola,219,QT_PROF_SECRETARIO,QT,contagem,profissionais não docentes,224229,100.0,919,100.0,4,0 (550); 1 (366); 2 (2); 3 (1)
2020,2020,escola,220,IN_PROF_SEGURANCA,IN,binária (0/1),profissionais não docentes,224229,100.0,919,100.0,2,0 (785); 1 (134)
2020,2020,escola,221,QT_PROF_SEGURANCA,QT,contagem,profissionais não docentes,224229,100.0,919,100.0,8,0 (785); 3 (49); 2 (44); 1 (25)
2020,2020,escola,222,IN_PROF_MONITORES,IN,binária (0/1),profissionais não docentes,224229,100.0,919,100.0,2,0 (824); 1 (95)
2020,2020,escola,223,QT_PROF_MONITORES,QT,contagem,profissionais não docentes,224229,100.0,919,100.0,12,0 (824); 1 (33); 2 (24); 3 (11)
2020,2020,escola,224,IN_PROF_GESTAO,IN,binária (0/1),profissionais não docentes,224229,100.0,919,100.0,2,0 (717); 1 (202)
2020,2020,escola,225,QT_PROF_GESTAO,QT,contagem,profissionais não docentes,224229,100.0,919,100.0,5,0 (717); 1 (158); 2 (39); 3 (4)
2020,2020,escola,226,IN_PROF_ASSIST_SOCIAL,IN,binária (0/1),profissionais não docentes,224229,100.0,919,100.0,2,0 (881); 1 (38)
2020,2020,escola,227,QT_PROF_ASSIST_SOCIAL,QT,contagem,profissionais não docentes,224229,100.0,919,100.0,5,0 (881); 2 (22); 1 (8); 3 (5)
2020,2020,escola,228,IN_ALIMENTACAO,IN,binária (0/1),alimentação escolar,224229,100.0,919,100.0,2,1 (811); 0 (108)
2020,2020,escola,229,IN_SERIE_ANO,IN,binária (0/1),organização do ensino e gestão,224229,100.0,919,100.0,3,1 (818); 0 (87); 9 (14)
2020,2020,escola,230,IN_PERIODOS_SEMESTRAIS,IN,binária (0/1),organização do ensino e gestão,224229,100.0,919,100.0,3,0 (883); 1 (22); 9 (14)
2020,2020,escola,231,IN_FUNDAMENTAL_CICLOS,IN,binária (0/1),organização do ensino e gestão,224229,100.0,919,100.0,3,0 (901); 9 (14); 1 (4)
2020,2020,escola,232,IN_GRUPOS_NAO_SERIADOS,IN,binária (0/1),organização do ensino e gestão,224229,100.0,919,100.0,3,0 (902); 9 (14); 1 (3)
2020,2020,escola,233,IN_MODULOS,IN,binária (0/1),organização do ensino e gestão,224229,100.0,919,100.0,3,0 (894); 9 (14); 1 (11)
2020,2020,escola,234,IN_FORMACAO_ALTERNANCIA,IN,binária (0/1),organização do ensino e gestão,224229,100.0,919,100.0,3,0 (903); 9 (14); 1 (2)
2020,2020,escola,235,IN_MATERIAL_PED_MULTIMIDIA,IN,binária (0/1),materiais pedagógicos,224229,100.0,919,100.0,2,0 (800); 1 (119)
2020,2020,escola,236,IN_MATERIAL_PED_INFANTIL,IN,binária (0/1),materiais pedagógicos,224229,100.0,919,100.0,2,0 (663); 1 (256)
2020,2020,escola,237,IN_MATERIAL_PED_CIENTIFICO,IN,binária (0/1),materiais pedagógicos,224229,100.0,919,100.0,2,0 (872); 1 (47)
2020,2020,escola,238,IN_MATERIAL_PED_DIFUSAO,IN,binária (0/1),materiais pedagógicos,224229,100.0,919,100.0,2,0 (745); 1 (174)
2020,2020,escola,239,IN_MATERIAL_PED_MUSICAL,IN,binária (0/1),materiais pedagógicos,224229,100.0,919,100.0,2,0 (840); 1 (79)
2020,2020,escola,240,IN_MATERIAL_PED_JOGOS,IN,binária (0/1),materiais pedagógicos,224229,100.0,919,100.0,2,0 (493); 1 (426)
2020,2020,escola,241,IN_MATERIAL_PED_ARTISTICAS,IN,binária (0/1),materiais pedagógicos,224229,100.0,919,100.0,2,0 (799); 1 (120)
2020,2020,escola,242,IN_MATERIAL_PED_DESPORTIVA,IN,binária (0/1),materiais pedagógicos,224229,100.0,919,100.0,2,0 (629); 1 (290)
2020,2020,escola,243,IN_MATERIAL_PED_INDIGENA,IN,binária (0/1),materiais pedagógicos,224229,100.0,919,100.0,2,0 (897); 1 (22)
2020,2020,escola,244,IN_MATERIAL_PED_ETNICO,IN,binária (0/1),materiais pedagógicos,224229,100.0,919,100.0,2,0 (897); 1 (22)
2020,2020,escola,245,IN_MATERIAL_PED_CAMPO,IN,binária (0/1),materiais pedagógicos,224229,100.0,919,100.0,2,0 (898); 1 (21)
2020,2020,escola,246,IN_MATERIAL_PED_NENHUM,IN,binária (0/1),materiais pedagógicos,224229,100.0,919,100.0,2,0 (619); 1 (300)
2020,2020,escola,247,IN_MATERIAL_ESP_QUILOMBOLA,IN,binária (0/1),materiais pedagógicos,224229,100.0,919,100.0,1,0 (919)
2020,2020,escola,248,IN_MATERIAL_ESP_INDIGENA,IN,binária (0/1),materiais pedagógicos,224229,100.0,919,100.0,1,0 (919)
2020,2020,escola,249,IN_MATERIAL_ESP_NAO_UTILIZA,IN,binária (0/1),materiais pedagógicos,224229,100.0,919,100.0,1,0 (919)
2020,2020,escola,250,IN_EDUCACAO_INDIGENA,IN,binária (0/1),educação indígena,224229,100.0,919,100.0,2,0 (579); 1 (340)
2020,2020,escola,251,TP_INDIGENA_LINGUA,TP,categórica codificada,educação indígena,224229,100.0,919,100.0,4,0 (579); 3 (278); 2 (61); 1 (1)
2020,2020,escola,252,CO_LINGUA_INDIGENA_1,CO,código,educação indígena,224229,100.0,919,100.0,11,0 (640); 100 (195); 179 (36); 45 (14)
2020,2020,escola,253,CO_LINGUA_INDIGENA_2,CO,código,educação indígena,224229,100.0,919,100.0,6,0 (878); 179 (24); 100 (10); 153 (5)
2020,2020,escola,254,CO_LINGUA_INDIGENA_3,CO,código,educação indígena,224229,100.0,919,100.0,2,0 (916); 179 (3)
2020,2020,escola,255,IN_BRASIL_ALFABETIZADO,IN,binária (0/1),organização do ensino e gestão,224229,100.0,919,100.0,1,0 (919)
2020,2020,escola,256,IN_FINAL_SEMANA,IN,binária (0/1),organização do ensino e gestão,224229,100.0,919,100.0,1,0 (919)
2020,2020,escola,257,IN_EXAME_SELECAO,IN,binária (0/1),organização do ensino e gestão,224229,100.0,919,100.0,3,0 (901); 1 (17); 9 (1)
2020,2020,escola,258,IN_RESERVA_PPI,IN,binária (0/1),organização do ensino e gestão,224229,100.0,919,100.0,2,0 (912); 1 (7)
2020,2020,escola,259,IN_RESERVA_RENDA,IN,binária (0/1),organização do ensino e gestão,224229,100.0,919,100.0,2,0 (912); 1 (7)
2020,2020,escola,260,IN_RESERVA_PUBLICA,IN,binária (0/1),organização do ensino e gestão,224229,100.0,919,100.0,2,0 (913); 1 (6)
2020,2020,escola,261,IN_RESERVA_PCD,IN,binária (0/1),organização do ensino e gestão,224229,100.0,919,100.0,2,0 (911); 1 (8)
2020,2020,escola,262,IN_RESERVA_OUTROS,IN,binária (0/1),organização do ensino e gestão,224229,100.0,919,100.0,2,0 (917); 1 (2)
2020,2020,escola,263,IN_RESERVA_NENHUMA,IN,binária (0/1),organização do ensino e gestão,224229,100.0,919,100.0,2,0 (912); 1 (7)
2020,2020,escola,264,IN_REDES_SOCIAIS,IN,binária (0/1),equipamentos e tecnologia,224229,100.0,919,100.0,2,0 (781); 1 (138)
2020,2020,escola,265,IN_ESPACO_ATIVIDADE,IN,binária (0/1),"oferta (etapas, modalidades, turnos)",224229,100.0,919,100.0,3,1 (559); 0 (302); 9 (58)
2020,2020,escola,266,IN_ESPACO_EQUIPAMENTO,IN,binária (0/1),"oferta (etapas, modalidades, turnos)",224229,100.0,919,100.0,3,1 (539); 0 (326); 9 (54)
2020,2020,escola,267,IN_ORGAO_ASS_PAIS,IN,binária (0/1),organização do ensino e gestão,224229,100.0,919,100.0,2,0 (897); 1 (22)
2020,2020,escola,268,IN_ORGAO_ASS_PAIS_MESTRES,IN,binária (0/1),organização do ensino e gestão,224229,100.0,919,100.0,2,0 (579); 1 (340)
2020,2020,escola,269,IN_ORGAO_CONSELHO_ESCOLAR,IN,binária (0/1),organização do ensino e gestão,224229,100.0,919,100.0,2,0 (698); 1 (221)
2020,2020,escola,270,IN_ORGAO_GREMIO_ESTUDANTIL,IN,binária (0/1),organização do ensino e gestão,224229,100.0,919,100.0,2,0 (898); 1 (21)
2020,2020,escola,271,IN_ORGAO_OUTROS,IN,binária (0/1),organização do ensino e gestão,224229,100.0,919,100.0,2,0 (903); 1 (16)
2020,2020,escola,272,IN_ORGAO_NENHUM,IN,binária (0/1),organização do ensino e gestão,224229,100.0,919,100.0,2,1 (466); 0 (453)
2020,2020,escola,273,TP_PROPOSTA_PEDAGOGICA,TP,categórica codificada,organização do ensino e gestão,224229,100.0,919,100.0,4,2 (366); 1 (277); 0 (246); 9 (30)
2020,2020,escola,274,TP_AEE,TP,categórica codificada,organização do ensino e gestão,224229,100.0,919,100.0,3,0 (767); 1 (146); 2 (6)
2020,2020,escola,275,TP_ATIVIDADE_COMPLEMENTAR,TP,categórica codificada,organização do ensino e gestão,224229,100.0,919,100.0,2,0 (918); 1 (1)
2020,2020,escola,276,IN_MEDIACAO_PRESENCIAL,IN,binária (0/1),"oferta (etapas, modalidades, turnos)",224229,100.0,919,100.0,2,1 (853); 0 (66)
2020,2020,escola,277,IN_MEDIACAO_SEMIPRESENCIAL,IN,binária (0/1),"oferta (etapas, modalidades, turnos)",224229,100.0,919,100.0,2,0 (917); 1 (2)
2020,2020,escola,278,IN_MEDIACAO_EAD,IN,binária (0/1),"oferta (etapas, modalidades, turnos)",224229,100.0,919,100.0,2,0 (917); 1 (2)
2020,2020,escola,279,IN_REGULAR,IN,binária (0/1),"oferta (etapas, modalidades, turnos)",224229,100.0,919,100.0,2,1 (839); 0 (80)
2020,2020,escola,280,IN_DIURNO,IN,binária (0/1),"oferta (etapas, modalidades, turnos)",224229,100.0,919,100.0,2,1 (846); 0 (73)
2020,2020,escola,281,IN_NOTURNO,IN,binária (0/1),"oferta (etapas, modalidades, turnos)",224229,100.0,919,100.0,2,0 (802); 1 (117)
2020,2020,escola,282,IN_EAD,IN,binária (0/1),"oferta (etapas, modalidades, turnos)",224229,100.0,919,100.0,2,0 (916); 1 (3)
2020,2020,escola,283,IN_BAS,IN,binária (0/1),"oferta (etapas, modalidades, turnos)",224229,100.0,919,100.0,2,1 (847); 0 (72)
2020,2020,escola,284,IN_INF,IN,binária (0/1),"oferta (etapas, modalidades, turnos)",224229,100.0,919,100.0,2,0 (510); 1 (409)
2020,2020,escola,285,IN_INF_CRE,IN,binária (0/1),"oferta (etapas, modalidades, turnos)",224229,100.0,919,100.0,2,0 (748); 1 (171)
2020,2020,escola,286,IN_INF_PRE,IN,binária (0/1),"oferta (etapas, modalidades, turnos)",224229,100.0,919,100.0,2,0 (557); 1 (362)
2020,2020,escola,287,IN_FUND,IN,binária (0/1),"oferta (etapas, modalidades, turnos)",224229,100.0,919,100.0,2,1 (640); 0 (279)
2020,2020,escola,288,IN_FUND_AI,IN,binária (0/1),"oferta (etapas, modalidades, turnos)",224229,100.0,919,100.0,2,1 (522); 0 (397)
2020,2020,escola,289,IN_FUND_AF,IN,binária (0/1),"oferta (etapas, modalidades, turnos)",224229,100.0,919,100.0,2,0 (670); 1 (249)
2020,2020,escola,290,IN_MED,IN,binária (0/1),"oferta (etapas, modalidades, turnos)",224229,100.0,919,100.0,2,0 (751); 1 (168)
2020,2020,escola,291,IN_PROF,IN,binária (0/1),"oferta (etapas, modalidades, turnos)",224229,100.0,919,100.0,2,0 (904); 1 (15)
2020,2020,escola,292,IN_PROF_TEC,IN,binária (0/1),"oferta (etapas, modalidades, turnos)",224229,100.0,919,100.0,2,0 (904); 1 (15)
2020,2020,escola,293,IN_EJA,IN,binária (0/1),"oferta (etapas, modalidades, turnos)",224229,100.0,919,100.0,2,0 (817); 1 (102)
2020,2020,escola,294,IN_EJA_FUND,IN,binária (0/1),"oferta (etapas, modalidades, turnos)",224229,100.0,919,100.0,2,0 (857); 1 (62)
2020,2020,escola,295,IN_EJA_MED,IN,binária (0/1),"oferta (etapas, modalidades, turnos)",224229,100.0,919,100.0,2,0 (840); 1 (79)
2020,2020,escola,296,IN_ESP,IN,binária (0/1),"oferta (etapas, modalidades, turnos)",224229,100.0,919,100.0,2,0 (478); 1 (441)
2020,2020,escola,297,IN_ESP_CC,IN,binária (0/1),"oferta (etapas, modalidades, turnos)",224229,100.0,919,100.0,2,0 (478); 1 (441)
2020,2020,escola,298,IN_ESP_CE,IN,binária (0/1),"oferta (etapas, modalidades, turnos)",224229,100.0,919,100.0,1,0 (919)
2020,2020,escola,299,QT_MAT_BAS,QT,contagem,matrículas,224229,100.0,919,100.0,365,0 (72); 9 (19); 13 (17); 11 (14)
2020,2020,escola,300,QT_MAT_INF,QT,contagem,matrículas,224229,100.0,919,100.0,137,0 (510); 8 (15); 4 (13); 10 (12)
2020,2020,escola,301,QT_MAT_INF_CRE,QT,contagem,matrículas,224229,100.0,919,100.0,75,0 (748); 2 (11); 4 (11); 3 (8)
2020,2020,escola,302,QT_MAT_INF_PRE,QT,contagem,matrículas,224229,100.0,919,100.0,124,0 (557); 4 (15); 8 (15); 6 (14)
2020,2020,escola,303,QT_MAT_FUND,QT,contagem,matrículas,224229,100.0,919,100.0,287,0 (279); 11 (15); 13 (15); 8 (14)
2020,2020,escola,304,QT_MAT_FUND_AI,QT,contagem,matrículas,224229,100.0,919,100.0,194,0 (397); 13 (17); 11 (16); 8 (16)
2020,2020,escola,305,QT_MAT_FUND_AF,QT,contagem,matrículas,224229,100.0,919,100.0,172,0 (670); 19 (5); 44 (5); 20 (4)
2020,2020,escola,306,QT_MAT_MED,QT,contagem,matrículas,224229,100.0,919,100.0,124,0 (751); 40 (7); 22 (5); 29 (5)
2020,2020,escola,307,QT_MAT_PROF,QT,contagem,matrículas,224229,100.0,919,100.0,14,0 (904); 14 (2); 99 (2); 1462 (1)
2020,2020,escola,308,QT_MAT_PROF_TEC,QT,contagem,matrículas,224229,100.0,919,100.0,14,0 (904); 14 (2); 99 (2); 1462 (1)
2020,2020,escola,309,QT_MAT_EJA,QT,contagem,matrículas,224229,100.0,919,100.0,76,0 (817); 18 (4); 10 (3); 21 (3)
2020,2020,escola,310,QT_MAT_EJA_FUND,QT,contagem,matrículas,224229,100.0,919,100.0,44,0 (857); 18 (4); 20 (4); 16 (3)
2020,2020,escola,311,QT_MAT_EJA_MED,QT,contagem,matrículas,224229,100.0,919,100.0,56,0 (840); 14 (3); 18 (3); 2 (3)
2020,2020,escola,312,QT_MAT_ESP,QT,contagem,matrículas,224229,100.0,919,100.0,43,0 (478); 1 (133); 2 (47); 3 (39)
2020,2020,escola,313,QT_MAT_ESP_CC,QT,contagem,matrículas,224229,100.0,919,100.0,43,0 (478); 1 (133); 2 (47); 3 (39)
2020,2020,escola,314,QT_MAT_ESP_CE,QT,contagem,matrículas,224229,100.0,919,100.0,1,0 (919)
2020,2020,escola,315,QT_MAT_BAS_FEM,QT,contagem,matrículas,224229,100.0,919,100.0,264,0 (75); 7 (31); 10 (27); 6 (25)
2020,2020,escola,316,QT_MAT_BAS_MASC,QT,contagem,matrículas,224229,100.0,919,100.0,275,0 (74); 4 (29); 7 (28); 11 (22)
2020,2020,escola,317,QT_MAT_BAS_ND,QT,contagem,matrículas,224229,100.0,919,100.0,181,0 (390); 1 (59); 2 (29); 5 (27)
2020,2020,escola,318,QT_MAT_BAS_BRANCA,QT,contagem,matrículas,224229,100.0,919,100.0,122,0 (471); 1 (45); 2 (29); 3 (22)
2020,2020,escola,319,QT_MAT_BAS_PRETA,QT,contagem,matrículas,224229,100.0,919,100.0,33,0 (596); 1 (65); 2 (42); 5 (24)
2020,2020,escola,320,QT_MAT_BAS_PARDA,QT,contagem,matrículas,224229,100.0,919,100.0,264,0 (376); 1 (35); 2 (21); 3 (17)
2020,2020,escola,321,QT_MAT_BAS_AMARELA,QT,contagem,matrículas,224229,100.0,919,100.0,10,0 (787); 1 (76); 2 (27); 3 (14)
2020,2020,escola,322,QT_MAT_BAS_INDIGENA,QT,contagem,matrículas,224229,100.0,919,100.0,146,0 (210); 1 (57); 2 (38); 6 (34)
2020,2020,escola,323,QT_MAT_BAS_0_3,QT,contagem,matrículas,224229,100.0,919,100.0,73,0 (722); 1 (26); 2 (20); 4 (11)
2020,2020,escola,324,QT_MAT_BAS_4_5,QT,contagem,matrículas,224229,100.0,919,100.0,126,0 (496); 1 (29); 3 (25); 2 (20)
2020,2020,escola,325,QT_MAT_BAS_6_10,QT,contagem,matrículas,224229,100.0,919,100.0,186,0 (224); 1 (47); 5 (30); 2 (27)
2020,2020,escola,326,QT_MAT_BAS_11_14,QT,contagem,matrículas,224229,100.0,919,100.0,181,0 (349); 1 (65); 2 (46); 4 (32)
2020,2020,escola,327,QT_MAT_BAS_15_17,QT,contagem,matrículas,224229,100.0,919,100.0,149,0 (583); 1 (43); 2 (17); 5 (12)
2020,2020,escola,328,QT_MAT_BAS_18_MAIS,QT,contagem,matrículas,224229,100.0,919,100.0,105,0 (651); 1 (37); 2 (16); 4 (9)
2020,2020,escola,329,QT_MAT_BAS_D,QT,contagem,matrículas,224229,100.0,919,100.0,349,0 (73); 9 (19); 13 (17); 11 (14)
2020,2020,escola,330,QT_MAT_BAS_N,QT,contagem,matrículas,224229,100.0,919,100.0,82,0 (802); 23 (4); 38 (3); 40 (3)
2020,2020,escola,331,QT_MAT_BAS_EAD,QT,contagem,matrículas,224229,100.0,919,100.0,4,0 (916); 172 (1); 26 (1); 315 (1)
2020,2020,escola,332,QT_MAT_INF_INT,QT,contagem,matrículas,224229,100.0,919,100.0,32,0 (861); 32 (6); 28 (5); 29 (4)
2020,2020,escola,333,QT_MAT_INF_CRE_INT,QT,contagem,matrículas,224229,100.0,919,100.0,29,0 (867); 32 (6); 28 (5); 29 (4)
2020,2020,escola,334,QT_MAT_INF_PRE_INT,QT,contagem,matrículas,224229,100.0,919,100.0,6,0 (913); 25 (2); 10 (1); 23 (1)
2020,2020,escola,335,QT_MAT_FUND_INT,QT,contagem,matrículas,224229,100.0,919,100.0,8,0 (912); 1 (1); 10 (1); 11 (1)
2020,2020,escola,336,QT_MAT_FUND_AI_INT,QT,contagem,matrículas,224229,100.0,919,100.0,7,0 (913); 1 (1); 10 (1); 11 (1)
2020,2020,escola,337,QT_MAT_FUND_AF_INT,QT,contagem,matrículas,224229,100.0,919,100.0,2,0 (918); 31 (1)
2020,2020,escola,338,QT_MAT_MED_INT,QT,contagem,matrículas,224229,100.0,919,100.0,13,0 (907); 1 (1); 102 (1); 159 (1)
2020,2020,escola,339,QT_DOC_BAS,QT,contagem,docentes,224229,100.0,919,100.0,59,1 (199); 2 (103); 0 (73); 3 (42)
2020,2020,escola,340,QT_DOC_INF,QT,contagem,docentes,224229,100.0,919,100.0,24,0 (571); 1 (134); 2 (64); 3 (28)
2020,2020,escola,341,QT_DOC_INF_CRE,QT,contagem,docentes,224229,100.0,919,100.0,13,0 (786); 1 (62); 2 (27); 4 (15)
2020,2020,escola,342,QT_DOC_INF_PRE,QT,contagem,docentes,224229,100.0,919,100.0,23,0 (617); 1 (111); 2 (74); 3 (23)
2020,2020,escola,343,QT_DOC_FUND,QT,contagem,docentes,224229,100.0,919,100.0,52,0 (279); 1 (130); 2 (85); 6 (34)
2020,2020,escola,344,QT_DOC_FUND_AI,QT,contagem,docentes,224229,100.0,919,100.0,45,0 (606); 1 (70); 2 (40); 6 (36)
2020,2020,escola,345,QT_DOC_FUND_AF,QT,contagem,docentes,224229,100.0,919,100.0,35,0 (440); 1 (126); 2 (76); 3 (27)
2020,2020,escola,346,QT_DOC_MED,QT,contagem,docentes,224229,100.0,919,100.0,33,0 (751); 9 (19); 8 (18); 7 (16)
2020,2020,escola,347,QT_DOC_PROF,QT,contagem,docentes,224229,100.0,919,100.0,15,0 (904); 27 (2); 1 (1); 11 (1)
2020,2020,escola,348,QT_DOC_PROF_TEC,QT,contagem,docentes,224229,100.0,919,100.0,15,0 (904); 27 (2); 1 (1); 11 (1)
2020,2020,escola,349,QT_DOC_EJA,QT,contagem,docentes,224229,100.0,919,100.0,24,0 (817); 10 (11); 7 (10); 11 (8)
2020,2020,escola,350,QT_DOC_EJA_FUND,QT,contagem,docentes,224229,100.0,919,100.0,16,0 (857); 8 (13); 7 (7); 11 (5)
2020,2020,escola,351,QT_DOC_EJA_MED,QT,contagem,docentes,224229,100.0,919,100.0,20,0 (840); 11 (12); 10 (11); 7 (10)
2020,2020,escola,352,QT_DOC_ESP,QT,contagem,docentes,224229,100.0,919,100.0,50,0 (478); 1 (72); 2 (49); 10 (24)
2020,2020,escola,353,QT_DOC_ESP_CC,QT,contagem,docentes,224229,100.0,919,100.0,50,0 (478); 1 (72); 2 (49); 10 (24)
2020,2020,escola,354,QT_DOC_ESP_CE,QT,contagem,docentes,224229,100.0,919,100.0,1,0 (919)
2020,2020,escola,355,QT_TUR_BAS,QT,contagem,turmas,224229,100.0,919,100.0,51,1 (207); 2 (95); 0 (72); 12 (46)
2020,2020,escola,356,QT_TUR_INF,QT,contagem,turmas,224229,100.0,919,100.0,19,0 (570); 1 (133); 2 (69); 4 (25)
2020,2020,escola,357,QT_TUR_INF_CRE,QT,contagem,turmas,224229,100.0,919,100.0,14,0 (784); 1 (59); 2 (26); 4 (20)
2020,2020,escola,358,QT_TUR_INF_PRE,QT,contagem,turmas,224229,100.0,919,100.0,17,0 (617); 1 (112); 2 (74); 4 (31)
2020,2020,escola,359,QT_TUR_FUND,QT,contagem,turmas,224229,100.0,919,100.0,39,0 (279); 1 (163); 2 (65); 4 (51)
2020,2020,escola,360,QT_TUR_FUND_AI,QT,contagem,turmas,224229,100.0,919,100.0,37,0 (606); 1 (96); 5 (62); 3 (17)
2020,2020,escola,361,QT_TUR_FUND_AF,QT,contagem,turmas,224229,100.0,919,100.0,27,0 (440); 1 (167); 4 (62); 2 (58)
2020,2020,escola,362,QT_TUR_MED,QT,contagem,turmas,224229,100.0,919,100.0,23,0 (751); 3 (83); 5 (16); 6 (14)
2020,2020,escola,363,QT_TUR_PROF,QT,contagem,turmas,224229,100.0,919,100.0,12,0 (904); 2 (2); 4 (2); 5 (2)
2020,2020,escola,364,QT_TUR_PROF_TEC,QT,contagem,turmas,224229,100.0,919,100.0,12,0 (904); 2 (2); 3 (2); 4 (2)
2020,2020,escola,365,QT_TUR_EJA,QT,contagem,turmas,224229,100.0,919,100.0,15,0 (817); 1 (16); 4 (16); 2 (15)
2020,2020,escola,366,QT_TUR_EJA_FUND,QT,contagem,turmas,224229,100.0,919,100.0,12,0 (857); 1 (16); 2 (15); 4 (12)
2020,2020,escola,367,QT_TUR_EJA_MED,QT,contagem,turmas,224229,100.0,919,100.0,10,0 (840); 3 (22); 1 (19); 2 (13)
2020,2020,escola,368,QT_TUR_ESP,QT,contagem,turmas,224229,100.0,919,100.0,31,0 (478); 1 (144); 2 (51); 3 (38)
2020,2020,escola,369,QT_TUR_ESP_CC,QT,contagem,turmas,224229,100.0,919,100.0,31,0 (478); 1 (144); 2 (51); 3 (38)
2020,2020,escola,370,QT_TUR_ESP_CE,QT,contagem,turmas,224229,100.0,919,100.0,1,0 (919)
2021,2021,escola,1,NU_ANO_CENSO,NU,número,identificação e chave,221140,100.0,941,100.0,1,2021 (941)
2021,2021,escola,2,NO_REGIAO,NO,nome/texto,identificação e chave,221140,100.0,941,100.0,1,Norte (941)
2021,2021,escola,3,CO_REGIAO,CO,código,identificação e chave,221140,100.0,941,100.0,1,1 (941)
2021,2021,escola,4,NO_UF,NO,nome/texto,identificação e chave,221140,100.0,941,100.0,1,Roraima (941)
2021,2021,escola,5,SG_UF,SG,sigla,identificação e chave,221140,100.0,941,100.0,1,RR (941)
2021,2021,escola,6,CO_UF,CO,código,identificação e chave,221140,100.0,941,100.0,1,14 (941)
2021,2021,escola,7,NO_MUNICIPIO,NO,nome/texto,identificação e chave,221140,100.0,941,100.0,15,Boa Vista (271); Normandia (123); Uiramutã (112); Pacaraima (60)
2021,2021,escola,8,CO_MUNICIPIO,CO,código,identificação e chave,221140,100.0,941,100.0,15,1400100 (271); 1400407 (123); 1400704 (112); 1400456 (60)
2021,2021,escola,9,NO_MESORREGIAO,NO,nome/texto,geografia (IBGE),221140,100.0,941,100.0,2,Norte de Roraima (761); Sul de Roraima (180)
2021,2021,escola,10,CO_MESORREGIAO,CO,código,geografia (IBGE),221140,100.0,941,100.0,2,1401 (761); 1402 (180)
2021,2021,escola,11,NO_MICRORREGIAO,NO,nome/texto,geografia (IBGE),221140,100.0,941,100.0,4,Boa Vista (435); Nordeste de Roraima (326); Sudeste de Roraima (91); Caracaraí (89)
2021,2021,escola,12,CO_MICRORREGIAO,CO,código,geografia (IBGE),221140,100.0,941,100.0,4,14001 (435); 14002 (326); 14004 (91); 14003 (89)
2021,2021,escola,13,CO_DISTRITO,CO,código,geografia (IBGE),221140,100.0,941,100.0,15,140010005 (271); 140040705 (123); 140070405 (112); 140045605 (60)
2021,2021,escola,14,CO_ENTIDADE,CO,código,identificação e chave,221140,100.0,941,100.0,941,14000016 (1); 14000032 (1); 14000113 (1); 14000130 (1)
2021,2021,escola,15,NO_ENTIDADE,NO,nome/texto,identificação e chave,221140,100.0,941,100.0,934,ESCOLA ESTADUAL FAGUNDES VARELA (2); ESCOLA MUNICIPAL CANTINHO FELIZ (2); ESCOLA MUNICIPAL CRIANCA FELIZ (2); ESCOLA MUNICIPAL NOVA CANAA (2)
2021,2021,escola,16,TP_DEPENDENCIA,TP,categórica codificada,dependência administrativa e vínculos,221140,100.0,941,100.0,4,3 (468); 2 (401); 4 (65); 1 (7)
2021,2021,escola,17,TP_CATEGORIA_ESCOLA_PRIVADA,TP,categórica codificada,dependência administrativa e vínculos,221140,100.0,941,100.0,4,0 (898); 1 (39); 2 (2); 4 (2)
2021,2021,escola,18,TP_LOCALIZACAO,TP,categórica codificada,localização e vínculo institucional,221140,100.0,941,100.0,2,2 (616); 1 (325)
2021,2021,escola,19,TP_LOCALIZACAO_DIFERENCIADA,TP,categórica codificada,localização e vínculo institucional,221140,100.0,941,100.0,3,0 (502); 2 (391); 1 (48)
2021,2021,escola,20,DS_ENDERECO,DS,texto livre,endereço e contato,221140,100.0,941,100.0,808,AVENIDA NAZARE FILGUEIRAS (6); TRAVESSA DOS MACUXIS (5); AVENIDA SAO SEBASTIAO (4); AVENIDA SOL (4)
2021,2021,escola,21,NU_ENDERECO,NU,número,endereço e contato,221140,76.8,941,46.7,220,S/N (114); SN (68); S/Nº (8); 2141 (4)
2021,2021,escola,22,DS_COMPLEMENTO,DS,texto livre,endereço e contato,221140,31.3,941,26.2,92,TI-RSS (33); TERRA IND YANOMAMI (31); ZONA RURAL (23); PREDIO (19)
2021,2021,escola,23,NO_BAIRRO,NO,nome/texto,endereço e contato,221140,83.5,941,47.3,122,CENTRO (73); ZONA RURAL (26); COMUNIDADE INDIGENA (14); CIDADE SATELITE (13)
2021,2021,escola,24,CO_CEP,CO,código,endereço e contato,221140,100.0,941,100.0,213,69355000 (123); 69358000 (112); 69345000 (60); 69343000 (54)
2021,2021,escola,25,NU_DDD,NU,número,endereço e contato,221140,100.0,941,100.0,2,95 (755); . (186)
2021,2021,escola,26,NU_TELEFONE,NU,número,endereço e contato,221140,100.0,941,100.0,328,. (280); 35531270 (33); 36241468 (30); 32381459 (18)
2021,2021,escola,27,TP_SITUACAO_FUNCIONAMENTO,TP,categórica codificada,situação de funcionamento,221140,100.0,941,100.0,2,1 (847); 2 (94)
2021,2021,escola,28,CO_ORGAO_REGIONAL,CO,código,identificação e chave,221140,97.2,941,0.0,0,
2021,2021,escola,29,DT_ANO_LETIVO_INICIO,DT,data,situação de funcionamento,221140,100.0,941,100.0,39,03MAY2021:00:00:00 (497); 12APR2021:00:00:00 (97); 0 (94); 23MAR2021:00:00:00 (63)
2021,2021,escola,30,DT_ANO_LETIVO_TERMINO,DT,data,situação de funcionamento,221140,100.0,941,100.0,28,17DEC2021:00:00:00 (501); 22DEC2021:00:00:00 (114); 0 (94); 23DEC2021:00:00:00 (88)
2021,2021,escola,31,IN_VINCULO_SECRETARIA_EDUCACAO,IN,binária (0/1),localização e vínculo institucional,221140,100.0,941,100.0,2,1 (804); 0 (137)
2021,2021,escola,32,IN_VINCULO_SEGURANCA_PUBLICA,IN,binária (0/1),localização e vínculo institucional,221140,100.0,941,100.0,1,0 (941)
2021,2021,escola,33,IN_VINCULO_SECRETARIA_SAUDE,IN,binária (0/1),localização e vínculo institucional,221140,100.0,941,100.0,1,0 (941)
2021,2021,escola,34,IN_VINCULO_OUTRO_ORGAO,IN,binária (0/1),localização e vínculo institucional,221140,100.0,941,100.0,1,0 (941)
2021,2021,escola,35,IN_CONVENIADA_PP,IN,binária (0/1),dependência administrativa e vínculos,221140,100.0,941,100.0,1,0 (941)
2021,2021,escola,36,TP_CONVENIO_PODER_PUBLICO,TP,categórica codificada,dependência administrativa e vínculos,221140,100.0,941,100.0,1,0 (941)
2021,2021,escola,37,IN_MANT_ESCOLA_PRIVADA_EMP,IN,binária (0/1),dependência administrativa e vínculos,221140,100.0,941,100.0,2,0 (907); 1 (34)
2021,2021,escola,38,IN_MANT_ESCOLA_PRIVADA_ONG,IN,binária (0/1),dependência administrativa e vínculos,221140,100.0,941,100.0,1,0 (941)
2021,2021,escola,39,IN_MANT_ESCOLA_PRIVADA_OSCIP,IN,binária (0/1),dependência administrativa e vínculos,221140,100.0,941,100.0,1,0 (941)
2021,2021,escola,40,IN_MANT_ESCOLA_PRIV_ONG_OSCIP,IN,binária (0/1),dependência administrativa e vínculos,221140,100.0,941,100.0,1,0 (941)
2021,2021,escola,41,IN_MANT_ESCOLA_PRIVADA_SIND,IN,binária (0/1),dependência administrativa e vínculos,221140,100.0,941,100.0,2,0 (940); 1 (1)
2021,2021,escola,42,IN_MANT_ESCOLA_PRIVADA_SIST_S,IN,binária (0/1),dependência administrativa e vínculos,221140,100.0,941,100.0,2,0 (936); 1 (5)
2021,2021,escola,43,IN_MANT_ESCOLA_PRIVADA_S_FINS,IN,binária (0/1),dependência administrativa e vínculos,221140,100.0,941,100.0,2,0 (935); 1 (6)
2021,2021,escola,44,NU_CNPJ_ESCOLA_PRIVADA,NU,número,dependência administrativa e vínculos,221140,18.7,941,4.6,43,00604243000139 (1); 01949930000159 (1); 03153024000179 (1); 03488834000500 (1)
2021,2021,escola,45,NU_CNPJ_MANTENEDORA,NU,número,dependência administrativa e vínculos,221140,18.7,941,4.6,43,00604243000139 (1); 01949930000159 (1); 03153024000179 (1); 03488834000186 (1)
2021,2021,escola,46,TP_REGULAMENTACAO,TP,categórica codificada,dependência administrativa e vínculos,221140,100.0,941,100.0,3,1 (512); 2 (309); 0 (120)
2021,2021,escola,47,TP_RESPONSAVEL_REGULAMENTACAO,TP,categórica codificada,dependência administrativa e vínculos,221140,100.0,941,100.0,5,2 (411); 3 (383); 0 (120); 4 (20)
2021,2021,escola,48,CO_ESCOLA_SEDE_VINCULADA,CO,código,dependência administrativa e vínculos,221140,100.0,941,100.0,1,0 (941)
2021,2021,escola,49,CO_IES_OFERTANTE,CO,código,dependência administrativa e vínculos,221140,100.0,941,100.0,2,0 (940); 789 (1)
2021,2021,escola,50,IN_LOCAL_FUNC_PREDIO_ESCOLAR,IN,binária (0/1),local de funcionamento,221140,100.0,941,100.0,2,1 (653); 0 (288)
2021,2021,escola,51,TP_OCUPACAO_PREDIO_ESCOLAR,TP,categórica codificada,local de funcionamento,221140,100.0,941,100.0,4,1 (576); 0 (288); 3 (61); 2 (16)
2021,2021,escola,52,IN_LOCAL_FUNC_SALAS_EMPRESA,IN,binária (0/1),local de funcionamento,221140,100.0,941,100.0,1,0 (941)
2021,2021,escola,53,IN_LOCAL_FUNC_SOCIOEDUCATIVO,IN,binária (0/1),local de funcionamento,221140,100.0,941,100.0,1,0 (941)
2021,2021,escola,54,IN_LOCAL_FUNC_UNID_PRISIONAL,IN,binária (0/1),local de funcionamento,221140,100.0,941,100.0,1,0 (941)
2021,2021,escola,55,IN_LOCAL_FUNC_PRISIONAL_SOCIO,IN,binária (0/1),local de funcionamento,221140,100.0,941,100.0,1,0 (941)
2021,2021,escola,56,IN_LOCAL_FUNC_TEMPLO_IGREJA,IN,binária (0/1),local de funcionamento,221140,100.0,941,100.0,1,0 (941)
2021,2021,escola,57,IN_LOCAL_FUNC_CASA_PROFESSOR,IN,binária (0/1),local de funcionamento,221140,100.0,941,100.0,1,0 (941)
2021,2021,escola,58,IN_LOCAL_FUNC_GALPAO,IN,binária (0/1),local de funcionamento,221140,100.0,941,100.0,2,0 (719); 1 (222)
2021,2021,escola,59,TP_OCUPACAO_GALPAO,TP,categórica codificada,local de funcionamento,221140,100.0,941,100.0,4,0 (719); 3 (122); 9 (70); 1 (30)
2021,2021,escola,60,IN_LOCAL_FUNC_SALAS_OUTRA_ESC,IN,binária (0/1),local de funcionamento,221140,100.0,941,100.0,2,0 (901); 1 (40)
2021,2021,escola,61,IN_LOCAL_FUNC_OUTROS,IN,binária (0/1),local de funcionamento,221140,100.0,941,100.0,2,0 (891); 1 (50)
2021,2021,escola,62,IN_PREDIO_COMPARTILHADO,IN,binária (0/1),local de funcionamento,221140,100.0,941,100.0,2,0 (884); 1 (57)
2021,2021,escola,63,IN_AGUA_FILTRADA,IN,binária (0/1),"infraestrutura básica (água, energia, esgoto, lixo)",221140,100.0,941,100.0,1,0 (941)
2021,2021,escola,64,IN_AGUA_POTAVEL,IN,binária (0/1),"infraestrutura básica (água, energia, esgoto, lixo)",221140,100.0,941,100.0,2,1 (546); 0 (395)
2021,2021,escola,65,IN_AGUA_REDE_PUBLICA,IN,binária (0/1),"infraestrutura básica (água, energia, esgoto, lixo)",221140,100.0,941,100.0,2,0 (570); 1 (371)
2021,2021,escola,66,IN_AGUA_POCO_ARTESIANO,IN,binária (0/1),"infraestrutura básica (água, energia, esgoto, lixo)",221140,100.0,941,100.0,2,0 (636); 1 (305)
2021,2021,escola,67,IN_AGUA_CACIMBA,IN,binária (0/1),"infraestrutura básica (água, energia, esgoto, lixo)",221140,100.0,941,100.0,2,0 (850); 1 (91)
2021,2021,escola,68,IN_AGUA_FONTE_RIO,IN,binária (0/1),"infraestrutura básica (água, energia, esgoto, lixo)",221140,100.0,941,100.0,2,0 (779); 1 (162)
2021,2021,escola,69,IN_AGUA_INEXISTENTE,IN,binária (0/1),"infraestrutura básica (água, energia, esgoto, lixo)",221140,100.0,941,100.0,2,0 (936); 1 (5)
2021,2021,escola,70,IN_ENERGIA_REDE_PUBLICA,IN,binária (0/1),"infraestrutura básica (água, energia, esgoto, lixo)",221140,100.0,941,100.0,2,1 (597); 0 (344)
2021,2021,escola,71,IN_ENERGIA_GERADOR,IN,binária (0/1),"infraestrutura básica (água, energia, esgoto, lixo)",221140,100.0,941,100.0,1,0 (941)
2021,2021,escola,72,IN_ENERGIA_GERADOR_FOSSIL,IN,binária (0/1),"infraestrutura básica (água, energia, esgoto, lixo)",221140,100.0,941,100.0,2,0 (862); 1 (79)
2021,2021,escola,73,IN_ENERGIA_OUTROS,IN,binária (0/1),"infraestrutura básica (água, energia, esgoto, lixo)",221140,100.0,941,100.0,1,0 (941)
2021,2021,escola,74,IN_ENERGIA_RENOVAVEL,IN,binária (0/1),"infraestrutura básica (água, energia, esgoto, lixo)",221140,100.0,941,100.0,2,0 (936); 1 (5)
2021,2021,escola,75,IN_ENERGIA_INEXISTENTE,IN,binária (0/1),"infraestrutura básica (água, energia, esgoto, lixo)",221140,100.0,941,100.0,2,0 (768); 1 (173)
2021,2021,escola,76,IN_ESGOTO_REDE_PUBLICA,IN,binária (0/1),"infraestrutura básica (água, energia, esgoto, lixo)",221140,100.0,941,100.0,2,0 (780); 1 (161)
2021,2021,escola,77,IN_ESGOTO_FOSSA_SEPTICA,IN,binária (0/1),"infraestrutura básica (água, energia, esgoto, lixo)",221140,100.0,941,100.0,2,0 (637); 1 (304)
2021,2021,escola,78,IN_ESGOTO_FOSSA_COMUM,IN,binária (0/1),"infraestrutura básica (água, energia, esgoto, lixo)",221140,100.0,941,100.0,2,0 (719); 1 (222)
2021,2021,escola,79,IN_ESGOTO_FOSSA,IN,binária (0/1),"infraestrutura básica (água, energia, esgoto, lixo)",221140,100.0,941,100.0,2,1 (526); 0 (415)
2021,2021,escola,80,IN_ESGOTO_INEXISTENTE,IN,binária (0/1),"infraestrutura básica (água, energia, esgoto, lixo)",221140,100.0,941,100.0,2,0 (772); 1 (169)
2021,2021,escola,81,IN_LIXO_SERVICO_COLETA,IN,binária (0/1),"infraestrutura básica (água, energia, esgoto, lixo)",221140,100.0,941,100.0,2,0 (577); 1 (364)
2021,2021,escola,82,IN_LIXO_QUEIMA,IN,binária (0/1),"infraestrutura básica (água, energia, esgoto, lixo)",221140,100.0,941,100.0,2,1 (495); 0 (446)
2021,2021,escola,83,IN_LIXO_ENTERRA,IN,binária (0/1),"infraestrutura básica (água, energia, esgoto, lixo)",221140,100.0,941,100.0,2,0 (859); 1 (82)
2021,2021,escola,84,IN_LIXO_DESTINO_FINAL_PUBLICO,IN,binária (0/1),"infraestrutura básica (água, energia, esgoto, lixo)",221140,100.0,941,100.0,2,0 (938); 1 (3)
2021,2021,escola,85,IN_LIXO_DESCARTA_OUTRA_AREA,IN,binária (0/1),"infraestrutura básica (água, energia, esgoto, lixo)",221140,100.0,941,100.0,2,0 (910); 1 (31)
2021,2021,escola,86,IN_LIXO_JOGA_OUTRA_AREA,IN,binária (0/1),"infraestrutura básica (água, energia, esgoto, lixo)",221140,100.0,941,100.0,1,0 (941)
2021,2021,escola,87,IN_LIXO_OUTROS,IN,binária (0/1),"infraestrutura básica (água, energia, esgoto, lixo)",221140,100.0,941,100.0,1,0 (941)
2021,2021,escola,88,IN_LIXO_RECICLA,IN,binária (0/1),"infraestrutura básica (água, energia, esgoto, lixo)",221140,100.0,941,100.0,1,0 (941)
2021,2021,escola,89,IN_TRATAMENTO_LIXO_SEPARACAO,IN,binária (0/1),"infraestrutura básica (água, energia, esgoto, lixo)",221140,100.0,941,100.0,3,0 (854); 1 (81); 9 (6)
2021,2021,escola,90,IN_TRATAMENTO_LIXO_REUTILIZA,IN,binária (0/1),"infraestrutura básica (água, energia, esgoto, lixo)",221140,100.0,941,100.0,3,0 (927); 1 (8); 9 (6)
2021,2021,escola,91,IN_TRATAMENTO_LIXO_RECICLAGEM,IN,binária (0/1),"infraestrutura básica (água, energia, esgoto, lixo)",221140,100.0,941,100.0,3,0 (924); 1 (11); 9 (6)
2021,2021,escola,92,IN_TRATAMENTO_LIXO_INEXISTENTE,IN,binária (0/1),"infraestrutura básica (água, energia, esgoto, lixo)",221140,100.0,941,100.0,3,1 (747); 0 (188); 9 (6)
2021,2021,escola,93,IN_ALMOXARIFADO,IN,binária (0/1),dependências físicas,221140,100.0,941,100.0,2,0 (778); 1 (163)
2021,2021,escola,94,IN_AREA_VERDE,IN,binária (0/1),dependências físicas,221140,100.0,941,100.0,2,0 (647); 1 (294)
2021,2021,escola,95,IN_AUDITORIO,IN,binária (0/1),dependências físicas,221140,100.0,941,100.0,2,0 (899); 1 (42)
2021,2021,escola,96,IN_BANHEIRO_FORA_PREDIO,IN,binária (0/1),dependências físicas,221140,100.0,941,100.0,1,0 (941)
2021,2021,escola,97,IN_BANHEIRO_DENTRO_PREDIO,IN,binária (0/1),dependências físicas,221140,100.0,941,100.0,1,0 (941)
2021,2021,escola,98,IN_BANHEIRO,IN,binária (0/1),dependências físicas,221140,100.0,941,100.0,2,1 (637); 0 (304)
2021,2021,escola,99,IN_BANHEIRO_EI,IN,binária (0/1),dependências físicas,221140,100.0,941,100.0,2,0 (767); 1 (174)
2021,2021,escola,100,IN_BANHEIRO_PNE,IN,binária (0/1),dependências físicas,221140,100.0,941,100.0,2,0 (676); 1 (265)
2021,2021,escola,101,IN_BANHEIRO_FUNCIONARIOS,IN,binária (0/1),dependências físicas,221140,100.0,941,100.0,2,0 (708); 1 (233)
2021,2021,escola,102,IN_BANHEIRO_CHUVEIRO,IN,binária (0/1),dependências físicas,221140,100.0,941,100.0,2,0 (595); 1 (346)
2021,2021,escola,103,IN_BERCARIO,IN,binária (0/1),dependências físicas,221140,100.0,941,100.0,1,0 (941)
2021,2021,escola,104,IN_BIBLIOTECA,IN,binária (0/1),dependências físicas,221140,100.0,941,100.0,2,0 (703); 1 (238)
2021,2021,escola,105,IN_BIBLIOTECA_SALA_LEITURA,IN,binária (0/1),dependências físicas,221140,100.0,941,100.0,2,0 (674); 1 (267)
2021,2021,escola,106,IN_COZINHA,IN,binária (0/1),dependências físicas,221140,100.0,941,100.0,2,1 (643); 0 (298)
2021,2021,escola,107,IN_DESPENSA,IN,binária (0/1),dependências físicas,221140,100.0,941,100.0,2,0 (487); 1 (454)
2021,2021,escola,108,IN_DORMITORIO_ALUNO,IN,binária (0/1),dependências físicas,221140,100.0,941,100.0,2,0 (925); 1 (16)
2021,2021,escola,109,IN_DORMITORIO_PROFESSOR,IN,binária (0/1),dependências físicas,221140,100.0,941,100.0,2,0 (936); 1 (5)
2021,2021,escola,110,IN_LABORATORIO_CIENCIAS,IN,binária (0/1),dependências físicas,221140,100.0,941,100.0,2,0 (890); 1 (51)
2021,2021,escola,111,IN_LABORATORIO_INFORMATICA,IN,binária (0/1),dependências físicas,221140,100.0,941,100.0,2,0 (787); 1 (154)
2021,2021,escola,112,IN_PATIO_COBERTO,IN,binária (0/1),dependências físicas,221140,100.0,941,100.0,2,0 (609); 1 (332)
2021,2021,escola,113,IN_PATIO_DESCOBERTO,IN,binária (0/1),dependências físicas,221140,100.0,941,100.0,2,0 (810); 1 (131)
2021,2021,escola,114,IN_PARQUE_INFANTIL,IN,binária (0/1),dependências físicas,221140,100.0,941,100.0,2,0 (829); 1 (112)
2021,2021,escola,115,IN_PISCINA,IN,binária (0/1),dependências físicas,221140,100.0,941,100.0,2,0 (931); 1 (10)
2021,2021,escola,116,IN_QUADRA_ESPORTES,IN,binária (0/1),dependências físicas,221140,100.0,941,100.0,2,0 (746); 1 (195)
2021,2021,escola,117,IN_QUADRA_ESPORTES_COBERTA,IN,binária (0/1),dependências físicas,221140,100.0,941,100.0,2,0 (762); 1 (179)
2021,2021,escola,118,IN_QUADRA_ESPORTES_DESCOBERTA,IN,binária (0/1),dependências físicas,221140,100.0,941,100.0,2,0 (913); 1 (28)
2021,2021,escola,119,IN_REFEITORIO,IN,binária (0/1),dependências físicas,221140,100.0,941,100.0,2,0 (581); 1 (360)
2021,2021,escola,120,IN_SALA_ATELIE_ARTES,IN,binária (0/1),dependências físicas,221140,100.0,941,100.0,2,0 (930); 1 (11)
2021,2021,escola,121,IN_SALA_MUSICA_CORAL,IN,binária (0/1),dependências físicas,221140,100.0,941,100.0,2,0 (931); 1 (10)
2021,2021,escola,122,IN_SALA_ESTUDIO_DANCA,IN,binária (0/1),dependências físicas,221140,100.0,941,100.0,2,0 (936); 1 (5)
2021,2021,escola,123,IN_SALA_MULTIUSO,IN,binária (0/1),dependências físicas,221140,100.0,941,100.0,2,0 (916); 1 (25)
2021,2021,escola,124,IN_SALA_DIRETORIA,IN,binária (0/1),dependências físicas,221140,100.0,941,100.0,2,0 (526); 1 (415)
2021,2021,escola,125,IN_SALA_LEITURA,IN,binária (0/1),dependências físicas,221140,100.0,941,100.0,2,0 (781); 1 (160)
2021,2021,escola,126,IN_SALA_PROFESSOR,IN,binária (0/1),dependências físicas,221140,100.0,941,100.0,2,0 (609); 1 (332)
2021,2021,escola,127,IN_SALA_REPOUSO_ALUNO,IN,binária (0/1),dependências físicas,221140,100.0,941,100.0,2,0 (934); 1 (7)
2021,2021,escola,128,IN_SECRETARIA,IN,binária (0/1),dependências físicas,221140,100.0,941,100.0,2,1 (479); 0 (462)
2021,2021,escola,129,IN_SALA_ATENDIMENTO_ESPECIAL,IN,binária (0/1),dependências físicas,221140,100.0,941,100.0,2,0 (750); 1 (191)
2021,2021,escola,130,IN_TERREIRAO,IN,binária (0/1),dependências físicas,221140,100.0,941,100.0,2,0 (663); 1 (278)
2021,2021,escola,131,IN_VIVEIRO,IN,binária (0/1),dependências físicas,221140,100.0,941,100.0,2,0 (937); 1 (4)
2021,2021,escola,132,IN_DEPENDENCIAS_PNE,IN,binária (0/1),acessibilidade,221140,100.0,941,100.0,1,0 (941)
2021,2021,escola,133,IN_LAVANDERIA,IN,binária (0/1),dependências físicas,221140,100.0,941,100.0,1,0 (941)
2021,2021,escola,134,IN_DEPENDENCIAS_OUTRAS,IN,binária (0/1),dependências físicas,221140,100.0,941,100.0,2,0 (836); 1 (105)
2021,2021,escola,135,IN_ACESSIBILIDADE_CORRIMAO,IN,binária (0/1),acessibilidade,221140,100.0,941,100.0,2,0 (896); 1 (45)
2021,2021,escola,136,IN_ACESSIBILIDADE_ELEVADOR,IN,binária (0/1),acessibilidade,221140,100.0,941,100.0,2,0 (933); 1 (8)
2021,2021,escola,137,IN_ACESSIBILIDADE_PISOS_TATEIS,IN,binária (0/1),acessibilidade,221140,100.0,941,100.0,2,0 (859); 1 (82)
2021,2021,escola,138,IN_ACESSIBILIDADE_VAO_LIVRE,IN,binária (0/1),acessibilidade,221140,100.0,941,100.0,2,0 (829); 1 (112)
2021,2021,escola,139,IN_ACESSIBILIDADE_RAMPAS,IN,binária (0/1),acessibilidade,221140,100.0,941,100.0,2,0 (636); 1 (305)
2021,2021,escola,140,IN_ACESSIBILIDADE_SINAL_SONORO,IN,binária (0/1),acessibilidade,221140,100.0,941,100.0,2,0 (933); 1 (8)
2021,2021,escola,141,IN_ACESSIBILIDADE_SINAL_TATIL,IN,binária (0/1),acessibilidade,221140,100.0,941,100.0,2,0 (914); 1 (27)
2021,2021,escola,142,IN_ACESSIBILIDADE_SINAL_VISUAL,IN,binária (0/1),acessibilidade,221140,100.0,941,100.0,2,0 (901); 1 (40)
2021,2021,escola,143,IN_ACESSIBILIDADE_INEXISTENTE,IN,binária (0/1),acessibilidade,221140,100.0,941,100.0,2,1 (501); 0 (440)
2021,2021,escola,144,QT_SALAS_EXISTENTES,QT,contagem,dependências físicas,221140,100.0,941,100.0,1,0 (941)
2021,2021,escola,145,QT_SALAS_UTILIZADAS_DENTRO,QT,contagem,dependências físicas,221140,100.0,941,100.0,34,0 (288); 2 (106); 1 (104); 4 (65)
2021,2021,escola,146,QT_SALAS_UTILIZADAS_FORA,QT,contagem,dependências físicas,221140,100.0,941,100.0,12,0 (649); 1 (162); 2 (48); 4 (25)
2021,2021,escola,147,QT_SALAS_UTILIZADAS,QT,contagem,dependências físicas,221140,100.0,941,100.0,37,1 (226); 2 (99); 0 (94); 4 (89)
2021,2021,escola,148,QT_SALAS_UTILIZA_CLIMATIZADAS,QT,contagem,dependências físicas,221140,100.0,941,100.0,36,0 (576); 1 (47); 7 (29); 8 (29)
2021,2021,escola,149,QT_SALAS_UTILIZADAS_ACESSIVEIS,QT,contagem,dependências físicas,221140,100.0,941,100.0,28,0 (809); 8 (17); 10 (15); 1 (14)
2021,2021,escola,150,IN_EQUIP_PARABOLICA,IN,binária (0/1),equipamentos e tecnologia,221140,100.0,941,100.0,2,0 (895); 1 (46)
2021,2021,escola,151,IN_COMPUTADOR,IN,binária (0/1),equipamentos e tecnologia,221140,100.0,941,100.0,2,0 (494); 1 (447)
2021,2021,escola,152,IN_EQUIP_COPIADORA,IN,binária (0/1),equipamentos e tecnologia,221140,100.0,941,100.0,2,0 (741); 1 (200)
2021,2021,escola,153,IN_EQUIP_IMPRESSORA,IN,binária (0/1),equipamentos e tecnologia,221140,100.0,941,100.0,2,0 (581); 1 (360)
2021,2021,escola,154,IN_EQUIP_IMPRESSORA_MULT,IN,binária (0/1),equipamentos e tecnologia,221140,100.0,941,100.0,2,0 (579); 1 (362)
2021,2021,escola,155,IN_EQUIP_SCANNER,IN,binária (0/1),equipamentos e tecnologia,221140,100.0,941,100.0,2,0 (803); 1 (138)
2021,2021,escola,156,IN_EQUIP_NENHUM,IN,binária (0/1),equipamentos e tecnologia,221140,100.0,941,100.0,2,0 (606); 1 (335)
2021,2021,escola,157,IN_EQUIP_DVD,IN,binária (0/1),equipamentos e tecnologia,221140,100.0,941,100.0,2,0 (690); 1 (251)
2021,2021,escola,158,QT_EQUIP_DVD,QT,contagem,equipamentos e tecnologia,221140,100.0,941,100.0,8,0 (690); 1 (169); 2 (50); 3 (12)
2021,2021,escola,159,IN_EQUIP_SOM,IN,binária (0/1),equipamentos e tecnologia,221140,100.0,941,100.0,2,0 (659); 1 (282)
2021,2021,escola,160,QT_EQUIP_SOM,QT,contagem,equipamentos e tecnologia,221140,100.0,941,100.0,13,0 (659); 1 (166); 2 (59); 3 (19)
2021,2021,escola,161,IN_EQUIP_TV,IN,binária (0/1),equipamentos e tecnologia,221140,100.0,941,100.0,2,0 (562); 1 (379)
2021,2021,escola,162,QT_EQUIP_TV,QT,contagem,equipamentos e tecnologia,221140,100.0,941,100.0,18,0 (562); 1 (203); 2 (82); 3 (31)
2021,2021,escola,163,IN_EQUIP_LOUSA_DIGITAL,IN,binária (0/1),equipamentos e tecnologia,221140,100.0,941,100.0,2,0 (830); 1 (111)
2021,2021,escola,164,QT_EQUIP_LOUSA_DIGITAL,QT,contagem,equipamentos e tecnologia,221140,100.0,941,100.0,12,0 (830); 1 (42); 3 (21); 2 (20)
2021,2021,escola,165,IN_EQUIP_MULTIMIDIA,IN,binária (0/1),equipamentos e tecnologia,221140,100.0,941,100.0,2,0 (676); 1 (265)
2021,2021,escola,166,QT_EQUIP_MULTIMIDIA,QT,contagem,equipamentos e tecnologia,221140,100.0,941,100.0,16,0 (676); 1 (165); 2 (59); 3 (18)
2021,2021,escola,167,IN_EQUIP_VIDEOCASSETE,IN,binária (0/1),equipamentos e tecnologia,221140,100.0,941,100.0,1,0 (941)
2021,2021,escola,168,IN_EQUIP_RETROPROJETOR,IN,binária (0/1),equipamentos e tecnologia,221140,100.0,941,100.0,1,0 (941)
2021,2021,escola,169,IN_EQUIP_FAX,IN,binária (0/1),equipamentos e tecnologia,221140,100.0,941,100.0,1,0 (941)
2021,2021,escola,170,IN_EQUIP_FOTO,IN,binária (0/1),equipamentos e tecnologia,221140,100.0,941,100.0,1,0 (941)
2021,2021,escola,171,QT_EQUIP_VIDEOCASSETE,QT,contagem,equipamentos e tecnologia,221140,100.0,941,100.0,1,0 (941)
2021,2021,escola,172,QT_EQUIP_PARABOLICA,QT,contagem,equipamentos e tecnologia,221140,100.0,941,100.0,1,0 (941)
2021,2021,escola,173,QT_EQUIP_COPIADORA,QT,contagem,equipamentos e tecnologia,221140,100.0,941,100.0,1,0 (941)
2021,2021,escola,174,QT_EQUIP_RETROPROJETOR,QT,contagem,equipamentos e tecnologia,221140,100.0,941,100.0,1,0 (941)
2021,2021,escola,175,QT_EQUIP_IMPRESSORA,QT,contagem,equipamentos e tecnologia,221140,100.0,941,100.0,1,0 (941)
2021,2021,escola,176,QT_EQUIP_IMPRESSORA_MULT,QT,contagem,equipamentos e tecnologia,221140,100.0,941,100.0,1,0 (941)
2021,2021,escola,177,QT_EQUIP_FAX,QT,contagem,equipamentos e tecnologia,221140,100.0,941,100.0,1,0 (941)
2021,2021,escola,178,QT_EQUIP_FOTO,QT,contagem,equipamentos e tecnologia,221140,100.0,941,100.0,1,0 (941)
2021,2021,escola,179,QT_COMP_ALUNO,QT,contagem,equipamentos e tecnologia,221140,100.0,941,100.0,1,0 (941)
2021,2021,escola,180,IN_DESKTOP_ALUNO,IN,binária (0/1),equipamentos e tecnologia,221140,100.0,941,100.0,2,0 (710); 1 (231)
2021,2021,escola,181,QT_DESKTOP_ALUNO,QT,contagem,equipamentos e tecnologia,221140,100.0,941,100.0,38,0 (710); 1 (38); 10 (25); 2 (25)
2021,2021,escola,182,IN_COMP_PORTATIL_ALUNO,IN,binária (0/1),equipamentos e tecnologia,221140,100.0,941,100.0,2,0 (824); 1 (117)
2021,2021,escola,183,QT_COMP_PORTATIL_ALUNO,QT,contagem,equipamentos e tecnologia,221140,100.0,941,100.0,15,0 (824); 1 (54); 2 (37); 3 (12)
2021,2021,escola,184,IN_TABLET_ALUNO,IN,binária (0/1),equipamentos e tecnologia,221140,100.0,941,100.0,2,0 (870); 1 (71)
2021,2021,escola,185,QT_TABLET_ALUNO,QT,contagem,equipamentos e tecnologia,221140,100.0,941,100.0,29,0 (870); 1 (9); 60 (8); 25 (6)
2021,2021,escola,186,QT_COMPUTADOR,QT,contagem,equipamentos e tecnologia,221140,100.0,941,100.0,1,0 (941)
2021,2021,escola,187,QT_COMP_ADMINISTRATIVO,QT,contagem,equipamentos e tecnologia,221140,100.0,941,100.0,1,0 (941)
2021,2021,escola,188,IN_INTERNET,IN,binária (0/1),equipamentos e tecnologia,221140,100.0,941,100.0,2,0 (507); 1 (434)
2021,2021,escola,189,IN_INTERNET_ALUNOS,IN,binária (0/1),equipamentos e tecnologia,221140,100.0,941,100.0,2,0 (750); 1 (191)
2021,2021,escola,190,IN_INTERNET_ADMINISTRATIVO,IN,binária (0/1),equipamentos e tecnologia,221140,100.0,941,100.0,2,0 (542); 1 (399)
2021,2021,escola,191,IN_INTERNET_APRENDIZAGEM,IN,binária (0/1),equipamentos e tecnologia,221140,100.0,941,100.0,2,0 (731); 1 (210)
2021,2021,escola,192,IN_INTERNET_COMUNIDADE,IN,binária (0/1),equipamentos e tecnologia,221140,100.0,941,100.0,2,0 (849); 1 (92)
2021,2021,escola,193,IN_ACESSO_INTERNET_COMPUTADOR,IN,binária (0/1),equipamentos e tecnologia,221140,100.0,941,100.0,3,0 (820); 1 (120); 9 (1)
2021,2021,escola,194,IN_ACES_INTERNET_DISP_PESSOAIS,IN,binária (0/1),equipamentos e tecnologia,221140,100.0,941,100.0,3,0 (832); 1 (108); 9 (1)
2021,2021,escola,195,TP_REDE_LOCAL,TP,categórica codificada,equipamentos e tecnologia,221140,100.0,941,100.0,5,9 (423); 0 (195); 3 (132); 1 (120)
2021,2021,escola,196,IN_BANDA_LARGA,IN,binária (0/1),equipamentos e tecnologia,221140,100.0,941,100.0,2,0 (636); 1 (305)
2021,2021,escola,197,QT_FUNCIONARIOS,QT,contagem,profissionais não docentes,221140,100.0,941,100.0,1,0 (941)
2021,2021,escola,198,IN_PROF_ADMINISTRATIVOS,IN,binária (0/1),profissionais não docentes,221140,100.0,941,100.0,2,0 (553); 1 (388)
2021,2021,escola,199,QT_PROF_ADMINISTRATIVOS,QT,contagem,profissionais não docentes,221140,100.0,941,100.0,17,0 (553); 1 (193); 2 (84); 3 (31)
2021,2021,escola,200,IN_PROF_SERVICOS_GERAIS,IN,binária (0/1),profissionais não docentes,221140,100.0,941,100.0,2,1 (549); 0 (392)
2021,2021,escola,201,QT_PROF_SERVICOS_GERAIS,QT,contagem,profissionais não docentes,221140,100.0,941,100.0,26,0 (392); 1 (179); 2 (86); 3 (52)
2021,2021,escola,202,IN_PROF_BIBLIOTECARIO,IN,binária (0/1),profissionais não docentes,221140,100.0,941,100.0,2,0 (795); 1 (146)
2021,2021,escola,203,QT_PROF_BIBLIOTECARIO,QT,contagem,profissionais não docentes,221140,100.0,941,100.0,9,0 (795); 1 (53); 2 (40); 3 (23)
2021,2021,escola,204,IN_PROF_SAUDE,IN,binária (0/1),profissionais não docentes,221140,100.0,941,100.0,2,0 (924); 1 (17)
2021,2021,escola,205,QT_PROF_SAUDE,QT,contagem,profissionais não docentes,221140,100.0,941,100.0,10,0 (924); 1 (4); 88888 (4); 2 (3)
2021,2021,escola,206,IN_PROF_COORDENADOR,IN,binária (0/1),profissionais não docentes,221140,100.0,941,100.0,2,0 (795); 1 (146)
2021,2021,escola,207,QT_PROF_COORDENADOR,QT,contagem,profissionais não docentes,221140,100.0,941,100.0,11,0 (795); 1 (98); 2 (26); 3 (8)
2021,2021,escola,208,IN_PROF_FONAUDIOLOGO,IN,binária (0/1),profissionais não docentes,221140,100.0,941,100.0,2,0 (938); 1 (3)
2021,2021,escola,209,QT_PROF_FONAUDIOLOGO,QT,contagem,profissionais não docentes,221140,100.0,941,100.0,3,0 (938); 1 (2); 3 (1)
2021,2021,escola,210,IN_PROF_NUTRICIONISTA,IN,binária (0/1),profissionais não docentes,221140,100.0,941,100.0,2,0 (886); 1 (55)
2021,2021,escola,211,QT_PROF_NUTRICIONISTA,QT,contagem,profissionais não docentes,221140,100.0,941,100.0,2,0 (886); 1 (55)
2021,2021,escola,212,IN_PROF_PSICOLOGO,IN,binária (0/1),profissionais não docentes,221140,100.0,941,100.0,2,0 (926); 1 (15)
2021,2021,escola,213,QT_PROF_PSICOLOGO,QT,contagem,profissionais não docentes,221140,100.0,941,100.0,3,0 (926); 1 (11); 2 (4)
2021,2021,escola,214,IN_PROF_ALIMENTACAO,IN,binária (0/1),profissionais não docentes,221140,100.0,941,100.0,2,0 (512); 1 (429)
2021,2021,escola,215,QT_PROF_ALIMENTACAO,QT,contagem,profissionais não docentes,221140,100.0,941,100.0,8,0 (512); 1 (197); 2 (100); 3 (52)
2021,2021,escola,216,IN_PROF_PEDAGOGIA,IN,binária (0/1),profissionais não docentes,221140,100.0,941,100.0,2,0 (576); 1 (365)
2021,2021,escola,217,QT_PROF_PEDAGOGIA,QT,contagem,profissionais não docentes,221140,100.0,941,100.0,20,0 (576); 1 (187); 2 (68); 3 (32)
2021,2021,escola,218,IN_PROF_SECRETARIO,IN,binária (0/1),profissionais não docentes,221140,100.0,941,100.0,2,0 (574); 1 (367)
2021,2021,escola,219,QT_PROF_SECRETARIO,QT,contagem,profissionais não docentes,221140,100.0,941,100.0,4,0 (574); 1 (356); 2 (10); 13 (1)
2021,2021,escola,220,IN_PROF_SEGURANCA,IN,binária (0/1),profissionais não docentes,221140,100.0,941,100.0,2,0 (763); 1 (178)
2021,2021,escola,221,QT_PROF_SEGURANCA,QT,contagem,profissionais não docentes,221140,100.0,941,100.0,10,0 (763); 2 (74); 3 (58); 1 (27)
2021,2021,escola,222,IN_PROF_MONITORES,IN,binária (0/1),profissionais não docentes,221140,100.0,941,100.0,2,0 (857); 1 (84)
2021,2021,escola,223,QT_PROF_MONITORES,QT,contagem,profissionais não docentes,221140,100.0,941,100.0,10,0 (857); 2 (28); 1 (24); 3 (12)
2021,2021,escola,224,IN_PROF_GESTAO,IN,binária (0/1),profissionais não docentes,221140,100.0,941,100.0,2,0 (736); 1 (205)
2021,2021,escola,225,QT_PROF_GESTAO,QT,contagem,profissionais não docentes,221140,100.0,941,100.0,7,0 (736); 1 (167); 2 (34); 12 (1)
2021,2021,escola,226,IN_PROF_ASSIST_SOCIAL,IN,binária (0/1),profissionais não docentes,221140,100.0,941,100.0,2,0 (899); 1 (42)
2021,2021,escola,227,QT_PROF_ASSIST_SOCIAL,QT,contagem,profissionais não docentes,221140,100.0,941,100.0,5,0 (899); 1 (17); 2 (13); 3 (11)
2021,2021,escola,228,IN_ALIMENTACAO,IN,binária (0/1),alimentação escolar,221140,100.0,941,100.0,2,1 (808); 0 (133)
2021,2021,escola,229,IN_SERIE_ANO,IN,binária (0/1),organização do ensino e gestão,221140,100.0,941,100.0,3,1 (802); 0 (125); 9 (14)
2021,2021,escola,230,IN_PERIODOS_SEMESTRAIS,IN,binária (0/1),organização do ensino e gestão,221140,100.0,941,100.0,3,0 (902); 1 (25); 9 (14)
2021,2021,escola,231,IN_FUNDAMENTAL_CICLOS,IN,binária (0/1),organização do ensino e gestão,221140,100.0,941,100.0,3,0 (920); 9 (14); 1 (7)
2021,2021,escola,232,IN_GRUPOS_NAO_SERIADOS,IN,binária (0/1),organização do ensino e gestão,221140,100.0,941,100.0,3,0 (916); 9 (14); 1 (11)
2021,2021,escola,233,IN_MODULOS,IN,binária (0/1),organização do ensino e gestão,221140,100.0,941,100.0,3,0 (914); 9 (14); 1 (13)
2021,2021,escola,234,IN_FORMACAO_ALTERNANCIA,IN,binária (0/1),organização do ensino e gestão,221140,100.0,941,100.0,3,0 (925); 9 (14); 1 (2)
2021,2021,escola,235,IN_MATERIAL_PED_MULTIMIDIA,IN,binária (0/1),materiais pedagógicos,221140,100.0,941,100.0,2,0 (818); 1 (123)
2021,2021,escola,236,IN_MATERIAL_PED_INFANTIL,IN,binária (0/1),materiais pedagógicos,221140,100.0,941,100.0,2,0 (699); 1 (242)
2021,2021,escola,237,IN_MATERIAL_PED_CIENTIFICO,IN,binária (0/1),materiais pedagógicos,221140,100.0,941,100.0,2,0 (893); 1 (48)
2021,2021,escola,238,IN_MATERIAL_PED_DIFUSAO,IN,binária (0/1),materiais pedagógicos,221140,100.0,941,100.0,2,0 (761); 1 (180)
2021,2021,escola,239,IN_MATERIAL_PED_MUSICAL,IN,binária (0/1),materiais pedagógicos,221140,100.0,941,100.0,2,0 (859); 1 (82)
2021,2021,escola,240,IN_MATERIAL_PED_JOGOS,IN,binária (0/1),materiais pedagógicos,221140,100.0,941,100.0,2,0 (537); 1 (404)
2021,2021,escola,241,IN_MATERIAL_PED_ARTISTICAS,IN,binária (0/1),materiais pedagógicos,221140,100.0,941,100.0,2,0 (831); 1 (110)
2021,2021,escola,242,IN_MATERIAL_PED_DESPORTIVA,IN,binária (0/1),materiais pedagógicos,221140,100.0,941,100.0,2,0 (649); 1 (292)
2021,2021,escola,243,IN_MATERIAL_PED_INDIGENA,IN,binária (0/1),materiais pedagógicos,221140,100.0,941,100.0,2,0 (920); 1 (21)
2021,2021,escola,244,IN_MATERIAL_PED_ETNICO,IN,binária (0/1),materiais pedagógicos,221140,100.0,941,100.0,2,0 (916); 1 (25)
2021,2021,escola,245,IN_MATERIAL_PED_CAMPO,IN,binária (0/1),materiais pedagógicos,221140,100.0,941,100.0,2,0 (917); 1 (24)
2021,2021,escola,246,IN_MATERIAL_PED_NENHUM,IN,binária (0/1),materiais pedagógicos,221140,100.0,941,100.0,2,0 (611); 1 (330)
2021,2021,escola,247,IN_MATERIAL_ESP_QUILOMBOLA,IN,binária (0/1),materiais pedagógicos,221140,100.0,941,100.0,1,0 (941)
2021,2021,escola,248,IN_MATERIAL_ESP_INDIGENA,IN,binária (0/1),materiais pedagógicos,221140,100.0,941,100.0,1,0 (941)
2021,2021,escola,249,IN_MATERIAL_ESP_NAO_UTILIZA,IN,binária (0/1),materiais pedagógicos,221140,100.0,941,100.0,1,0 (941)
2021,2021,escola,250,IN_EDUCACAO_INDIGENA,IN,binária (0/1),educação indígena,221140,100.0,941,100.0,2,0 (561); 1 (380)
2021,2021,escola,251,TP_INDIGENA_LINGUA,TP,categórica codificada,educação indígena,221140,100.0,941,100.0,4,0 (561); 3 (262); 2 (116); 1 (2)
2021,2021,escola,252,CO_LINGUA_INDIGENA_1,CO,código,educação indígena,221140,100.0,941,100.0,8,0 (677); 100 (191); 179 (40); 45 (16)
2021,2021,escola,253,CO_LINGUA_INDIGENA_2,CO,código,educação indígena,221140,100.0,941,100.0,5,0 (898); 179 (22); 100 (15); 153 (5)
2021,2021,escola,254,CO_LINGUA_INDIGENA_3,CO,código,educação indígena,221140,100.0,941,100.0,3,0 (937); 179 (3); 999 (1)
2021,2021,escola,255,IN_BRASIL_ALFABETIZADO,IN,binária (0/1),organização do ensino e gestão,221140,100.0,941,100.0,1,0 (941)
2021,2021,escola,256,IN_FINAL_SEMANA,IN,binária (0/1),organização do ensino e gestão,221140,100.0,941,100.0,1,0 (941)
2021,2021,escola,257,IN_EXAME_SELECAO,IN,binária (0/1),organização do ensino e gestão,221140,100.0,941,100.0,2,0 (930); 1 (11)
2021,2021,escola,258,IN_RESERVA_PPI,IN,binária (0/1),organização do ensino e gestão,221140,100.0,941,100.0,2,0 (934); 1 (7)
2021,2021,escola,259,IN_RESERVA_RENDA,IN,binária (0/1),organização do ensino e gestão,221140,100.0,941,100.0,2,0 (935); 1 (6)
2021,2021,escola,260,IN_RESERVA_PUBLICA,IN,binária (0/1),organização do ensino e gestão,221140,100.0,941,100.0,2,0 (935); 1 (6)
2021,2021,escola,261,IN_RESERVA_PCD,IN,binária (0/1),organização do ensino e gestão,221140,100.0,941,100.0,2,0 (934); 1 (7)
2021,2021,escola,262,IN_RESERVA_OUTROS,IN,binária (0/1),organização do ensino e gestão,221140,100.0,941,100.0,2,0 (939); 1 (2)
2021,2021,escola,263,IN_RESERVA_NENHUMA,IN,binária (0/1),organização do ensino e gestão,221140,100.0,941,100.0,2,0 (939); 1 (2)
2021,2021,escola,264,IN_REDES_SOCIAIS,IN,binária (0/1),equipamentos e tecnologia,221140,100.0,941,100.0,2,0 (791); 1 (150)
2021,2021,escola,265,IN_ESPACO_ATIVIDADE,IN,binária (0/1),"oferta (etapas, modalidades, turnos)",221140,100.0,941,100.0,3,1 (475); 0 (442); 9 (24)
2021,2021,escola,266,IN_ESPACO_EQUIPAMENTO,IN,binária (0/1),"oferta (etapas, modalidades, turnos)",221140,100.0,941,100.0,3,0 (489); 1 (426); 9 (26)
2021,2021,escola,267,IN_ORGAO_ASS_PAIS,IN,binária (0/1),organização do ensino e gestão,221140,100.0,941,100.0,2,0 (920); 1 (21)
2021,2021,escola,268,IN_ORGAO_ASS_PAIS_MESTRES,IN,binária (0/1),organização do ensino e gestão,221140,100.0,941,100.0,2,0 (591); 1 (350)
2021,2021,escola,269,IN_ORGAO_CONSELHO_ESCOLAR,IN,binária (0/1),organização do ensino e gestão,221140,100.0,941,100.0,2,0 (722); 1 (219)
2021,2021,escola,270,IN_ORGAO_GREMIO_ESTUDANTIL,IN,binária (0/1),organização do ensino e gestão,221140,100.0,941,100.0,2,0 (922); 1 (19)
2021,2021,escola,271,IN_ORGAO_OUTROS,IN,binária (0/1),organização do ensino e gestão,221140,100.0,941,100.0,2,0 (929); 1 (12)
2021,2021,escola,272,IN_ORGAO_NENHUM,IN,binária (0/1),organização do ensino e gestão,221140,100.0,941,100.0,2,0 (474); 1 (467)
2021,2021,escola,273,TP_PROPOSTA_PEDAGOGICA,TP,categórica codificada,organização do ensino e gestão,221140,100.0,941,100.0,4,0 (363); 2 (308); 1 (251); 9 (19)
2021,2021,escola,274,TP_AEE,TP,categórica codificada,organização do ensino e gestão,221140,100.0,941,100.0,3,0 (800); 1 (135); 2 (6)
2021,2021,escola,275,TP_ATIVIDADE_COMPLEMENTAR,TP,categórica codificada,organização do ensino e gestão,221140,100.0,941,100.0,2,0 (940); 1 (1)
2021,2021,escola,276,IN_MEDIACAO_PRESENCIAL,IN,binária (0/1),"oferta (etapas, modalidades, turnos)",221140,100.0,941,100.0,2,1 (847); 0 (94)
2021,2021,escola,277,IN_MEDIACAO_SEMIPRESENCIAL,IN,binária (0/1),"oferta (etapas, modalidades, turnos)",221140,100.0,941,100.0,2,0 (939); 1 (2)
2021,2021,escola,278,IN_MEDIACAO_EAD,IN,binária (0/1),"oferta (etapas, modalidades, turnos)",221140,100.0,941,100.0,2,0 (940); 1 (1)
2021,2021,escola,279,IN_REGULAR,IN,binária (0/1),"oferta (etapas, modalidades, turnos)",221140,100.0,941,100.0,2,1 (834); 0 (107)
2021,2021,escola,280,IN_DIURNO,IN,binária (0/1),"oferta (etapas, modalidades, turnos)",221140,100.0,941,100.0,2,1 (841); 0 (100)
2021,2021,escola,281,IN_NOTURNO,IN,binária (0/1),"oferta (etapas, modalidades, turnos)",221140,100.0,941,100.0,2,0 (823); 1 (118)
2021,2021,escola,282,IN_EAD,IN,binária (0/1),"oferta (etapas, modalidades, turnos)",221140,100.0,941,100.0,2,0 (939); 1 (2)
2021,2021,escola,283,IN_BAS,IN,binária (0/1),"oferta (etapas, modalidades, turnos)",221140,100.0,941,100.0,2,1 (841); 0 (100)
2021,2021,escola,284,IN_INF,IN,binária (0/1),"oferta (etapas, modalidades, turnos)",221140,100.0,941,100.0,2,0 (521); 1 (420)
2021,2021,escola,285,IN_INF_CRE,IN,binária (0/1),"oferta (etapas, modalidades, turnos)",221140,100.0,941,100.0,2,0 (744); 1 (197)
2021,2021,escola,286,IN_INF_PRE,IN,binária (0/1),"oferta (etapas, modalidades, turnos)",221140,100.0,941,100.0,2,0 (571); 1 (370)
2021,2021,escola,287,IN_FUND,IN,binária (0/1),"oferta (etapas, modalidades, turnos)",221140,100.0,941,100.0,2,1 (630); 0 (311)
2021,2021,escola,288,IN_FUND_AI,IN,binária (0/1),"oferta (etapas, modalidades, turnos)",221140,100.0,941,100.0,2,1 (511); 0 (430)
2021,2021,escola,289,IN_FUND_AF,IN,binária (0/1),"oferta (etapas, modalidades, turnos)",221140,100.0,941,100.0,2,0 (694); 1 (247)
2021,2021,escola,290,IN_MED,IN,binária (0/1),"oferta (etapas, modalidades, turnos)",221140,100.0,941,100.0,2,0 (773); 1 (168)
2021,2021,escola,291,IN_PROF,IN,binária (0/1),"oferta (etapas, modalidades, turnos)",221140,100.0,941,100.0,2,0 (926); 1 (15)
2021,2021,escola,292,IN_PROF_TEC,IN,binária (0/1),"oferta (etapas, modalidades, turnos)",221140,100.0,941,100.0,2,0 (926); 1 (15)
2021,2021,escola,293,IN_EJA,IN,binária (0/1),"oferta (etapas, modalidades, turnos)",221140,100.0,941,100.0,2,0 (836); 1 (105)
2021,2021,escola,294,IN_EJA_FUND,IN,binária (0/1),"oferta (etapas, modalidades, turnos)",221140,100.0,941,100.0,2,0 (875); 1 (66)
2021,2021,escola,295,IN_EJA_MED,IN,binária (0/1),"oferta (etapas, modalidades, turnos)",221140,100.0,941,100.0,2,0 (861); 1 (80)
2021,2021,escola,296,IN_ESP,IN,binária (0/1),"oferta (etapas, modalidades, turnos)",221140,100.0,941,100.0,2,0 (491); 1 (450)
2021,2021,escola,297,IN_ESP_CC,IN,binária (0/1),"oferta (etapas, modalidades, turnos)",221140,100.0,941,100.0,2,0 (491); 1 (450)
2021,2021,escola,298,IN_ESP_CE,IN,binária (0/1),"oferta (etapas, modalidades, turnos)",221140,100.0,941,100.0,2,0 (940); 1 (1)
2021,2021,escola,299,QT_MAT_BAS,QT,contagem,matrículas,221140,100.0,941,100.0,367,0 (100); 15 (19); 29 (15); 14 (14)
2021,2021,escola,300,QT_MAT_INF,QT,contagem,matrículas,221140,100.0,941,100.0,144,0 (521); 28 (15); 12 (14); 27 (14)
2021,2021,escola,301,QT_MAT_INF_CRE,QT,contagem,matrículas,221140,100.0,941,100.0,76,0 (744); 29 (10); 3 (9); 6 (9)
2021,2021,escola,302,QT_MAT_INF_PRE,QT,contagem,matrículas,221140,100.0,941,100.0,127,0 (571); 8 (17); 12 (16); 5 (14)
2021,2021,escola,303,QT_MAT_FUND,QT,contagem,matrículas,221140,100.0,941,100.0,291,0 (311); 15 (14); 16 (12); 7 (12)
2021,2021,escola,304,QT_MAT_FUND_AI,QT,contagem,matrículas,221140,100.0,941,100.0,198,0 (430); 15 (17); 16 (14); 10 (13)
2021,2021,escola,305,QT_MAT_FUND_AF,QT,contagem,matrículas,221140,100.0,941,100.0,166,0 (694); 51 (7); 30 (5); 10 (4)
2021,2021,escola,306,QT_MAT_MED,QT,contagem,matrículas,221140,100.0,941,100.0,122,0 (773); 21 (5); 17 (4); 25 (4)
2021,2021,escola,307,QT_MAT_PROF,QT,contagem,matrículas,221140,100.0,941,100.0,16,0 (926); 118 (1); 127 (1); 17 (1)
2021,2021,escola,308,QT_MAT_PROF_TEC,QT,contagem,matrículas,221140,100.0,941,100.0,16,0 (926); 118 (1); 127 (1); 17 (1)
2021,2021,escola,309,QT_MAT_EJA,QT,contagem,matrículas,221140,100.0,941,100.0,77,0 (836); 6 (4); 24 (3); 29 (3)
2021,2021,escola,310,QT_MAT_EJA_FUND,QT,contagem,matrículas,221140,100.0,941,100.0,43,0 (875); 14 (4); 20 (4); 10 (3)
2021,2021,escola,311,QT_MAT_EJA_MED,QT,contagem,matrículas,221140,100.0,941,100.0,61,0 (861); 6 (4); 17 (3); 22 (3)
2021,2021,escola,312,QT_MAT_ESP,QT,contagem,matrículas,221140,100.0,941,100.0,41,0 (491); 1 (133); 2 (50); 3 (35)
2021,2021,escola,313,QT_MAT_ESP_CC,QT,contagem,matrículas,221140,100.0,941,100.0,41,0 (491); 1 (133); 2 (50); 3 (35)
2021,2021,escola,314,QT_MAT_ESP_CE,QT,contagem,matrículas,221140,100.0,941,100.0,2,0 (940); 10 (1)
2021,2021,escola,315,QT_MAT_BAS_FEM,QT,contagem,matrículas,221140,100.0,941,100.0,280,0 (100); 10 (31); 6 (25); 11 (24)
2021,2021,escola,316,QT_MAT_BAS_MASC,QT,contagem,matrículas,221140,100.0,941,100.0,278,0 (100); 8 (27); 4 (26); 10 (21)
2021,2021,escola,317,QT_MAT_BAS_ND,QT,contagem,matrículas,221140,100.0,941,100.0,183,0 (400); 1 (53); 2 (40); 3 (24)
2021,2021,escola,318,QT_MAT_BAS_BRANCA,QT,contagem,matrículas,221140,100.0,941,100.0,122,0 (485); 1 (51); 2 (36); 3 (26)
2021,2021,escola,319,QT_MAT_BAS_PRETA,QT,contagem,matrículas,221140,100.0,941,100.0,33,0 (603); 1 (76); 2 (43); 3 (25)
2021,2021,escola,320,QT_MAT_BAS_PARDA,QT,contagem,matrículas,221140,100.0,941,100.0,264,0 (363); 1 (53); 2 (23); 3 (19)
2021,2021,escola,321,QT_MAT_BAS_AMARELA,QT,contagem,matrículas,221140,100.0,941,100.0,12,0 (801); 1 (85); 2 (19); 3 (19)
2021,2021,escola,322,QT_MAT_BAS_INDIGENA,QT,contagem,matrículas,221140,100.0,941,100.0,145,0 (235); 1 (58); 3 (39); 2 (34)
2021,2021,escola,323,QT_MAT_BAS_0_3,QT,contagem,matrículas,221140,100.0,941,100.0,68,0 (724); 1 (18); 25 (12); 8 (11)
2021,2021,escola,324,QT_MAT_BAS_4_5,QT,contagem,matrículas,221140,100.0,941,100.0,119,0 (500); 1 (41); 2 (23); 4 (21)
2021,2021,escola,325,QT_MAT_BAS_6_10,QT,contagem,matrículas,221140,100.0,941,100.0,182,0 (259); 1 (48); 2 (36); 3 (23)
2021,2021,escola,326,QT_MAT_BAS_11_14,QT,contagem,matrículas,221140,100.0,941,100.0,179,0 (389); 1 (55); 2 (49); 3 (38)
2021,2021,escola,327,QT_MAT_BAS_15_17,QT,contagem,matrículas,221140,100.0,941,100.0,144,0 (618); 1 (45); 2 (13); 3 (10)
2021,2021,escola,328,QT_MAT_BAS_18_MAIS,QT,contagem,matrículas,221140,100.0,941,100.0,114,0 (668); 1 (35); 2 (15); 3 (12)
2021,2021,escola,329,QT_MAT_BAS_D,QT,contagem,matrículas,221140,100.0,941,100.0,354,0 (100); 15 (19); 29 (16); 14 (14)
2021,2021,escola,330,QT_MAT_BAS_N,QT,contagem,matrículas,221140,100.0,941,100.0,89,0 (823); 29 (5); 24 (4); 40 (4)
2021,2021,escola,331,QT_MAT_BAS_EAD,QT,contagem,matrículas,221140,100.0,941,100.0,3,0 (939); 267 (1); 367 (1)
2021,2021,escola,332,QT_MAT_INF_INT,QT,contagem,matrículas,221140,100.0,941,100.0,31,0 (885); 27 (6); 28 (6); 29 (6)
2021,2021,escola,333,QT_MAT_INF_CRE_INT,QT,contagem,matrículas,221140,100.0,941,100.0,30,0 (886); 27 (6); 28 (6); 29 (6)
2021,2021,escola,334,QT_MAT_INF_PRE_INT,QT,contagem,matrículas,221140,100.0,941,100.0,3,0 (939); 17 (1); 22 (1)
2021,2021,escola,335,QT_MAT_FUND_INT,QT,contagem,matrículas,221140,100.0,941,100.0,7,0 (935); 10 (1); 23 (1); 28 (1)
2021,2021,escola,336,QT_MAT_FUND_AI_INT,QT,contagem,matrículas,221140,100.0,941,100.0,6,0 (936); 10 (1); 23 (1); 50 (1)
2021,2021,escola,337,QT_MAT_FUND_AF_INT,QT,contagem,matrículas,221140,100.0,941,100.0,2,0 (940); 28 (1)
2021,2021,escola,338,QT_MAT_MED_INT,QT,contagem,matrículas,221140,100.0,941,100.0,12,0 (929); 22 (2); 104 (1); 113 (1)
2021,2021,escola,339,QT_DOC_BAS,QT,contagem,docentes,221140,100.0,941,100.0,57,1 (211); 0 (100); 2 (89); 3 (41)
2021,2021,escola,340,QT_DOC_INF,QT,contagem,docentes,221140,100.0,941,100.0,22,0 (608); 1 (122); 2 (58); 3 (33)
2021,2021,escola,341,QT_DOC_INF_CRE,QT,contagem,docentes,221140,100.0,941,100.0,14,0 (811); 1 (64); 2 (21); 4 (20)
2021,2021,escola,342,QT_DOC_INF_PRE,QT,contagem,docentes,221140,100.0,941,100.0,21,0 (656); 1 (101); 2 (64); 3 (28)
2021,2021,escola,343,QT_DOC_FUND,QT,contagem,docentes,221140,100.0,941,100.0,50,0 (311); 1 (141); 2 (69); 3 (29)
2021,2021,escola,344,QT_DOC_FUND_AI,QT,contagem,docentes,221140,100.0,941,100.0,44,0 (607); 1 (92); 2 (35); 6 (31)
2021,2021,escola,345,QT_DOC_FUND_AF,QT,contagem,docentes,221140,100.0,941,100.0,35,0 (500); 1 (112); 2 (62); 8 (31)
2021,2021,escola,346,QT_DOC_MED,QT,contagem,docentes,221140,100.0,941,100.0,36,0 (773); 10 (17); 11 (17); 9 (17)
2021,2021,escola,347,QT_DOC_PROF,QT,contagem,docentes,221140,100.0,941,100.0,11,0 (926); 1 (3); 11 (2); 3 (2)
2021,2021,escola,348,QT_DOC_PROF_TEC,QT,contagem,docentes,221140,100.0,941,100.0,11,0 (926); 1 (3); 11 (2); 3 (2)
2021,2021,escola,349,QT_DOC_EJA,QT,contagem,docentes,221140,100.0,941,100.0,21,0 (836); 10 (10); 12 (9); 14 (9)
2021,2021,escola,350,QT_DOC_EJA_FUND,QT,contagem,docentes,221140,100.0,941,100.0,15,0 (875); 9 (10); 7 (9); 8 (8)
2021,2021,escola,351,QT_DOC_EJA_MED,QT,contagem,docentes,221140,100.0,941,100.0,20,0 (861); 10 (19); 9 (9); 11 (7)
2021,2021,escola,352,QT_DOC_ESP,QT,contagem,docentes,221140,100.0,941,100.0,49,0 (491); 1 (73); 2 (43); 9 (28)
2021,2021,escola,353,QT_DOC_ESP_CC,QT,contagem,docentes,221140,100.0,941,100.0,49,0 (491); 1 (73); 2 (43); 9 (28)
2021,2021,escola,354,QT_DOC_ESP_CE,QT,contagem,docentes,221140,100.0,941,100.0,2,0 (940); 2 (1)
2021,2021,escola,355,QT_TUR_BAS,QT,contagem,turmas,221140,100.0,941,100.0,50,1 (232); 0 (100); 2 (71); 12 (49)
2021,2021,escola,356,QT_TUR_INF,QT,contagem,turmas,221140,100.0,941,100.0,20,0 (608); 1 (126); 2 (56); 3 (30)
2021,2021,escola,357,QT_TUR_INF_CRE,QT,contagem,turmas,221140,100.0,941,100.0,12,0 (811); 1 (61); 2 (23); 4 (23)
2021,2021,escola,358,QT_TUR_INF_PRE,QT,contagem,turmas,221140,100.0,941,100.0,19,0 (656); 1 (101); 2 (66); 4 (31)
2021,2021,escola,359,QT_TUR_FUND,QT,contagem,turmas,221140,100.0,941,100.0,39,0 (311); 1 (161); 2 (60); 5 (52)
2021,2021,escola,360,QT_TUR_FUND_AI,QT,contagem,turmas,221140,100.0,941,100.0,34,0 (607); 1 (118); 5 (68); 3 (19)
2021,2021,escola,361,QT_TUR_FUND_AF,QT,contagem,turmas,221140,100.0,941,100.0,26,0 (500); 1 (137); 4 (64); 2 (57)
2021,2021,escola,362,QT_TUR_MED,QT,contagem,turmas,221140,100.0,941,100.0,25,0 (773); 3 (81); 6 (17); 5 (13)
2021,2021,escola,363,QT_TUR_PROF,QT,contagem,turmas,221140,100.0,941,100.0,12,0 (926); 1 (2); 13 (2); 4 (2)
2021,2021,escola,364,QT_TUR_PROF_TEC,QT,contagem,turmas,221140,100.0,941,100.0,12,0 (926); 1 (2); 13 (2); 4 (2)
2021,2021,escola,365,QT_TUR_EJA,QT,contagem,turmas,221140,100.0,941,100.0,14,0 (836); 1 (20); 4 (19); 3 (16)
2021,2021,escola,366,QT_TUR_EJA_FUND,QT,contagem,turmas,221140,100.0,941,100.0,9,0 (875); 2 (19); 1 (17); 4 (12)
2021,2021,escola,367,QT_TUR_EJA_MED,QT,contagem,turmas,221140,100.0,941,100.0,10,0 (861); 3 (30); 1 (20); 6 (9)
2021,2021,escola,368,QT_TUR_ESP,QT,contagem,turmas,221140,100.0,941,100.0,30,0 (491); 1 (148); 2 (50); 3 (43)
2021,2021,escola,369,QT_TUR_ESP_CC,QT,contagem,turmas,221140,100.0,941,100.0,30,0 (491); 1 (148); 2 (50); 3 (43)
2021,2021,escola,370,QT_TUR_ESP_CE,QT,contagem,turmas,221140,100.0,941,100.0,2,0 (940); 2 (1)
2022,2022,escola,1,NU_ANO_CENSO,NU,número,identificação e chave,224649,100.0,950,100.0,1,2022 (950)
2022,2022,escola,2,NO_REGIAO,NO,nome/texto,identificação e chave,224649,100.0,950,100.0,1,Norte (950)
2022,2022,escola,3,CO_REGIAO,CO,código,identificação e chave,224649,100.0,950,100.0,1,1 (950)
2022,2022,escola,4,NO_UF,NO,nome/texto,identificação e chave,224649,100.0,950,100.0,1,Roraima (950)
2022,2022,escola,5,SG_UF,SG,sigla,identificação e chave,224649,100.0,950,100.0,1,RR (950)
2022,2022,escola,6,CO_UF,CO,código,identificação e chave,224649,100.0,950,100.0,1,14 (950)
2022,2022,escola,7,NO_MUNICIPIO,NO,nome/texto,identificação e chave,224649,100.0,950,100.0,15,Boa Vista (273); Normandia (123); Uiramutã (112); Pacaraima (60)
2022,2022,escola,8,CO_MUNICIPIO,CO,código,identificação e chave,224649,100.0,950,100.0,15,1400100 (273); 1400407 (123); 1400704 (112); 1400456 (60)
2022,2022,escola,9,NO_MESORREGIAO,NO,nome/texto,geografia (IBGE),224649,100.0,950,100.0,2,Norte de Roraima (768); Sul de Roraima (182)
2022,2022,escola,10,CO_MESORREGIAO,CO,código,geografia (IBGE),224649,100.0,950,100.0,2,1 (768); 2 (182)
2022,2022,escola,11,NO_MICRORREGIAO,NO,nome/texto,geografia (IBGE),224649,100.0,950,100.0,4,Boa Vista (439); Nordeste de Roraima (329); Sudeste de Roraima (92); Caracaraí (90)
2022,2022,escola,12,CO_MICRORREGIAO,CO,código,geografia (IBGE),224649,100.0,950,100.0,4,1 (439); 2 (329); 4 (92); 3 (90)
2022,2022,escola,13,CO_DISTRITO,CO,código,geografia (IBGE),224649,100.0,950,100.0,15,140010005 (273); 140040705 (123); 140070405 (112); 140045605 (60)
2022,2022,escola,14,NO_ENTIDADE,NO,nome/texto,identificação e chave,224649,100.0,950,100.0,944,ESCOLA ESTADUAL FAGUNDES VARELA (2); ESCOLA MUNICIPAL CRIANCA FELIZ (2); ESCOLA MUNICIPAL NOVA CANAA (2); ESCOLA MUNICIPAL PEQUENO POLEGAR (2)
2022,2022,escola,15,CO_ENTIDADE,CO,código,identificação e chave,224649,100.0,950,100.0,950,14000016 (1); 14000032 (1); 14000113 (1); 14000130 (1)
2022,2022,escola,16,TP_DEPENDENCIA,TP,categórica codificada,dependência administrativa e vínculos,224649,100.0,950,100.0,4,3 (473); 2 (404); 4 (66); 1 (7)
2022,2022,escola,17,TP_CATEGORIA_ESCOLA_PRIVADA,TP,categórica codificada,dependência administrativa e vínculos,224649,18.6,950,4.7,3,1 (42); 4 (2); 2 (1)
2022,2022,escola,18,TP_LOCALIZACAO,TP,categórica codificada,localização e vínculo institucional,224649,100.0,950,100.0,2,2 (623); 1 (327)
2022,2022,escola,19,TP_LOCALIZACAO_DIFERENCIADA,TP,categórica codificada,localização e vínculo institucional,224649,80.2,950,92.2,3,2 (421); 0 (406); 1 (49)
2022,2022,escola,20,DS_ENDERECO,DS,texto livre,endereço e contato,224649,99.4,950,100.0,808,AVENIDA NAZARE FILGUEIRAS (6); TRAVESSA DOS MACUXIS (5); AVENIDA GETULIO VARGAS (4); AVENIDA SAO SEBASTIAO (4)
2022,2022,escola,21,NU_ENDERECO,NU,número,endereço e contato,224649,77.8,950,46.2,223,S/N (111); SN (68); S/Nº (8); 2141 (4)
2022,2022,escola,22,DS_COMPLEMENTO,DS,texto livre,endereço e contato,224649,31.5,950,26.5,96,TI-RSS (33); TERRA IND YANOMAMI (31); ZONA RURAL (23); PREDIO (19)
2022,2022,escola,23,NO_BAIRRO,NO,nome/texto,endereço e contato,224649,84.1,950,46.9,126,CENTRO (72); ZONA RURAL (26); CIDADE SATELITE (14); COMUNIDADE INDIGENA (14)
2022,2022,escola,24,CO_CEP,CO,código,endereço e contato,224649,99.3,950,100.0,215,69355000 (123); 69358000 (112); 69345000 (60); 69343000 (54)
2022,2022,escola,25,NU_DDD,NU,número,endereço e contato,224649,100.0,950,100.0,2,95 (769); . (181)
2022,2022,escola,26,NU_TELEFONE,NU,número,endereço e contato,224649,100.0,950,100.0,312,. (273); 35531270 (33); 36241468 (29); 32381459 (18)
2022,2022,escola,27,TP_SITUACAO_FUNCIONAMENTO,TP,categórica codificada,situação de funcionamento,224649,100.0,950,100.0,3,1 (876); 2 (51); 3 (23)
2022,2022,escola,28,CO_ORGAO_REGIONAL,CO,código,identificação e chave,224649,97.2,950,0.0,0,
2022,2022,escola,29,DT_ANO_LETIVO_INICIO,DT,data,situação de funcionamento,224649,80.2,950,92.2,40,07FEB2022:00:00:00 (370); 09FEB2022:00:00:00 (166); 07MAR2022:00:00:00 (117); 18APR2022:00:00:00 (45)
2022,2022,escola,30,DT_ANO_LETIVO_TERMINO,DT,data,situação de funcionamento,224649,80.2,950,92.2,20,16DEC2022:00:00:00 (539); 23DEC2022:00:00:00 (96); 22DEC2022:00:00:00 (72); 21DEC2022:00:00:00 (64)
2022,2022,escola,31,IN_VINCULO_SECRETARIA_EDUCACAO,IN,binária (0/1),localização e vínculo institucional,224649,61.6,950,87.5,1,1 (831)
2022,2022,escola,32,IN_VINCULO_SEGURANCA_PUBLICA,IN,binária (0/1),localização e vínculo institucional,224649,61.6,950,87.5,1,0 (831)
2022,2022,escola,33,IN_VINCULO_SECRETARIA_SAUDE,IN,binária (0/1),localização e vínculo institucional,224649,61.6,950,87.5,1,0 (831)
2022,2022,escola,34,IN_VINCULO_OUTRO_ORGAO,IN,binária (0/1),localização e vínculo institucional,224649,61.6,950,87.5,1,0 (831)
2022,2022,escola,35,IN_PODER_PUBLICO_PARCERIA,IN,binária (0/1),dependência administrativa e vínculos,224649,80.2,950,92.2,2,0 (865); 1 (11)
2022,2022,escola,36,TP_PODER_PUBLICO_PARCERIA,TP,categórica codificada,dependência administrativa e vínculos,224649,4.0,950,1.2,1,1 (11)
2022,2022,escola,37,IN_CONVENIADA_PP,IN,binária (0/1),dependência administrativa e vínculos,224649,0.0,950,0.0,0,
2022,2022,escola,38,TP_CONVENIO_PODER_PUBLICO,TP,categórica codificada,dependência administrativa e vínculos,224649,0.0,950,0.0,0,
2022,2022,escola,39,IN_FORMA_CONT_TERMO_COLABORA,IN,binária (0/1),dependência administrativa e vínculos,224649,4.0,950,1.2,1,0 (11)
2022,2022,escola,40,IN_FORMA_CONT_TERMO_FOMENTO,IN,binária (0/1),dependência administrativa e vínculos,224649,4.0,950,1.2,1,0 (11)
2022,2022,escola,41,IN_FORMA_CONT_ACORDO_COOP,IN,binária (0/1),dependência administrativa e vínculos,224649,4.0,950,1.2,1,0 (11)
2022,2022,escola,42,IN_FORMA_CONT_PRESTACAO_SERV,IN,binária (0/1),dependência administrativa e vínculos,224649,4.0,950,1.2,1,1 (11)
2022,2022,escola,43,IN_FORMA_CONT_COOP_TEC_FIN,IN,binária (0/1),dependência administrativa e vínculos,224649,4.0,950,1.2,1,0 (11)
2022,2022,escola,44,IN_FORMA_CONT_CONSORCIO_PUB,IN,binária (0/1),dependência administrativa e vínculos,224649,4.0,950,1.2,1,0 (11)
2022,2022,escola,45,IN_TIPO_ATEND_ESCOLARIZACAO,IN,binária (0/1),"tipo de atendimento (escolarização, AEE, AC)",224649,4.0,950,1.2,1,1 (11)
2022,2022,escola,46,IN_TIPO_ATEND_AC,IN,binária (0/1),"tipo de atendimento (escolarização, AEE, AC)",224649,4.0,950,1.2,1,0 (11)
2022,2022,escola,47,IN_TIPO_ATEND_AEE,IN,binária (0/1),"tipo de atendimento (escolarização, AEE, AC)",224649,4.0,950,1.2,1,0 (11)
2022,2022,escola,48,IN_MANT_ESCOLA_PRIVADA_EMP,IN,binária (0/1),dependência administrativa e vínculos,224649,18.6,950,4.7,2,1 (35); 0 (10)
2022,2022,escola,49,IN_MANT_ESCOLA_PRIVADA_ONG,IN,binária (0/1),dependência administrativa e vínculos,224649,18.6,950,4.7,1,0 (45)
2022,2022,escola,50,IN_MANT_ESCOLA_PRIVADA_OSCIP,IN,binária (0/1),dependência administrativa e vínculos,224649,18.6,950,4.7,1,0 (45)
2022,2022,escola,51,IN_MANT_ESCOLA_PRIV_ONG_OSCIP,IN,binária (0/1),dependência administrativa e vínculos,224649,18.6,950,4.7,1,0 (45)
2022,2022,escola,52,IN_MANT_ESCOLA_PRIVADA_SIND,IN,binária (0/1),dependência administrativa e vínculos,224649,18.6,950,4.7,2,0 (44); 1 (1)
2022,2022,escola,53,IN_MANT_ESCOLA_PRIVADA_SIST_S,IN,binária (0/1),dependência administrativa e vínculos,224649,18.6,950,4.7,2,0 (40); 1 (5)
2022,2022,escola,54,IN_MANT_ESCOLA_PRIVADA_S_FINS,IN,binária (0/1),dependência administrativa e vínculos,224649,18.6,950,4.7,2,0 (38); 1 (7)
2022,2022,escola,55,NU_CNPJ_ESCOLA_PRIVADA,NU,número,dependência administrativa e vínculos,224649,18.6,950,4.7,44,99999999999999 (2); 00604243000139 (1); 01949930000159 (1); 03153024000179 (1)
2022,2022,escola,56,NU_CNPJ_MANTENEDORA,NU,número,dependência administrativa e vínculos,224649,18.6,950,4.7,45,00604243000139 (1); 01949930000159 (1); 03153024000179 (1); 03488834000186 (1)
2022,2022,escola,57,TP_REGULAMENTACAO,TP,categórica codificada,dependência administrativa e vínculos,224649,80.2,950,92.2,3,1 (523); 2 (327); 0 (26)
2022,2022,escola,58,TP_RESPONSAVEL_REGULAMENTACAO,TP,categórica codificada,dependência administrativa e vínculos,224649,77.9,950,89.5,4,2 (427); 3 (393); 4 (23); 1 (7)
2022,2022,escola,59,CO_ESCOLA_SEDE_VINCULADA,CO,código,dependência administrativa e vínculos,224649,0.9,950,0.0,0,
2022,2022,escola,60,CO_IES_OFERTANTE,CO,código,dependência administrativa e vínculos,224649,0.2,950,0.4,1,3184 (4)
2022,2022,escola,61,IN_LOCAL_FUNC_PREDIO_ESCOLAR,IN,binária (0/1),local de funcionamento,224649,80.2,950,92.2,2,1 (654); 0 (222)
2022,2022,escola,62,TP_OCUPACAO_PREDIO_ESCOLAR,TP,categórica codificada,local de funcionamento,224649,78.2,950,68.8,3,1 (582); 3 (55); 2 (17)
2022,2022,escola,63,IN_LOCAL_FUNC_SALAS_EMPRESA,IN,binária (0/1),local de funcionamento,224649,0.0,950,0.0,0,
2022,2022,escola,64,IN_LOCAL_FUNC_SOCIOEDUCATIVO,IN,binária (0/1),local de funcionamento,224649,80.2,950,92.2,1,0 (876)
2022,2022,escola,65,IN_LOCAL_FUNC_UNID_PRISIONAL,IN,binária (0/1),local de funcionamento,224649,80.2,950,92.2,1,0 (876)
2022,2022,escola,66,IN_LOCAL_FUNC_PRISIONAL_SOCIO,IN,binária (0/1),local de funcionamento,224649,80.2,950,92.2,1,0 (876)
2022,2022,escola,67,IN_LOCAL_FUNC_TEMPLO_IGREJA,IN,binária (0/1),local de funcionamento,224649,0.0,950,0.0,0,
2022,2022,escola,68,IN_LOCAL_FUNC_CASA_PROFESSOR,IN,binária (0/1),local de funcionamento,224649,0.0,950,0.0,0,
2022,2022,escola,69,IN_LOCAL_FUNC_GALPAO,IN,binária (0/1),local de funcionamento,224649,80.2,950,92.2,2,0 (636); 1 (240)
2022,2022,escola,70,TP_OCUPACAO_GALPAO,TP,categórica codificada,local de funcionamento,224649,1.2,950,25.3,3,9 (197); 1 (31); 3 (12)
2022,2022,escola,71,IN_LOCAL_FUNC_SALAS_OUTRA_ESC,IN,binária (0/1),local de funcionamento,224649,80.2,950,92.2,2,0 (839); 1 (37)
2022,2022,escola,72,IN_LOCAL_FUNC_OUTROS,IN,binária (0/1),local de funcionamento,224649,80.2,950,92.2,2,0 (822); 1 (54)
2022,2022,escola,73,IN_PREDIO_COMPARTILHADO,IN,binária (0/1),local de funcionamento,224649,78.2,950,68.8,2,0 (604); 1 (50)
2022,2022,escola,74,IN_AGUA_FILTRADA,IN,binária (0/1),"infraestrutura básica (água, energia, esgoto, lixo)",224649,0.0,950,0.0,0,
2022,2022,escola,75,IN_AGUA_POTAVEL,IN,binária (0/1),"infraestrutura básica (água, energia, esgoto, lixo)",224649,80.2,950,92.2,2,1 (566); 0 (310)
2022,2022,escola,76,IN_AGUA_REDE_PUBLICA,IN,binária (0/1),"infraestrutura básica (água, energia, esgoto, lixo)",224649,80.2,950,92.2,2,0 (497); 1 (379)
2022,2022,escola,77,IN_AGUA_POCO_ARTESIANO,IN,binária (0/1),"infraestrutura básica (água, energia, esgoto, lixo)",224649,80.2,950,92.2,2,0 (549); 1 (327)
2022,2022,escola,78,IN_AGUA_CACIMBA,IN,binária (0/1),"infraestrutura básica (água, energia, esgoto, lixo)",224649,80.2,950,92.2,2,0 (796); 1 (80)
2022,2022,escola,79,IN_AGUA_FONTE_RIO,IN,binária (0/1),"infraestrutura básica (água, energia, esgoto, lixo)",224649,80.2,950,92.2,2,0 (704); 1 (172)
2022,2022,escola,80,IN_AGUA_INEXISTENTE,IN,binária (0/1),"infraestrutura básica (água, energia, esgoto, lixo)",224649,80.2,950,92.2,2,0 (853); 1 (23)
2022,2022,escola,81,IN_ENERGIA_REDE_PUBLICA,IN,binária (0/1),"infraestrutura básica (água, energia, esgoto, lixo)",224649,80.2,950,92.2,2,1 (624); 0 (252)
2022,2022,escola,82,IN_ENERGIA_GERADOR,IN,binária (0/1),"infraestrutura básica (água, energia, esgoto, lixo)",224649,0.0,950,0.0,0,
2022,2022,escola,83,IN_ENERGIA_GERADOR_FOSSIL,IN,binária (0/1),"infraestrutura básica (água, energia, esgoto, lixo)",224649,80.2,950,92.2,2,0 (803); 1 (73)
2022,2022,escola,84,IN_ENERGIA_OUTROS,IN,binária (0/1),"infraestrutura básica (água, energia, esgoto, lixo)",224649,0.0,950,0.0,0,
2022,2022,escola,85,IN_ENERGIA_RENOVAVEL,IN,binária (0/1),"infraestrutura básica (água, energia, esgoto, lixo)",224649,80.2,950,92.2,2,0 (869); 1 (7)
2022,2022,escola,86,IN_ENERGIA_INEXISTENTE,IN,binária (0/1),"infraestrutura básica (água, energia, esgoto, lixo)",224649,80.2,950,92.2,2,0 (696); 1 (180)
2022,2022,escola,87,IN_ESGOTO_REDE_PUBLICA,IN,binária (0/1),"infraestrutura básica (água, energia, esgoto, lixo)",224649,80.2,950,92.2,2,0 (706); 1 (170)
2022,2022,escola,88,IN_ESGOTO_FOSSA_SEPTICA,IN,binária (0/1),"infraestrutura básica (água, energia, esgoto, lixo)",224649,80.2,950,92.2,2,0 (552); 1 (324)
2022,2022,escola,89,IN_ESGOTO_FOSSA_COMUM,IN,binária (0/1),"infraestrutura básica (água, energia, esgoto, lixo)",224649,80.2,950,92.2,2,0 (681); 1 (195)
2022,2022,escola,90,IN_ESGOTO_FOSSA,IN,binária (0/1),"infraestrutura básica (água, energia, esgoto, lixo)",224649,80.2,950,92.2,2,1 (519); 0 (357)
2022,2022,escola,91,IN_ESGOTO_INEXISTENTE,IN,binária (0/1),"infraestrutura básica (água, energia, esgoto, lixo)",224649,80.2,950,92.2,2,0 (676); 1 (200)
2022,2022,escola,92,IN_LIXO_SERVICO_COLETA,IN,binária (0/1),"infraestrutura básica (água, energia, esgoto, lixo)",224649,80.2,950,92.2,2,0 (505); 1 (371)
2022,2022,escola,93,IN_LIXO_QUEIMA,IN,binária (0/1),"infraestrutura básica (água, energia, esgoto, lixo)",224649,80.2,950,92.2,2,1 (518); 0 (358)
2022,2022,escola,94,IN_LIXO_ENTERRA,IN,binária (0/1),"infraestrutura básica (água, energia, esgoto, lixo)",224649,80.2,950,92.2,2,0 (780); 1 (96)
2022,2022,escola,95,IN_LIXO_DESTINO_FINAL_PUBLICO,IN,binária (0/1),"infraestrutura básica (água, energia, esgoto, lixo)",224649,80.2,950,92.2,2,0 (873); 1 (3)
2022,2022,escola,96,IN_LIXO_DESCARTA_OUTRA_AREA,IN,binária (0/1),"infraestrutura básica (água, energia, esgoto, lixo)",224649,80.2,950,92.2,2,0 (830); 1 (46)
2022,2022,escola,97,IN_LIXO_JOGA_OUTRA_AREA,IN,binária (0/1),"infraestrutura básica (água, energia, esgoto, lixo)",224649,0.0,950,0.0,0,
2022,2022,escola,98,IN_LIXO_OUTROS,IN,binária (0/1),"infraestrutura básica (água, energia, esgoto, lixo)",224649,0.0,950,0.0,0,
2022,2022,escola,99,IN_LIXO_RECICLA,IN,binária (0/1),"infraestrutura básica (água, energia, esgoto, lixo)",224649,0.0,950,0.0,0,
2022,2022,escola,100,IN_TRATAMENTO_LIXO_SEPARACAO,IN,binária (0/1),"infraestrutura básica (água, energia, esgoto, lixo)",224649,80.2,950,92.2,3,0 (775); 1 (97); 9 (4)
2022,2022,escola,101,IN_TRATAMENTO_LIXO_REUTILIZA,IN,binária (0/1),"infraestrutura básica (água, energia, esgoto, lixo)",224649,80.2,950,92.2,3,0 (865); 1 (7); 9 (4)
2022,2022,escola,102,IN_TRATAMENTO_LIXO_RECICLAGEM,IN,binária (0/1),"infraestrutura básica (água, energia, esgoto, lixo)",224649,80.2,950,92.2,3,0 (862); 1 (10); 9 (4)
2022,2022,escola,103,IN_TRATAMENTO_LIXO_INEXISTENTE,IN,binária (0/1),"infraestrutura básica (água, energia, esgoto, lixo)",224649,80.2,950,92.2,3,1 (763); 0 (109); 9 (4)
2022,2022,escola,104,IN_ALMOXARIFADO,IN,binária (0/1),dependências físicas,224649,80.2,950,92.2,2,0 (704); 1 (172)
2022,2022,escola,105,IN_AREA_VERDE,IN,binária (0/1),dependências físicas,224649,80.2,950,92.2,2,0 (594); 1 (282)
2022,2022,escola,106,IN_AUDITORIO,IN,binária (0/1),dependências físicas,224649,80.2,950,92.2,2,0 (832); 1 (44)
2022,2022,escola,107,IN_BANHEIRO_FORA_PREDIO,IN,binária (0/1),dependências físicas,224649,0.0,950,0.0,0,
2022,2022,escola,108,IN_BANHEIRO_DENTRO_PREDIO,IN,binária (0/1),dependências físicas,224649,0.0,950,0.0,0,
2022,2022,escola,109,IN_BANHEIRO,IN,binária (0/1),dependências físicas,224649,80.2,950,92.2,2,1 (631); 0 (245)
2022,2022,escola,110,IN_BANHEIRO_EI,IN,binária (0/1),dependências físicas,224649,80.2,950,92.2,2,0 (689); 1 (187)
2022,2022,escola,111,IN_BANHEIRO_PNE,IN,binária (0/1),dependências físicas,224649,80.2,950,92.2,2,0 (599); 1 (277)
2022,2022,escola,112,IN_BANHEIRO_FUNCIONARIOS,IN,binária (0/1),dependências físicas,224649,80.2,950,92.2,2,0 (606); 1 (270)
2022,2022,escola,113,IN_BANHEIRO_CHUVEIRO,IN,binária (0/1),dependências físicas,224649,80.2,950,92.2,2,0 (527); 1 (349)
2022,2022,escola,114,IN_BERCARIO,IN,binária (0/1),dependências físicas,224649,0.0,950,0.0,0,
2022,2022,escola,115,IN_BIBLIOTECA,IN,binária (0/1),dependências físicas,224649,80.2,950,92.2,2,0 (651); 1 (225)
2022,2022,escola,116,IN_BIBLIOTECA_SALA_LEITURA,IN,binária (0/1),dependências físicas,224649,80.2,950,92.2,2,0 (617); 1 (259)
2022,2022,escola,117,IN_COZINHA,IN,binária (0/1),dependências físicas,224649,80.2,950,92.2,2,1 (643); 0 (233)
2022,2022,escola,118,IN_DESPENSA,IN,binária (0/1),dependências físicas,224649,80.2,950,92.2,2,1 (455); 0 (421)
2022,2022,escola,119,IN_DORMITORIO_ALUNO,IN,binária (0/1),dependências físicas,224649,80.2,950,92.2,2,0 (857); 1 (19)
2022,2022,escola,120,IN_DORMITORIO_PROFESSOR,IN,binária (0/1),dependências físicas,224649,80.2,950,92.2,2,0 (871); 1 (5)
2022,2022,escola,121,IN_LABORATORIO_CIENCIAS,IN,binária (0/1),dependências físicas,224649,80.2,950,92.2,2,0 (828); 1 (48)
2022,2022,escola,122,IN_LABORATORIO_INFORMATICA,IN,binária (0/1),dependências físicas,224649,80.2,950,92.2,2,0 (742); 1 (134)
2022,2022,escola,123,IN_LABORATORIO_EDUC_PROF,IN,binária (0/1),dependências físicas,224649,80.2,950,92.2,2,0 (873); 1 (3)
2022,2022,escola,124,IN_PATIO_COBERTO,IN,binária (0/1),dependências físicas,224649,80.2,950,92.2,2,0 (537); 1 (339)
2022,2022,escola,125,IN_PATIO_DESCOBERTO,IN,binária (0/1),dependências físicas,224649,80.2,950,92.2,2,0 (737); 1 (139)
2022,2022,escola,126,IN_PARQUE_INFANTIL,IN,binária (0/1),dependências físicas,224649,80.2,950,92.2,2,0 (750); 1 (126)
2022,2022,escola,127,IN_PISCINA,IN,binária (0/1),dependências físicas,224649,80.2,950,92.2,2,0 (865); 1 (11)
2022,2022,escola,128,IN_QUADRA_ESPORTES,IN,binária (0/1),dependências físicas,224649,80.2,950,92.2,2,0 (675); 1 (201)
2022,2022,escola,129,IN_QUADRA_ESPORTES_COBERTA,IN,binária (0/1),dependências físicas,224649,80.2,950,92.2,2,0 (689); 1 (187)
2022,2022,escola,130,IN_QUADRA_ESPORTES_DESCOBERTA,IN,binária (0/1),dependências físicas,224649,80.2,950,92.2,2,0 (851); 1 (25)
2022,2022,escola,131,IN_REFEITORIO,IN,binária (0/1),dependências físicas,224649,80.2,950,92.2,2,0 (534); 1 (342)
2022,2022,escola,132,IN_SALA_ATELIE_ARTES,IN,binária (0/1),dependências físicas,224649,80.2,950,92.2,2,0 (865); 1 (11)
2022,2022,escola,133,IN_SALA_MUSICA_CORAL,IN,binária (0/1),dependências físicas,224649,80.2,950,92.2,2,0 (864); 1 (12)
2022,2022,escola,134,IN_SALA_ESTUDIO_DANCA,IN,binária (0/1),dependências físicas,224649,80.2,950,92.2,2,0 (870); 1 (6)
2022,2022,escola,135,IN_SALA_MULTIUSO,IN,binária (0/1),dependências físicas,224649,80.2,950,92.2,2,0 (850); 1 (26)
2022,2022,escola,136,IN_SALA_OFICINAS_EDUC_PROF,IN,binária (0/1),dependências físicas,224649,80.2,950,92.2,2,0 (874); 1 (2)
2022,2022,escola,137,IN_SALA_DIRETORIA,IN,binária (0/1),dependências físicas,224649,80.2,950,92.2,2,0 (454); 1 (422)
2022,2022,escola,138,IN_SALA_LEITURA,IN,binária (0/1),dependências físicas,224649,80.2,950,92.2,2,0 (719); 1 (157)
2022,2022,escola,139,IN_SALA_PROFESSOR,IN,binária (0/1),dependências físicas,224649,80.2,950,92.2,2,0 (530); 1 (346)
2022,2022,escola,140,IN_SALA_REPOUSO_ALUNO,IN,binária (0/1),dependências físicas,224649,80.2,950,92.2,2,0 (869); 1 (7)
2022,2022,escola,141,IN_SECRETARIA,IN,binária (0/1),dependências físicas,224649,80.2,950,92.2,2,1 (494); 0 (382)
2022,2022,escola,142,IN_SALA_ATENDIMENTO_ESPECIAL,IN,binária (0/1),dependências físicas,224649,80.2,950,92.2,2,0 (683); 1 (193)
2022,2022,escola,143,IN_TERREIRAO,IN,binária (0/1),dependências físicas,224649,80.2,950,92.2,2,0 (580); 1 (296)
2022,2022,escola,144,IN_VIVEIRO,IN,binária (0/1),dependências físicas,224649,80.2,950,92.2,2,0 (870); 1 (6)
2022,2022,escola,145,IN_DEPENDENCIAS_PNE,IN,binária (0/1),acessibilidade,224649,0.0,950,0.0,0,
2022,2022,escola,146,IN_LAVANDERIA,IN,binária (0/1),dependências físicas,224649,0.0,950,0.0,0,
2022,2022,escola,147,IN_DEPENDENCIAS_OUTRAS,IN,binária (0/1),dependências físicas,224649,80.2,950,92.2,2,0 (754); 1 (122)
2022,2022,escola,148,IN_ACESSIBILIDADE_CORRIMAO,IN,binária (0/1),acessibilidade,224649,80.2,950,92.2,2,0 (825); 1 (51)
2022,2022,escola,149,IN_ACESSIBILIDADE_ELEVADOR,IN,binária (0/1),acessibilidade,224649,80.2,950,92.2,2,0 (865); 1 (11)
2022,2022,escola,150,IN_ACESSIBILIDADE_PISOS_TATEIS,IN,binária (0/1),acessibilidade,224649,80.2,950,92.2,2,0 (791); 1 (85)
2022,2022,escola,151,IN_ACESSIBILIDADE_VAO_LIVRE,IN,binária (0/1),acessibilidade,224649,80.2,950,92.2,2,0 (749); 1 (127)
2022,2022,escola,152,IN_ACESSIBILIDADE_RAMPAS,IN,binária (0/1),acessibilidade,224649,80.2,950,92.2,2,0 (546); 1 (330)
2022,2022,escola,153,IN_ACESSIBILIDADE_SINAL_SONORO,IN,binária (0/1),acessibilidade,224649,80.2,950,92.2,2,0 (864); 1 (12)
2022,2022,escola,154,IN_ACESSIBILIDADE_SINAL_TATIL,IN,binária (0/1),acessibilidade,224649,80.2,950,92.2,2,0 (847); 1 (29)
2022,2022,escola,155,IN_ACESSIBILIDADE_SINAL_VISUAL,IN,binária (0/1),acessibilidade,224649,80.2,950,92.2,2,0 (830); 1 (46)
2022,2022,escola,156,IN_ACESSIBILIDADE_INEXISTENTE,IN,binária (0/1),acessibilidade,224649,80.2,950,92.2,2,1 (505); 0 (371)
2022,2022,escola,157,QT_SALAS_EXISTENTES,QT,contagem,dependências físicas,224649,0.0,950,0.0,0,
2022,2022,escola,158,QT_SALAS_UTILIZADAS_DENTRO,QT,contagem,dependências físicas,224649,80.2,950,92.2,36,0 (222); 2 (102); 1 (98); 4 (74)
2022,2022,escola,159,QT_SALAS_UTILIZADAS_FORA,QT,contagem,dependências físicas,224649,80.2,950,92.2,12,0 (564); 1 (166); 2 (49); 4 (26)
2022,2022,escola,160,QT_SALAS_UTILIZADAS,QT,contagem,dependências físicas,224649,80.2,950,92.2,37,1 (230); 2 (107); 4 (92); 6 (55)
2022,2022,escola,161,QT_SALAS_UTILIZA_CLIMATIZADAS,QT,contagem,dependências físicas,224649,80.2,950,92.2,37,0 (486); 1 (45); 10 (40); 4 (31)
2022,2022,escola,162,QT_SALAS_UTILIZADAS_ACESSIVEIS,QT,contagem,dependências físicas,224649,80.2,950,92.2,31,0 (725); 10 (18); 1 (17); 8 (13)
2022,2022,escola,163,IN_EQUIP_PARABOLICA,IN,binária (0/1),equipamentos e tecnologia,224649,80.2,950,92.2,2,0 (839); 1 (37)
2022,2022,escola,164,IN_COMPUTADOR,IN,binária (0/1),equipamentos e tecnologia,224649,80.2,950,92.2,2,1 (454); 0 (422)
2022,2022,escola,165,IN_EQUIP_COPIADORA,IN,binária (0/1),equipamentos e tecnologia,224649,80.2,950,92.2,2,0 (669); 1 (207)
2022,2022,escola,166,IN_EQUIP_IMPRESSORA,IN,binária (0/1),equipamentos e tecnologia,224649,80.2,950,92.2,2,0 (508); 1 (368)
2022,2022,escola,167,IN_EQUIP_IMPRESSORA_MULT,IN,binária (0/1),equipamentos e tecnologia,224649,80.2,950,92.2,2,0 (472); 1 (404)
2022,2022,escola,168,IN_EQUIP_SCANNER,IN,binária (0/1),equipamentos e tecnologia,224649,80.2,950,92.2,2,0 (714); 1 (162)
2022,2022,escola,169,IN_EQUIP_NENHUM,IN,binária (0/1),equipamentos e tecnologia,224649,80.2,950,92.2,2,0 (539); 1 (337)
2022,2022,escola,170,IN_EQUIP_DVD,IN,binária (0/1),equipamentos e tecnologia,224649,80.2,950,92.2,2,0 (671); 1 (205)
2022,2022,escola,171,QT_EQUIP_DVD,QT,contagem,equipamentos e tecnologia,224649,80.2,950,92.2,8,0 (671); 1 (140); 2 (36); 3 (12)
2022,2022,escola,172,IN_EQUIP_SOM,IN,binária (0/1),equipamentos e tecnologia,224649,80.2,950,92.2,2,0 (593); 1 (283)
2022,2022,escola,173,QT_EQUIP_SOM,QT,contagem,equipamentos e tecnologia,224649,80.2,950,92.2,15,0 (593); 1 (172); 2 (59); 4 (16)
2022,2022,escola,174,IN_EQUIP_TV,IN,binária (0/1),equipamentos e tecnologia,224649,80.2,950,92.2,2,0 (486); 1 (390)
2022,2022,escola,175,QT_EQUIP_TV,QT,contagem,equipamentos e tecnologia,224649,80.2,950,92.2,16,0 (486); 1 (218); 2 (63); 3 (33)
2022,2022,escola,176,IN_EQUIP_LOUSA_DIGITAL,IN,binária (0/1),equipamentos e tecnologia,224649,80.2,950,92.2,2,0 (764); 1 (112)
2022,2022,escola,177,QT_EQUIP_LOUSA_DIGITAL,QT,contagem,equipamentos e tecnologia,224649,80.2,950,92.2,11,0 (764); 1 (46); 2 (21); 3 (20)
2022,2022,escola,178,IN_EQUIP_MULTIMIDIA,IN,binária (0/1),equipamentos e tecnologia,224649,80.2,950,92.2,2,0 (569); 1 (307)
2022,2022,escola,179,QT_EQUIP_MULTIMIDIA,QT,contagem,equipamentos e tecnologia,224649,80.2,950,92.2,17,0 (569); 1 (186); 2 (73); 3 (19)
2022,2022,escola,180,IN_EQUIP_VIDEOCASSETE,IN,binária (0/1),equipamentos e tecnologia,224649,0.0,950,0.0,0,
2022,2022,escola,181,IN_EQUIP_RETROPROJETOR,IN,binária (0/1),equipamentos e tecnologia,224649,0.0,950,0.0,0,
2022,2022,escola,182,IN_EQUIP_FAX,IN,binária (0/1),equipamentos e tecnologia,224649,0.0,950,0.0,0,
2022,2022,escola,183,IN_EQUIP_FOTO,IN,binária (0/1),equipamentos e tecnologia,224649,0.0,950,0.0,0,
2022,2022,escola,184,QT_EQUIP_VIDEOCASSETE,QT,contagem,equipamentos e tecnologia,224649,0.0,950,0.0,0,
2022,2022,escola,185,QT_EQUIP_PARABOLICA,QT,contagem,equipamentos e tecnologia,224649,0.0,950,0.0,0,
2022,2022,escola,186,QT_EQUIP_COPIADORA,QT,contagem,equipamentos e tecnologia,224649,0.0,950,0.0,0,
2022,2022,escola,187,QT_EQUIP_RETROPROJETOR,QT,contagem,equipamentos e tecnologia,224649,0.0,950,0.0,0,
2022,2022,escola,188,QT_EQUIP_IMPRESSORA,QT,contagem,equipamentos e tecnologia,224649,0.0,950,0.0,0,
2022,2022,escola,189,QT_EQUIP_IMPRESSORA_MULT,QT,contagem,equipamentos e tecnologia,224649,0.0,950,0.0,0,
2022,2022,escola,190,QT_EQUIP_FAX,QT,contagem,equipamentos e tecnologia,224649,0.0,950,0.0,0,
2022,2022,escola,191,QT_EQUIP_FOTO,QT,contagem,equipamentos e tecnologia,224649,0.0,950,0.0,0,
2022,2022,escola,192,QT_COMP_ALUNO,QT,contagem,equipamentos e tecnologia,224649,0.0,950,0.0,0,
2022,2022,escola,193,IN_DESKTOP_ALUNO,IN,binária (0/1),equipamentos e tecnologia,224649,80.2,950,92.2,2,0 (660); 1 (216)
2022,2022,escola,194,QT_DESKTOP_ALUNO,QT,contagem,equipamentos e tecnologia,224649,80.2,950,92.2,36,0 (660); 1 (48); 2 (25); 10 (20)
2022,2022,escola,195,IN_COMP_PORTATIL_ALUNO,IN,binária (0/1),equipamentos e tecnologia,224649,80.2,950,92.2,2,0 (736); 1 (140)
2022,2022,escola,196,QT_COMP_PORTATIL_ALUNO,QT,contagem,equipamentos e tecnologia,224649,80.2,950,92.2,25,0 (736); 1 (55); 2 (37); 3 (11)
2022,2022,escola,197,IN_TABLET_ALUNO,IN,binária (0/1),equipamentos e tecnologia,224649,80.2,950,92.2,2,0 (789); 1 (87)
2022,2022,escola,198,QT_TABLET_ALUNO,QT,contagem,equipamentos e tecnologia,224649,80.2,950,92.2,48,0 (789); 1 (10); 60 (6); 25 (4)
2022,2022,escola,199,QT_COMPUTADOR,QT,contagem,equipamentos e tecnologia,224649,0.0,950,0.0,0,
2022,2022,escola,200,QT_COMP_ADMINISTRATIVO,QT,contagem,equipamentos e tecnologia,224649,0.0,950,0.0,0,
2022,2022,escola,201,IN_INTERNET,IN,binária (0/1),equipamentos e tecnologia,224649,80.2,950,92.2,2,1 (483); 0 (393)
2022,2022,escola,202,IN_INTERNET_ALUNOS,IN,binária (0/1),equipamentos e tecnologia,224649,80.2,950,92.2,2,0 (677); 1 (199)
2022,2022,escola,203,IN_INTERNET_ADMINISTRATIVO,IN,binária (0/1),equipamentos e tecnologia,224649,80.2,950,92.2,2,1 (447); 0 (429)
2022,2022,escola,204,IN_INTERNET_APRENDIZAGEM,IN,binária (0/1),equipamentos e tecnologia,224649,80.2,950,92.2,2,0 (635); 1 (241)
2022,2022,escola,205,IN_INTERNET_COMUNIDADE,IN,binária (0/1),equipamentos e tecnologia,224649,80.2,950,92.2,2,0 (786); 1 (90)
2022,2022,escola,206,IN_ACESSO_INTERNET_COMPUTADOR,IN,binária (0/1),equipamentos e tecnologia,224649,80.2,950,92.2,3,0 (758); 1 (116); 9 (2)
2022,2022,escola,207,IN_ACES_INTERNET_DISP_PESSOAIS,IN,binária (0/1),equipamentos e tecnologia,224649,80.2,950,92.2,3,0 (755); 1 (119); 9 (2)
2022,2022,escola,208,TP_REDE_LOCAL,TP,categórica codificada,equipamentos e tecnologia,224649,80.2,950,92.2,5,9 (423); 3 (145); 0 (112); 1 (101)
2022,2022,escola,209,IN_BANDA_LARGA,IN,binária (0/1),equipamentos e tecnologia,224649,70.1,950,50.8,2,1 (337); 0 (146)
2022,2022,escola,210,QT_FUNCIONARIOS,QT,contagem,profissionais não docentes,224649,0.0,950,0.0,0,
2022,2022,escola,211,IN_PROF_ADMINISTRATIVOS,IN,binária (0/1),profissionais não docentes,224649,80.2,950,92.2,2,0 (456); 1 (420)
2022,2022,escola,212,QT_PROF_ADMINISTRATIVOS,QT,contagem,profissionais não docentes,224649,80.2,950,92.2,17,0 (456); 1 (197); 2 (99); 3 (29)
2022,2022,escola,213,IN_PROF_SERVICOS_GERAIS,IN,binária (0/1),profissionais não docentes,224649,80.2,950,92.2,2,1 (610); 0 (266)
2022,2022,escola,214,QT_PROF_SERVICOS_GERAIS,QT,contagem,profissionais não docentes,224649,80.2,950,92.2,24,0 (266); 1 (167); 2 (99); 4 (75)
2022,2022,escola,215,IN_PROF_BIBLIOTECARIO,IN,binária (0/1),profissionais não docentes,224649,80.2,950,92.2,2,0 (731); 1 (145)
2022,2022,escola,216,QT_PROF_BIBLIOTECARIO,QT,contagem,profissionais não docentes,224649,80.2,950,92.2,8,0 (731); 1 (50); 2 (41); 3 (18)
2022,2022,escola,217,IN_PROF_SAUDE,IN,binária (0/1),profissionais não docentes,224649,80.2,950,92.2,2,0 (856); 1 (20)
2022,2022,escola,218,QT_PROF_SAUDE,QT,contagem,profissionais não docentes,224649,80.2,950,92.2,11,0 (856); 1 (8); 18 (2); 2 (2)
2022,2022,escola,219,IN_PROF_COORDENADOR,IN,binária (0/1),profissionais não docentes,224649,80.2,950,92.2,2,0 (620); 1 (256)
2022,2022,escola,220,QT_PROF_COORDENADOR,QT,contagem,profissionais não docentes,224649,80.2,950,92.2,15,0 (620); 1 (150); 2 (42); 3 (12)
2022,2022,escola,221,IN_PROF_FONAUDIOLOGO,IN,binária (0/1),profissionais não docentes,224649,80.2,950,92.2,2,0 (875); 1 (1)
2022,2022,escola,222,QT_PROF_FONAUDIOLOGO,QT,contagem,profissionais não docentes,224649,80.2,950,92.2,2,0 (875); 1 (1)
2022,2022,escola,223,IN_PROF_NUTRICIONISTA,IN,binária (0/1),profissionais não docentes,224649,80.2,950,92.2,2,0 (789); 1 (87)
2022,2022,escola,224,QT_PROF_NUTRICIONISTA,QT,contagem,profissionais não docentes,224649,80.2,950,92.2,5,0 (789); 1 (84); 2 (1); 88888 (1)
2022,2022,escola,225,IN_PROF_PSICOLOGO,IN,binária (0/1),profissionais não docentes,224649,80.2,950,92.2,2,0 (841); 1 (35)
2022,2022,escola,226,QT_PROF_PSICOLOGO,QT,contagem,profissionais não docentes,224649,80.2,950,92.2,3,0 (841); 1 (31); 2 (4)
2022,2022,escola,227,IN_PROF_ALIMENTACAO,IN,binária (0/1),profissionais não docentes,224649,80.2,950,92.2,2,1 (573); 0 (303)
2022,2022,escola,228,QT_PROF_ALIMENTACAO,QT,contagem,profissionais não docentes,224649,80.2,950,92.2,13,0 (303); 1 (245); 2 (120); 4 (78)
2022,2022,escola,229,IN_PROF_PEDAGOGIA,IN,binária (0/1),profissionais não docentes,224649,80.2,950,92.2,2,0 (476); 1 (400)
2022,2022,escola,230,QT_PROF_PEDAGOGIA,QT,contagem,profissionais não docentes,224649,80.2,950,92.2,22,0 (476); 1 (191); 2 (82); 3 (36)
2022,2022,escola,231,IN_PROF_SECRETARIO,IN,binária (0/1),profissionais não docentes,224649,80.2,950,92.2,2,0 (463); 1 (413)
2022,2022,escola,232,QT_PROF_SECRETARIO,QT,contagem,profissionais não docentes,224649,80.2,950,92.2,7,0 (463); 1 (397); 2 (12); 11 (1)
2022,2022,escola,233,IN_PROF_SEGURANCA,IN,binária (0/1),profissionais não docentes,224649,80.2,950,92.2,2,0 (641); 1 (235)
2022,2022,escola,234,QT_PROF_SEGURANCA,QT,contagem,profissionais não docentes,224649,80.2,950,92.2,8,0 (641); 3 (157); 2 (35); 1 (25)
2022,2022,escola,235,IN_PROF_MONITORES,IN,binária (0/1),profissionais não docentes,224649,80.2,950,92.2,2,0 (785); 1 (91)
2022,2022,escola,236,QT_PROF_MONITORES,QT,contagem,profissionais não docentes,224649,80.2,950,92.2,11,0 (785); 2 (39); 1 (23); 3 (8)
2022,2022,escola,237,IN_PROF_GESTAO,IN,binária (0/1),profissionais não docentes,224649,80.2,950,92.2,2,0 (612); 1 (264)
2022,2022,escola,238,QT_PROF_GESTAO,QT,contagem,profissionais não docentes,224649,80.2,950,92.2,7,0 (612); 1 (215); 2 (41); 3 (5)
2022,2022,escola,239,IN_PROF_ASSIST_SOCIAL,IN,binária (0/1),profissionais não docentes,224649,80.2,950,92.2,2,0 (832); 1 (44)
2022,2022,escola,240,QT_PROF_ASSIST_SOCIAL,QT,contagem,profissionais não docentes,224649,80.2,950,92.2,5,0 (832); 1 (21); 2 (18); 3 (3)
2022,2022,escola,241,IN_ALIMENTACAO,IN,binária (0/1),alimentação escolar,224649,80.2,950,92.2,2,1 (839); 0 (37)
2022,2022,escola,242,IN_SERIE_ANO,IN,binária (0/1),organização do ensino e gestão,224649,0.0,950,0.0,0,
2022,2022,escola,243,IN_PERIODOS_SEMESTRAIS,IN,binária (0/1),organização do ensino e gestão,224649,0.0,950,0.0,0,
2022,2022,escola,244,IN_FUNDAMENTAL_CICLOS,IN,binária (0/1),organização do ensino e gestão,224649,0.0,950,0.0,0,
2022,2022,escola,245,IN_GRUPOS_NAO_SERIADOS,IN,binária (0/1),organização do ensino e gestão,224649,0.0,950,0.0,0,
2022,2022,escola,246,IN_MODULOS,IN,binária (0/1),organização do ensino e gestão,224649,0.0,950,0.0,0,
2022,2022,escola,247,IN_FORMACAO_ALTERNANCIA,IN,binária (0/1),organização do ensino e gestão,224649,0.0,950,0.0,0,
2022,2022,escola,248,IN_MATERIAL_PED_MULTIMIDIA,IN,binária (0/1),materiais pedagógicos,224649,80.2,950,92.2,2,0 (756); 1 (120)
2022,2022,escola,249,IN_MATERIAL_PED_INFANTIL,IN,binária (0/1),materiais pedagógicos,224649,80.2,950,92.2,2,0 (600); 1 (276)
2022,2022,escola,250,IN_MATERIAL_PED_CIENTIFICO,IN,binária (0/1),materiais pedagógicos,224649,80.2,950,92.2,2,0 (813); 1 (63)
2022,2022,escola,251,IN_MATERIAL_PED_DIFUSAO,IN,binária (0/1),materiais pedagógicos,224649,80.2,950,92.2,2,0 (690); 1 (186)
2022,2022,escola,252,IN_MATERIAL_PED_MUSICAL,IN,binária (0/1),materiais pedagógicos,224649,80.2,950,92.2,2,0 (794); 1 (82)
2022,2022,escola,253,IN_MATERIAL_PED_JOGOS,IN,binária (0/1),materiais pedagógicos,224649,80.2,950,92.2,2,1 (468); 0 (408)
2022,2022,escola,254,IN_MATERIAL_PED_ARTISTICAS,IN,binária (0/1),materiais pedagógicos,224649,80.2,950,92.2,2,0 (762); 1 (114)
2022,2022,escola,255,IN_MATERIAL_PED_PROFISSIONAL,IN,binária (0/1),materiais pedagógicos,224649,80.2,950,92.2,2,0 (866); 1 (10)
2022,2022,escola,256,IN_MATERIAL_PED_DESPORTIVA,IN,binária (0/1),materiais pedagógicos,224649,80.2,950,92.2,2,0 (548); 1 (328)
2022,2022,escola,257,IN_MATERIAL_PED_INDIGENA,IN,binária (0/1),materiais pedagógicos,224649,80.2,950,92.2,2,0 (851); 1 (25)
2022,2022,escola,258,IN_MATERIAL_PED_ETNICO,IN,binária (0/1),materiais pedagógicos,224649,80.2,950,92.2,2,0 (851); 1 (25)
2022,2022,escola,259,IN_MATERIAL_PED_CAMPO,IN,binária (0/1),materiais pedagógicos,224649,80.2,950,92.2,2,0 (855); 1 (21)
2022,2022,escola,260,IN_MATERIAL_PED_NENHUM,IN,binária (0/1),materiais pedagógicos,224649,80.2,950,92.2,2,0 (552); 1 (324)
2022,2022,escola,261,IN_MATERIAL_ESP_QUILOMBOLA,IN,binária (0/1),materiais pedagógicos,224649,0.0,950,0.0,0,
2022,2022,escola,262,IN_MATERIAL_ESP_INDIGENA,IN,binária (0/1),materiais pedagógicos,224649,0.0,950,0.0,0,
2022,2022,escola,263,IN_MATERIAL_ESP_NAO_UTILIZA,IN,binária (0/1),materiais pedagógicos,224649,0.0,950,0.0,0,
2022,2022,escola,264,IN_EDUCACAO_INDIGENA,IN,binária (0/1),educação indígena,224649,80.2,950,92.2,2,0 (461); 1 (415)
2022,2022,escola,265,TP_INDIGENA_LINGUA,TP,categórica codificada,educação indígena,224649,1.6,950,43.7,3,3 (297); 2 (117); 1 (1)
2022,2022,escola,266,CO_LINGUA_INDIGENA_1,CO,código,educação indígena,224649,1.2,950,31.4,9,100 (216); 179 (27); 191 (19); 45 (16)
2022,2022,escola,267,CO_LINGUA_INDIGENA_2,CO,código,educação indígena,224649,0.2,950,5.6,4,179 (41); 153 (7); 100 (4); 999 (1)
2022,2022,escola,268,CO_LINGUA_INDIGENA_3,CO,código,educação indígena,224649,0.1,950,0.5,2,179 (4); 999 (1)
2022,2022,escola,269,IN_BRASIL_ALFABETIZADO,IN,binária (0/1),organização do ensino e gestão,224649,0.0,950,0.0,0,
2022,2022,escola,270,IN_FINAL_SEMANA,IN,binária (0/1),organização do ensino e gestão,224649,0.0,950,0.0,0,
2022,2022,escola,271,IN_EXAME_SELECAO,IN,binária (0/1),organização do ensino e gestão,224649,80.2,950,92.2,3,0 (862); 1 (11); 9 (3)
2022,2022,escola,272,IN_RESERVA_PPI,IN,binária (0/1),organização do ensino e gestão,224649,2.9,950,1.2,2,1 (7); 0 (4)
2022,2022,escola,273,IN_RESERVA_RENDA,IN,binária (0/1),organização do ensino e gestão,224649,2.9,950,1.2,2,1 (6); 0 (5)
2022,2022,escola,274,IN_RESERVA_PUBLICA,IN,binária (0/1),organização do ensino e gestão,224649,2.9,950,1.2,2,1 (6); 0 (5)
2022,2022,escola,275,IN_RESERVA_PCD,IN,binária (0/1),organização do ensino e gestão,224649,2.9,950,1.2,2,1 (7); 0 (4)
2022,2022,escola,276,IN_RESERVA_OUTROS,IN,binária (0/1),organização do ensino e gestão,224649,2.9,950,1.2,2,0 (10); 1 (1)
2022,2022,escola,277,IN_RESERVA_NENHUMA,IN,binária (0/1),organização do ensino e gestão,224649,2.9,950,1.2,2,0 (9); 1 (2)
2022,2022,escola,278,IN_REDES_SOCIAIS,IN,binária (0/1),equipamentos e tecnologia,224649,80.2,950,92.2,2,0 (712); 1 (164)
2022,2022,escola,279,IN_ESPACO_ATIVIDADE,IN,binária (0/1),"oferta (etapas, modalidades, turnos)",224649,80.2,950,92.2,3,1 (520); 0 (289); 9 (67)
2022,2022,escola,280,IN_ESPACO_EQUIPAMENTO,IN,binária (0/1),"oferta (etapas, modalidades, turnos)",224649,80.2,950,92.2,3,1 (493); 0 (312); 9 (71)
2022,2022,escola,281,IN_ORGAO_ASS_PAIS,IN,binária (0/1),organização do ensino e gestão,224649,80.2,950,92.2,2,0 (859); 1 (17)
2022,2022,escola,282,IN_ORGAO_ASS_PAIS_MESTRES,IN,binária (0/1),organização do ensino e gestão,224649,80.2,950,92.2,2,0 (515); 1 (361)
2022,2022,escola,283,IN_ORGAO_CONSELHO_ESCOLAR,IN,binária (0/1),organização do ensino e gestão,224649,80.2,950,92.2,2,0 (627); 1 (249)
2022,2022,escola,284,IN_ORGAO_GREMIO_ESTUDANTIL,IN,binária (0/1),organização do ensino e gestão,224649,80.2,950,92.2,2,0 (859); 1 (17)
2022,2022,escola,285,IN_ORGAO_OUTROS,IN,binária (0/1),organização do ensino e gestão,224649,80.2,950,92.2,2,0 (863); 1 (13)
2022,2022,escola,286,IN_ORGAO_NENHUM,IN,binária (0/1),organização do ensino e gestão,224649,80.2,950,92.2,2,1 (486); 0 (390)
2022,2022,escola,287,TP_PROPOSTA_PEDAGOGICA,TP,categórica codificada,organização do ensino e gestão,224649,80.2,950,92.2,4,0 (332); 2 (262); 1 (226); 9 (56)
2022,2022,escola,288,TP_AEE,TP,categórica codificada,organização do ensino e gestão,224649,80.2,950,92.2,3,0 (734); 1 (136); 2 (6)
2022,2022,escola,289,TP_ATIVIDADE_COMPLEMENTAR,TP,categórica codificada,organização do ensino e gestão,224649,80.2,950,92.2,2,0 (810); 1 (66)
2022,2022,escola,290,IN_ESCOLARIZACAO,IN,binária (0/1),"oferta (etapas, modalidades, turnos)",224649,80.2,950,92.2,2,1 (870); 0 (6)
2022,2022,escola,291,IN_MEDIACAO_PRESENCIAL,IN,binária (0/1),"oferta (etapas, modalidades, turnos)",224649,80.2,950,92.2,1,1 (876)
2022,2022,escola,292,IN_MEDIACAO_SEMIPRESENCIAL,IN,binária (0/1),"oferta (etapas, modalidades, turnos)",224649,80.2,950,92.2,2,0 (875); 1 (1)
2022,2022,escola,293,IN_MEDIACAO_EAD,IN,binária (0/1),"oferta (etapas, modalidades, turnos)",224649,80.2,950,92.2,2,0 (874); 1 (2)
2022,2022,escola,294,IN_REGULAR,IN,binária (0/1),"oferta (etapas, modalidades, turnos)",224649,80.2,950,92.2,2,1 (863); 0 (13)
2022,2022,escola,295,IN_DIURNO,IN,binária (0/1),"oferta (etapas, modalidades, turnos)",224649,79.4,950,91.6,2,1 (868); 0 (2)
2022,2022,escola,296,IN_NOTURNO,IN,binária (0/1),"oferta (etapas, modalidades, turnos)",224649,79.4,950,91.6,2,0 (752); 1 (118)
2022,2022,escola,297,IN_EAD,IN,binária (0/1),"oferta (etapas, modalidades, turnos)",224649,79.4,950,91.6,2,0 (867); 1 (3)
2022,2022,escola,298,IN_BAS,IN,binária (0/1),"oferta (etapas, modalidades, turnos)",224649,79.4,950,91.6,1,1 (870)
2022,2022,escola,299,IN_INF,IN,binária (0/1),"oferta (etapas, modalidades, turnos)",224649,79.4,950,91.6,2,0 (442); 1 (428)
2022,2022,escola,300,IN_INF_CRE,IN,binária (0/1),"oferta (etapas, modalidades, turnos)",224649,79.4,950,91.6,2,0 (661); 1 (209)
2022,2022,escola,301,IN_INF_PRE,IN,binária (0/1),"oferta (etapas, modalidades, turnos)",224649,79.4,950,91.6,2,0 (493); 1 (377)
2022,2022,escola,302,IN_FUND,IN,binária (0/1),"oferta (etapas, modalidades, turnos)",224649,79.4,950,91.6,2,1 (658); 0 (212)
2022,2022,escola,303,IN_FUND_AI,IN,binária (0/1),"oferta (etapas, modalidades, turnos)",224649,79.4,950,91.6,2,1 (539); 0 (331)
2022,2022,escola,304,IN_FUND_AF,IN,binária (0/1),"oferta (etapas, modalidades, turnos)",224649,79.4,950,91.6,2,0 (622); 1 (248)
2022,2022,escola,305,IN_MED,IN,binária (0/1),"oferta (etapas, modalidades, turnos)",224649,79.4,950,91.6,2,0 (697); 1 (173)
2022,2022,escola,306,IN_PROF,IN,binária (0/1),"oferta (etapas, modalidades, turnos)",224649,79.4,950,91.6,2,0 (854); 1 (16)
2022,2022,escola,307,IN_PROF_TEC,IN,binária (0/1),"oferta (etapas, modalidades, turnos)",224649,79.4,950,91.6,2,0 (854); 1 (16)
2022,2022,escola,308,IN_EJA,IN,binária (0/1),"oferta (etapas, modalidades, turnos)",224649,79.4,950,91.6,2,0 (763); 1 (107)
2022,2022,escola,309,IN_EJA_FUND,IN,binária (0/1),"oferta (etapas, modalidades, turnos)",224649,79.4,950,91.6,2,0 (805); 1 (65)
2022,2022,escola,310,IN_EJA_MED,IN,binária (0/1),"oferta (etapas, modalidades, turnos)",224649,79.4,950,91.6,2,0 (787); 1 (83)
2022,2022,escola,311,IN_ESP,IN,binária (0/1),"oferta (etapas, modalidades, turnos)",224649,79.4,950,91.6,2,1 (480); 0 (390)
2022,2022,escola,312,IN_ESP_CC,IN,binária (0/1),"oferta (etapas, modalidades, turnos)",224649,79.4,950,91.6,2,1 (480); 0 (390)
2022,2022,escola,313,IN_ESP_CE,IN,binária (0/1),"oferta (etapas, modalidades, turnos)",224649,79.4,950,91.6,1,0 (870)
2022,2022,escola,314,QT_MAT_BAS,QT,contagem,matrículas,224649,79.4,950,91.6,385,28 (21); 12 (15); 29 (14); 18 (13)
2022,2022,escola,315,QT_MAT_INF,QT,contagem,matrículas,224649,79.4,950,91.6,149,0 (442); 28 (17); 4 (16); 9 (15)
2022,2022,escola,316,QT_MAT_INF_CRE,QT,contagem,matrículas,224649,79.4,950,91.6,91,0 (661); 28 (15); 7 (9); 11 (8)
2022,2022,escola,317,QT_MAT_INF_PRE,QT,contagem,matrículas,224649,79.4,950,91.6,121,0 (493); 9 (18); 4 (16); 5 (14)
2022,2022,escola,318,QT_MAT_FUND,QT,contagem,matrículas,224649,79.4,950,91.6,292,0 (212); 17 (15); 12 (14); 10 (13)
2022,2022,escola,319,QT_MAT_FUND_AI,QT,contagem,matrículas,224649,79.4,950,91.6,205,0 (331); 17 (15); 10 (14); 12 (14)
2022,2022,escola,320,QT_MAT_FUND_AF,QT,contagem,matrículas,224649,79.4,950,91.6,173,0 (622); 61 (5); 21 (4); 22 (4)
2022,2022,escola,321,QT_MAT_MED,QT,contagem,matrículas,224649,79.4,950,91.6,124,0 (697); 29 (5); 22 (4); 39 (4)
2022,2022,escola,322,QT_MAT_PROF,QT,contagem,matrículas,224649,79.4,950,91.6,16,0 (854); 21 (2); 121 (1); 141 (1)
2022,2022,escola,323,QT_MAT_PROF_TEC,QT,contagem,matrículas,224649,79.4,950,91.6,16,0 (854); 21 (2); 121 (1); 141 (1)
2022,2022,escola,324,QT_MAT_EJA,QT,contagem,matrículas,224649,79.4,950,91.6,70,0 (763); 10 (4); 32 (4); 39 (4)
2022,2022,escola,325,QT_MAT_EJA_FUND,QT,contagem,matrículas,224649,79.4,950,91.6,45,0 (805); 17 (4); 19 (4); 13 (3)
2022,2022,escola,326,QT_MAT_EJA_MED,QT,contagem,matrículas,224649,79.4,950,91.6,59,0 (787); 10 (5); 9 (4); 16 (3)
2022,2022,escola,327,QT_MAT_ESP,QT,contagem,matrículas,224649,79.4,950,91.6,50,0 (390); 1 (126); 2 (69); 3 (35)
2022,2022,escola,328,QT_MAT_ESP_CC,QT,contagem,matrículas,224649,79.4,950,91.6,50,0 (390); 1 (126); 2 (69); 3 (35)
2022,2022,escola,329,QT_MAT_ESP_CE,QT,contagem,matrículas,224649,79.4,950,91.6,1,0 (870)
2022,2022,escola,330,QT_MAT_BAS_FEM,QT,contagem,matrículas,224649,79.4,950,91.6,285,12 (30); 11 (27); 8 (26); 7 (22)
2022,2022,escola,331,QT_MAT_BAS_MASC,QT,contagem,matrículas,224649,79.4,950,91.6,280,5 (24); 13 (23); 10 (21); 11 (21)
2022,2022,escola,332,QT_MAT_BAS_ND,QT,contagem,matrículas,224649,79.4,950,91.6,184,0 (314); 1 (59); 2 (43); 4 (26)
2022,2022,escola,333,QT_MAT_BAS_BRANCA,QT,contagem,matrículas,224649,79.4,950,91.6,130,0 (403); 1 (56); 2 (41); 5 (17)
2022,2022,escola,334,QT_MAT_BAS_PRETA,QT,contagem,matrículas,224649,79.4,950,91.6,40,0 (517); 1 (74); 2 (42); 3 (32)
2022,2022,escola,335,QT_MAT_BAS_PARDA,QT,contagem,matrículas,224649,79.4,950,91.6,264,0 (288); 1 (42); 2 (30); 4 (20)
2022,2022,escola,336,QT_MAT_BAS_AMARELA,QT,contagem,matrículas,224649,79.4,950,91.6,12,0 (709); 1 (94); 2 (31); 3 (18)
2022,2022,escola,337,QT_MAT_BAS_INDIGENA,QT,contagem,matrículas,224649,79.4,950,91.6,151,0 (126); 1 (60); 2 (38); 5 (30)
2022,2022,escola,338,QT_MAT_BAS_0_3,QT,contagem,matrículas,224649,79.4,950,91.6,87,0 (647); 1 (15); 24 (9); 7 (9)
2022,2022,escola,339,QT_MAT_BAS_4_5,QT,contagem,matrículas,224649,79.4,950,91.6,123,0 (409); 1 (43); 2 (27); 3 (21)
2022,2022,escola,340,QT_MAT_BAS_6_10,QT,contagem,matrículas,224649,79.4,950,91.6,197,0 (177); 1 (47); 2 (36); 4 (23)
2022,2022,escola,341,QT_MAT_BAS_11_14,QT,contagem,matrículas,224649,79.4,950,91.6,183,0 (286); 1 (71); 2 (51); 3 (43)
2022,2022,escola,342,QT_MAT_BAS_15_17,QT,contagem,matrículas,224649,79.4,950,91.6,151,0 (543); 1 (36); 2 (12); 3 (10)
2022,2022,escola,343,QT_MAT_BAS_18_MAIS,QT,contagem,matrículas,224649,79.4,950,91.6,107,0 (592); 1 (38); 2 (15); 3 (9)
2022,2022,escola,344,QT_MAT_BAS_D,QT,contagem,matrículas,224649,79.4,950,91.6,374,28 (21); 12 (15); 29 (15); 18 (13)
2022,2022,escola,345,QT_MAT_BAS_N,QT,contagem,matrículas,224649,79.4,950,91.6,84,0 (752); 39 (4); 55 (4); 11 (3)
2022,2022,escola,346,QT_MAT_BAS_EAD,QT,contagem,matrículas,224649,79.4,950,91.6,4,0 (867); 126 (1); 19 (1); 277 (1)
2022,2022,escola,347,QT_MAT_INF_INT,QT,contagem,matrículas,224649,79.4,950,91.6,55,0 (777); 28 (13); 26 (6); 27 (6)
2022,2022,escola,348,QT_MAT_INF_CRE_INT,QT,contagem,matrículas,224649,79.4,950,91.6,42,0 (799); 28 (12); 27 (6); 29 (6)
2022,2022,escola,349,QT_MAT_INF_PRE_INT,QT,contagem,matrículas,224649,79.4,950,91.6,21,0 (840); 1 (4); 2 (4); 3 (3)
2022,2022,escola,350,QT_MAT_FUND_INT,QT,contagem,matrículas,224649,79.4,950,91.6,50,0 (737); 1 (18); 2 (14); 3 (9)
2022,2022,escola,351,QT_MAT_FUND_AI_INT,QT,contagem,matrículas,224649,79.4,950,91.6,42,0 (786); 1 (10); 2 (10); 24 (4)
2022,2022,escola,352,QT_MAT_FUND_AF_INT,QT,contagem,matrículas,224649,79.4,950,91.6,23,0 (811); 1 (14); 3 (6); 2 (5)
2022,2022,escola,353,QT_MAT_MED_INT,QT,contagem,matrículas,224649,79.4,950,91.6,22,0 (834); 1 (6); 2 (4); 6 (4)
2022,2022,escola,354,QT_DOC_BAS,QT,contagem,docentes,224649,79.3,950,91.6,58,1 (197); 2 (97); 3 (45); 8 (37)
2022,2022,escola,355,QT_DOC_INF,QT,contagem,docentes,224649,79.3,950,91.6,23,0 (523); 1 (112); 2 (69); 3 (31)
2022,2022,escola,356,QT_DOC_INF_CRE,QT,contagem,docentes,224649,79.3,950,91.6,14,0 (720); 1 (67); 4 (16); 3 (15)
2022,2022,escola,357,QT_DOC_INF_PRE,QT,contagem,docentes,224649,79.3,950,91.6,21,0 (574); 1 (96); 2 (76); 3 (33)
2022,2022,escola,358,QT_DOC_FUND,QT,contagem,docentes,224649,79.3,950,91.6,48,0 (212); 1 (145); 2 (75); 8 (37)
2022,2022,escola,359,QT_DOC_FUND_AI,QT,contagem,docentes,224649,79.3,950,91.6,43,0 (505); 1 (111); 2 (34); 6 (30)
2022,2022,escola,360,QT_DOC_FUND_AF,QT,contagem,docentes,224649,79.3,950,91.6,34,0 (406); 1 (127); 2 (63); 8 (37)
2022,2022,escola,361,QT_DOC_MED,QT,contagem,docentes,224649,79.3,950,91.6,37,0 (697); 10 (17); 8 (17); 9 (17)
2022,2022,escola,362,QT_DOC_PROF,QT,contagem,docentes,224649,79.3,950,91.6,15,0 (854); 3 (3); 1 (1); 10 (1)
2022,2022,escola,363,QT_DOC_PROF_TEC,QT,contagem,docentes,224649,79.3,950,91.6,15,0 (854); 3 (3); 1 (1); 10 (1)
2022,2022,escola,364,QT_DOC_EJA,QT,contagem,docentes,224649,79.3,950,91.6,22,0 (763); 10 (13); 9 (13); 11 (10)
2022,2022,escola,365,QT_DOC_EJA_FUND,QT,contagem,docentes,224649,79.3,950,91.6,17,0 (805); 2 (8); 9 (8); 7 (7)
2022,2022,escola,366,QT_DOC_EJA_MED,QT,contagem,docentes,224649,79.3,950,91.6,16,0 (787); 11 (16); 10 (12); 9 (12)
2022,2022,escola,367,QT_DOC_ESP,QT,contagem,docentes,224649,79.3,950,91.6,52,0 (390); 1 (76); 2 (54); 12 (23)
2022,2022,escola,368,QT_DOC_ESP_CC,QT,contagem,docentes,224649,79.3,950,91.6,52,0 (390); 1 (76); 2 (54); 12 (23)
2022,2022,escola,369,QT_DOC_ESP_CE,QT,contagem,docentes,224649,79.3,950,91.6,1,0 (870)
2022,2022,escola,370,QT_TUR_BAS,QT,contagem,turmas,224649,79.4,950,91.6,49,1 (214); 2 (90); 7 (47); 12 (46)
2022,2022,escola,371,QT_TUR_INF,QT,contagem,turmas,224649,79.4,950,91.6,20,0 (523); 1 (122); 2 (72); 3 (21)
2022,2022,escola,372,QT_TUR_INF_CRE,QT,contagem,turmas,224649,79.4,950,91.6,14,0 (719); 1 (70); 4 (25); 2 (14)
2022,2022,escola,373,QT_TUR_INF_PRE,QT,contagem,turmas,224649,79.4,950,91.6,19,0 (574); 1 (102); 2 (79); 4 (26)
2022,2022,escola,374,QT_TUR_FUND,QT,contagem,turmas,224649,79.4,950,91.6,43,0 (212); 1 (161); 2 (66); 4 (61)
2022,2022,escola,375,QT_TUR_FUND_AI,QT,contagem,turmas,224649,79.4,950,91.6,42,0 (505); 1 (136); 5 (71); 3 (21)
2022,2022,escola,376,QT_TUR_FUND_AF,QT,contagem,turmas,224649,79.4,950,91.6,29,0 (406); 1 (151); 4 (68); 2 (57)
2022,2022,escola,377,QT_TUR_MED,QT,contagem,turmas,224649,79.4,950,91.6,28,0 (697); 3 (76); 6 (21); 4 (11)
2022,2022,escola,378,QT_TUR_PROF,QT,contagem,turmas,224649,79.4,950,91.6,14,0 (854); 4 (3); 1 (2); 10 (1)
2022,2022,escola,379,QT_TUR_PROF_TEC,QT,contagem,turmas,224649,79.4,950,91.6,14,0 (854); 4 (3); 1 (2); 10 (1)
2022,2022,escola,380,QT_TUR_EJA,QT,contagem,turmas,224649,79.4,950,91.6,14,0 (763); 4 (26); 1 (21); 3 (14)
2022,2022,escola,381,QT_TUR_EJA_FUND,QT,contagem,turmas,224649,79.4,950,91.6,9,0 (805); 1 (22); 2 (15); 4 (12)
2022,2022,escola,382,QT_TUR_EJA_MED,QT,contagem,turmas,224649,79.4,950,91.6,10,0 (787); 3 (30); 1 (20); 2 (13)
2022,2022,escola,383,QT_TUR_ESP,QT,contagem,turmas,224649,79.4,950,91.6,35,0 (390); 1 (147); 2 (65); 3 (37)
2022,2022,escola,384,QT_TUR_ESP_CC,QT,contagem,turmas,224649,79.4,950,91.6,35,0 (390); 1 (147); 2 (65); 3 (37)
2022,2022,escola,385,QT_TUR_ESP_CE,QT,contagem,turmas,224649,79.4,950,91.6,1,0 (870)
2023,2023,escola,1,NU_ANO_CENSO,NU,número,identificação e chave,217625,100.0,941,100.0,1,2023 (941)
2023,2023,escola,2,NO_REGIAO,NO,nome/texto,identificação e chave,217625,100.0,941,100.0,1,Norte (941)
2023,2023,escola,3,CO_REGIAO,CO,código,identificação e chave,217625,100.0,941,100.0,1,1 (941)
2023,2023,escola,4,NO_UF,NO,nome/texto,identificação e chave,217625,100.0,941,100.0,1,Roraima (941)
2023,2023,escola,5,SG_UF,SG,sigla,identificação e chave,217625,100.0,941,100.0,1,RR (941)
2023,2023,escola,6,CO_UF,CO,código,identificação e chave,217625,100.0,941,100.0,1,14 (941)
2023,2023,escola,7,NO_MUNICIPIO,NO,nome/texto,identificação e chave,217625,100.0,941,100.0,15,Boa Vista (264); Normandia (123); Uiramutã (112); Pacaraima (61)
2023,2023,escola,8,CO_MUNICIPIO,CO,código,identificação e chave,217625,100.0,941,100.0,15,1400100 (264); 1400407 (123); 1400704 (112); 1400456 (61)
2023,2023,escola,9,NO_REGIAO_GEOG_INTERM,NO,nome/texto,geografia (IBGE),217625,100.0,941,100.0,2,Boa Vista (787); Rorainópolis - Caracaraí (154)
2023,2023,escola,10,CO_REGIAO_GEOG_INTERM,CO,código,geografia (IBGE),217625,100.0,941,100.0,2,1401 (787); 1402 (154)
2023,2023,escola,11,NO_REGIAO_GEOG_IMED,NO,nome/texto,geografia (IBGE),217625,100.0,941,100.0,4,Boa Vista (435); Pacaraima (352); Rorainópolis (89); Caracaraí (65)
2023,2023,escola,12,CO_REGIAO_GEOG_IMED,CO,código,geografia (IBGE),217625,100.0,941,100.0,4,140001 (435); 140002 (352); 140003 (89); 140004 (65)
2023,2023,escola,13,NO_MESORREGIAO,NO,nome/texto,geografia (IBGE),217625,100.0,941,100.0,2,Norte de Roraima (762); Sul de Roraima (179)
2023,2023,escola,14,CO_MESORREGIAO,CO,código,geografia (IBGE),217625,100.0,941,100.0,2,1401 (762); 1402 (179)
2023,2023,escola,15,NO_MICRORREGIAO,NO,nome/texto,geografia (IBGE),217625,100.0,941,100.0,4,Boa Vista (433); Nordeste de Roraima (329); Caracaraí (90); Sudeste de Roraima (89)
2023,2023,escola,16,CO_MICRORREGIAO,CO,código,geografia (IBGE),217625,100.0,941,100.0,4,14001 (433); 14002 (329); 14003 (90); 14004 (89)
2023,2023,escola,17,CO_DISTRITO,CO,código,geografia (IBGE),217625,100.0,941,100.0,15,140010005 (264); 140040705 (123); 140070405 (112); 140045605 (61)
2023,2023,escola,18,NO_ENTIDADE,NO,nome/texto,identificação e chave,217625,100.0,941,100.0,935,ESCOLA ESTADUAL FAGUNDES VARELA (2); ESCOLA MUNICIPAL CRIANCA FELIZ (2); ESCOLA MUNICIPAL NOVA CANAA (2); ESCOLA MUNICIPAL PEQUENO POLEGAR (2)
2023,2023,escola,19,CO_ENTIDADE,CO,código,identificação e chave,217625,100.0,941,100.0,941,14000016 (1); 14000032 (1); 14000113 (1); 14000130 (1)
2023,2023,escola,20,TP_DEPENDENCIA,TP,categórica codificada,dependência administrativa e vínculos,217625,100.0,941,100.0,4,3 (479); 2 (404); 4 (51); 1 (7)
2023,2023,escola,21,TP_CATEGORIA_ESCOLA_PRIVADA,TP,categórica codificada,dependência administrativa e vínculos,217625,19.4,941,5.0,4,1 (42); 4 (3); 2 (1); 3 (1)
2023,2023,escola,22,TP_LOCALIZACAO,TP,categórica codificada,localização e vínculo institucional,217625,100.0,941,100.0,2,2 (621); 1 (320)
2023,2023,escola,23,TP_LOCALIZACAO_DIFERENCIADA,TP,categórica codificada,localização e vínculo institucional,217625,82.8,941,94.8,4,2 (426); 0 (404); 1 (48); 8 (14)
2023,2023,escola,24,DS_ENDERECO,DS,texto livre,endereço e contato,217625,100.0,941,100.0,800,AVENIDA NAZARE FILGUEIRAS (9); RUA S-28 (6); AVENIDA CONSOLACAO DE MATOS (5); RUA J (5)
2023,2023,escola,25,NU_ENDERECO,NU,número,endereço e contato,217625,79.7,941,46.8,213,S/N (113); SN (68); S/Nº (10); 2141 (7)
2023,2023,escola,26,DS_COMPLEMENTO,DS,texto livre,endereço e contato,217625,32.3,941,27.2,98,TI-RSS (33); TERRA IND YANOMAMI (31); ZONA RURAL (23); PREDIO (20)
2023,2023,escola,27,NO_BAIRRO,NO,nome/texto,endereço e contato,217625,85.5,941,46.9,129,CENTRO (69); ZONA RURAL (25); CIDADE SATELITE (16); COMUNIDADE INDIGENA (14)
2023,2023,escola,28,CO_CEP,CO,código,endereço e contato,217625,100.0,941,100.0,203,69355000 (123); 69358000 (112); 69345000 (61); 69343000 (56)
2023,2023,escola,29,NU_DDD,NU,número,endereço e contato,217625,87.1,941,81.1,1,95 (763)
2023,2023,escola,30,NU_TELEFONE,NU,número,endereço e contato,217625,81.9,941,71.5,558,35531270 (33); 36241468 (25); 32381459 (18); 35421906 (5)
2023,2023,escola,31,TP_SITUACAO_FUNCIONAMENTO,TP,categórica codificada,situação de funcionamento,217625,100.0,941,100.0,3,1 (892); 2 (44); 3 (5)
2023,2023,escola,32,CO_ORGAO_REGIONAL,CO,código,identificação e chave,217625,97.2,941,0.0,0,
2023,2023,escola,33,DT_ANO_LETIVO_INICIO,DT,data,situação de funcionamento,217625,82.8,941,94.8,35,06MAR23:00:00:00 (262); 01FEB23:00:00:00 (159); 30JAN23:00:00:00 (144); 06FEB23:00:00:00 (117)
2023,2023,escola,34,DT_ANO_LETIVO_TERMINO,DT,data,situação de funcionamento,217625,82.8,941,94.8,26,15DEC23:00:00:00 (203); 18DEC23:00:00:00 (149); 20DEC23:00:00:00 (144); 22DEC23:00:00:00 (134)
2023,2023,escola,35,IN_VINCULO_SECRETARIA_EDUCACAO,IN,binária (0/1),localização e vínculo institucional,217625,63.4,941,89.8,1,1 (845)
2023,2023,escola,36,IN_VINCULO_SEGURANCA_PUBLICA,IN,binária (0/1),localização e vínculo institucional,217625,63.4,941,89.8,1,0 (845)
2023,2023,escola,37,IN_VINCULO_SECRETARIA_SAUDE,IN,binária (0/1),localização e vínculo institucional,217625,63.4,941,89.8,1,0 (845)
2023,2023,escola,38,IN_VINCULO_OUTRO_ORGAO,IN,binária (0/1),localização e vínculo institucional,217625,63.4,941,89.8,1,0 (845)
2023,2023,escola,39,IN_PODER_PUBLICO_PARCERIA,IN,binária (0/1),dependência administrativa e vínculos,217625,82.8,941,94.8,2,0 (873); 1 (19)
2023,2023,escola,40,TP_PODER_PUBLICO_PARCERIA,TP,categórica codificada,dependência administrativa e vínculos,217625,4.5,941,2.0,2,1 (18); 2 (1)
2023,2023,escola,41,IN_FORMA_CONT_TERMO_COLABORA,IN,binária (0/1),dependência administrativa e vínculos,217625,4.5,941,2.0,1,0 (19)
2023,2023,escola,42,IN_FORMA_CONT_TERMO_FOMENTO,IN,binária (0/1),dependência administrativa e vínculos,217625,4.5,941,2.0,1,0 (19)
2023,2023,escola,43,IN_FORMA_CONT_ACORDO_COOP,IN,binária (0/1),dependência administrativa e vínculos,217625,4.5,941,2.0,2,0 (18); 1 (1)
2023,2023,escola,44,IN_FORMA_CONT_PRESTACAO_SERV,IN,binária (0/1),dependência administrativa e vínculos,217625,4.5,941,2.0,1,0 (19)
2023,2023,escola,45,IN_FORMA_CONT_COOP_TEC_FIN,IN,binária (0/1),dependência administrativa e vínculos,217625,4.5,941,2.0,2,0 (15); 1 (4)
2023,2023,escola,46,IN_FORMA_CONT_CONSORCIO_PUB,IN,binária (0/1),dependência administrativa e vínculos,217625,4.5,941,2.0,2,1 (14); 0 (5)
2023,2023,escola,47,IN_FORMA_CONT_MU_TERMO_COLAB,IN,binária (0/1),dependência administrativa e vínculos,217625,4.0,941,1.9,1,0 (18)
2023,2023,escola,48,IN_FORMA_CONT_MU_TERMO_FOMENTO,IN,binária (0/1),dependência administrativa e vínculos,217625,4.0,941,1.9,1,0 (18)
2023,2023,escola,49,IN_FORMA_CONT_MU_ACORDO_COOP,IN,binária (0/1),dependência administrativa e vínculos,217625,4.0,941,1.9,2,0 (17); 1 (1)
2023,2023,escola,50,IN_FORMA_CONT_MU_PREST_SERV,IN,binária (0/1),dependência administrativa e vínculos,217625,4.0,941,1.9,1,0 (18)
2023,2023,escola,51,IN_FORMA_CONT_MU_COOP_TEC_FIN,IN,binária (0/1),dependência administrativa e vínculos,217625,4.0,941,1.9,2,0 (14); 1 (4)
2023,2023,escola,52,IN_FORMA_CONT_MU_CONSORCIO_PUB,IN,binária (0/1),dependência administrativa e vínculos,217625,4.0,941,1.9,2,1 (13); 0 (5)
2023,2023,escola,53,IN_FORMA_CONT_ES_TERMO_COLAB,IN,binária (0/1),dependência administrativa e vínculos,217625,0.8,941,0.1,1,0 (1)
2023,2023,escola,54,IN_FORMA_CONT_ES_TERMO_FOMENTO,IN,binária (0/1),dependência administrativa e vínculos,217625,0.8,941,0.1,1,0 (1)
2023,2023,escola,55,IN_FORMA_CONT_ES_ACORDO_COOP,IN,binária (0/1),dependência administrativa e vínculos,217625,0.8,941,0.1,1,0 (1)
2023,2023,escola,56,IN_FORMA_CONT_ES_PREST_SERV,IN,binária (0/1),dependência administrativa e vínculos,217625,0.8,941,0.1,1,0 (1)
2023,2023,escola,57,IN_FORMA_CONT_ES_COOP_TEC_FIN,IN,binária (0/1),dependência administrativa e vínculos,217625,0.8,941,0.1,1,0 (1)
2023,2023,escola,58,IN_FORMA_CONT_ES_CONSORCIO_PUB,IN,binária (0/1),dependência administrativa e vínculos,217625,0.8,941,0.1,1,1 (1)
2023,2023,escola,59,IN_MANT_ESCOLA_PRIVADA_EMP,IN,binária (0/1),dependência administrativa e vínculos,217625,19.4,941,5.0,2,1 (37); 0 (10)
2023,2023,escola,60,IN_MANT_ESCOLA_PRIVADA_ONG,IN,binária (0/1),dependência administrativa e vínculos,217625,19.4,941,5.0,1,0 (47)
2023,2023,escola,61,IN_MANT_ESCOLA_PRIVADA_OSCIP,IN,binária (0/1),dependência administrativa e vínculos,217625,19.4,941,5.0,1,0 (47)
2023,2023,escola,62,IN_MANT_ESCOLA_PRIV_ONG_OSCIP,IN,binária (0/1),dependência administrativa e vínculos,217625,19.4,941,5.0,1,0 (47)
2023,2023,escola,63,IN_MANT_ESCOLA_PRIVADA_SIND,IN,binária (0/1),dependência administrativa e vínculos,217625,19.4,941,5.0,2,0 (46); 1 (1)
2023,2023,escola,64,IN_MANT_ESCOLA_PRIVADA_SIST_S,IN,binária (0/1),dependência administrativa e vínculos,217625,19.4,941,5.0,2,0 (42); 1 (5)
2023,2023,escola,65,IN_MANT_ESCOLA_PRIVADA_S_FINS,IN,binária (0/1),dependência administrativa e vínculos,217625,19.4,941,5.0,2,0 (40); 1 (7)
2023,2023,escola,66,NU_CNPJ_ESCOLA_PRIVADA,NU,número,dependência administrativa e vínculos,217625,19.4,941,5.0,46,99999999999999 (2); 10157113000159 (1); 11720495000140 (1); 12183630000128 (1)
2023,2023,escola,67,NU_CNPJ_MANTENEDORA,NU,número,dependência administrativa e vínculos,217625,19.4,941,5.0,47,11720495000140 (1); 12183630000128 (1); 14242509000155 (1); 14545209000145 (1)
2023,2023,escola,68,TP_REGULAMENTACAO,TP,categórica codificada,dependência administrativa e vínculos,217625,82.8,941,94.8,3,1 (631); 2 (235); 0 (26)
2023,2023,escola,69,TP_RESPONSAVEL_REGULAMENTACAO,TP,categórica codificada,dependência administrativa e vínculos,217625,80.7,941,92.0,4,2 (431); 3 (411); 4 (17); 1 (7)
2023,2023,escola,70,CO_ESCOLA_SEDE_VINCULADA,CO,código,dependência administrativa e vínculos,217625,1.4,941,0.0,0,
2023,2023,escola,71,CO_IES_OFERTANTE,CO,código,dependência administrativa e vínculos,217625,0.2,941,0.4,1,3184 (4)
2023,2023,escola,72,IN_LOCAL_FUNC_PREDIO_ESCOLAR,IN,binária (0/1),local de funcionamento,217625,82.8,941,94.8,2,1 (669); 0 (223)
2023,2023,escola,73,TP_OCUPACAO_PREDIO_ESCOLAR,TP,categórica codificada,local de funcionamento,217625,80.9,941,71.1,3,1 (586); 3 (61); 2 (22)
2023,2023,escola,74,IN_LOCAL_FUNC_SOCIOEDUCATIVO,IN,binária (0/1),local de funcionamento,217625,82.8,941,94.8,1,0 (892)
2023,2023,escola,75,IN_LOCAL_FUNC_UNID_PRISIONAL,IN,binária (0/1),local de funcionamento,217625,82.8,941,94.8,2,0 (890); 1 (2)
2023,2023,escola,76,IN_LOCAL_FUNC_PRISIONAL_SOCIO,IN,binária (0/1),local de funcionamento,217625,82.8,941,94.8,2,0 (890); 1 (2)
2023,2023,escola,77,IN_LOCAL_FUNC_GALPAO,IN,binária (0/1),local de funcionamento,217625,82.8,941,94.8,2,0 (658); 1 (234)
2023,2023,escola,78,TP_OCUPACAO_GALPAO,TP,categórica codificada,local de funcionamento,217625,1.1,941,24.9,3,9 (194); 1 (30); 3 (10)
2023,2023,escola,79,IN_LOCAL_FUNC_SALAS_OUTRA_ESC,IN,binária (0/1),local de funcionamento,217625,82.8,941,94.8,2,0 (856); 1 (36)
2023,2023,escola,80,IN_LOCAL_FUNC_OUTROS,IN,binária (0/1),local de funcionamento,217625,82.8,941,94.8,2,0 (823); 1 (69)
2023,2023,escola,81,IN_PREDIO_COMPARTILHADO,IN,binária (0/1),local de funcionamento,217625,80.9,941,71.1,2,0 (628); 1 (41)
2023,2023,escola,82,IN_AGUA_POTAVEL,IN,binária (0/1),"infraestrutura básica (água, energia, esgoto, lixo)",217625,82.8,941,94.8,2,1 (595); 0 (297)
2023,2023,escola,83,IN_AGUA_REDE_PUBLICA,IN,binária (0/1),"infraestrutura básica (água, energia, esgoto, lixo)",217625,82.8,941,94.8,2,0 (495); 1 (397)
2023,2023,escola,84,IN_AGUA_POCO_ARTESIANO,IN,binária (0/1),"infraestrutura básica (água, energia, esgoto, lixo)",217625,82.8,941,94.8,2,0 (543); 1 (349)
2023,2023,escola,85,IN_AGUA_CACIMBA,IN,binária (0/1),"infraestrutura básica (água, energia, esgoto, lixo)",217625,82.8,941,94.8,2,0 (822); 1 (70)
2023,2023,escola,86,IN_AGUA_FONTE_RIO,IN,binária (0/1),"infraestrutura básica (água, energia, esgoto, lixo)",217625,82.8,941,94.8,2,0 (705); 1 (187)
2023,2023,escola,87,IN_AGUA_INEXISTENTE,IN,binária (0/1),"infraestrutura básica (água, energia, esgoto, lixo)",217625,82.8,941,94.8,2,0 (869); 1 (23)
2023,2023,escola,88,IN_ENERGIA_REDE_PUBLICA,IN,binária (0/1),"infraestrutura básica (água, energia, esgoto, lixo)",217625,82.8,941,94.8,2,1 (674); 0 (218)
2023,2023,escola,89,IN_ENERGIA_GERADOR_FOSSIL,IN,binária (0/1),"infraestrutura básica (água, energia, esgoto, lixo)",217625,82.8,941,94.8,2,0 (834); 1 (58)
2023,2023,escola,90,IN_ENERGIA_RENOVAVEL,IN,binária (0/1),"infraestrutura básica (água, energia, esgoto, lixo)",217625,82.8,941,94.8,2,0 (884); 1 (8)
2023,2023,escola,91,IN_ENERGIA_INEXISTENTE,IN,binária (0/1),"infraestrutura básica (água, energia, esgoto, lixo)",217625,82.8,941,94.8,2,0 (730); 1 (162)
2023,2023,escola,92,IN_ESGOTO_REDE_PUBLICA,IN,binária (0/1),"infraestrutura básica (água, energia, esgoto, lixo)",217625,82.8,941,94.8,2,0 (711); 1 (181)
2023,2023,escola,93,IN_ESGOTO_FOSSA_SEPTICA,IN,binária (0/1),"infraestrutura básica (água, energia, esgoto, lixo)",217625,82.8,941,94.8,2,0 (560); 1 (332)
2023,2023,escola,94,IN_ESGOTO_FOSSA_COMUM,IN,binária (0/1),"infraestrutura básica (água, energia, esgoto, lixo)",217625,82.8,941,94.8,2,0 (693); 1 (199)
2023,2023,escola,95,IN_ESGOTO_FOSSA,IN,binária (0/1),"infraestrutura básica (água, energia, esgoto, lixo)",217625,82.8,941,94.8,2,1 (531); 0 (361)
2023,2023,escola,96,IN_ESGOTO_INEXISTENTE,IN,binária (0/1),"infraestrutura básica (água, energia, esgoto, lixo)",217625,82.8,941,94.8,2,0 (694); 1 (198)
2023,2023,escola,97,IN_LIXO_SERVICO_COLETA,IN,binária (0/1),"infraestrutura básica (água, energia, esgoto, lixo)",217625,82.8,941,94.8,2,0 (506); 1 (386)
2023,2023,escola,98,IN_LIXO_QUEIMA,IN,binária (0/1),"infraestrutura básica (água, energia, esgoto, lixo)",217625,82.8,941,94.8,2,1 (517); 0 (375)
2023,2023,escola,99,IN_LIXO_ENTERRA,IN,binária (0/1),"infraestrutura básica (água, energia, esgoto, lixo)",217625,82.8,941,94.8,2,0 (815); 1 (77)
2023,2023,escola,100,IN_LIXO_DESTINO_FINAL_PUBLICO,IN,binária (0/1),"infraestrutura básica (água, energia, esgoto, lixo)",217625,82.8,941,94.8,2,0 (889); 1 (3)
2023,2023,escola,101,IN_LIXO_DESCARTA_OUTRA_AREA,IN,binária (0/1),"infraestrutura básica (água, energia, esgoto, lixo)",217625,82.8,941,94.8,2,0 (837); 1 (55)
2023,2023,escola,102,IN_TRATAMENTO_LIXO_SEPARACAO,IN,binária (0/1),"infraestrutura básica (água, energia, esgoto, lixo)",217625,82.8,941,94.8,3,0 (783); 1 (105); 9 (4)
2023,2023,escola,103,IN_TRATAMENTO_LIXO_REUTILIZA,IN,binária (0/1),"infraestrutura básica (água, energia, esgoto, lixo)",217625,82.8,941,94.8,3,0 (881); 1 (7); 9 (4)
2023,2023,escola,104,IN_TRATAMENTO_LIXO_RECICLAGEM,IN,binária (0/1),"infraestrutura básica (água, energia, esgoto, lixo)",217625,82.8,941,94.8,3,0 (871); 1 (17); 9 (4)
2023,2023,escola,105,IN_TRATAMENTO_LIXO_INEXISTENTE,IN,binária (0/1),"infraestrutura básica (água, energia, esgoto, lixo)",217625,82.8,941,94.8,3,1 (767); 0 (121); 9 (4)
2023,2023,escola,106,IN_ALMOXARIFADO,IN,binária (0/1),dependências físicas,217625,82.8,941,94.8,2,0 (715); 1 (177)
2023,2023,escola,107,IN_AREA_VERDE,IN,binária (0/1),dependências físicas,217625,82.8,941,94.8,2,0 (597); 1 (295)
2023,2023,escola,108,IN_AUDITORIO,IN,binária (0/1),dependências físicas,217625,82.8,941,94.8,2,0 (847); 1 (45)
2023,2023,escola,109,IN_BANHEIRO,IN,binária (0/1),dependências físicas,217625,82.8,941,94.8,2,1 (655); 0 (237)
2023,2023,escola,110,IN_BANHEIRO_EI,IN,binária (0/1),dependências físicas,217625,82.8,941,94.8,2,0 (688); 1 (204)
2023,2023,escola,111,IN_BANHEIRO_PNE,IN,binária (0/1),dependências físicas,217625,82.8,941,94.8,2,0 (598); 1 (294)
2023,2023,escola,112,IN_BANHEIRO_FUNCIONARIOS,IN,binária (0/1),dependências físicas,217625,82.8,941,94.8,2,0 (577); 1 (315)
2023,2023,escola,113,IN_BANHEIRO_CHUVEIRO,IN,binária (0/1),dependências físicas,217625,82.8,941,94.8,2,0 (538); 1 (354)
2023,2023,escola,114,IN_BIBLIOTECA,IN,binária (0/1),dependências físicas,217625,82.8,941,94.8,2,0 (685); 1 (207)
2023,2023,escola,115,IN_BIBLIOTECA_SALA_LEITURA,IN,binária (0/1),dependências físicas,217625,82.8,941,94.8,2,0 (645); 1 (247)
2023,2023,escola,116,IN_COZINHA,IN,binária (0/1),dependências físicas,217625,82.8,941,94.8,2,1 (661); 0 (231)
2023,2023,escola,117,IN_DESPENSA,IN,binária (0/1),dependências físicas,217625,82.8,941,94.8,2,1 (469); 0 (423)
2023,2023,escola,118,IN_DORMITORIO_ALUNO,IN,binária (0/1),dependências físicas,217625,82.8,941,94.8,2,0 (866); 1 (26)
2023,2023,escola,119,IN_DORMITORIO_PROFESSOR,IN,binária (0/1),dependências físicas,217625,82.8,941,94.8,2,0 (887); 1 (5)
2023,2023,escola,120,IN_LABORATORIO_CIENCIAS,IN,binária (0/1),dependências físicas,217625,82.8,941,94.8,2,0 (818); 1 (74)
2023,2023,escola,121,IN_LABORATORIO_INFORMATICA,IN,binária (0/1),dependências físicas,217625,82.8,941,94.8,2,0 (782); 1 (110)
2023,2023,escola,122,IN_LABORATORIO_EDUC_PROF,IN,binária (0/1),dependências físicas,217625,82.8,941,94.8,2,0 (889); 1 (3)
2023,2023,escola,123,IN_PATIO_COBERTO,IN,binária (0/1),dependências físicas,217625,82.8,941,94.8,2,0 (532); 1 (360)
2023,2023,escola,124,IN_PATIO_DESCOBERTO,IN,binária (0/1),dependências físicas,217625,82.8,941,94.8,2,0 (751); 1 (141)
2023,2023,escola,125,IN_PARQUE_INFANTIL,IN,binária (0/1),dependências físicas,217625,82.8,941,94.8,2,0 (754); 1 (138)
2023,2023,escola,126,IN_PISCINA,IN,binária (0/1),dependências físicas,217625,82.8,941,94.8,2,0 (880); 1 (12)
2023,2023,escola,127,IN_QUADRA_ESPORTES,IN,binária (0/1),dependências físicas,217625,82.8,941,94.8,2,0 (690); 1 (202)
2023,2023,escola,128,IN_QUADRA_ESPORTES_COBERTA,IN,binária (0/1),dependências físicas,217625,82.8,941,94.8,2,0 (704); 1 (188)
2023,2023,escola,129,IN_QUADRA_ESPORTES_DESCOBERTA,IN,binária (0/1),dependências físicas,217625,82.8,941,94.8,2,0 (864); 1 (28)
2023,2023,escola,130,IN_REFEITORIO,IN,binária (0/1),dependências físicas,217625,82.8,941,94.8,2,0 (552); 1 (340)
2023,2023,escola,131,IN_SALA_ATELIE_ARTES,IN,binária (0/1),dependências físicas,217625,82.8,941,94.8,2,0 (880); 1 (12)
2023,2023,escola,132,IN_SALA_MUSICA_CORAL,IN,binária (0/1),dependências físicas,217625,82.8,941,94.8,2,0 (880); 1 (12)
2023,2023,escola,133,IN_SALA_ESTUDIO_DANCA,IN,binária (0/1),dependências físicas,217625,82.8,941,94.8,2,0 (885); 1 (7)
2023,2023,escola,134,IN_SALA_MULTIUSO,IN,binária (0/1),dependências físicas,217625,82.8,941,94.8,2,0 (867); 1 (25)
2023,2023,escola,135,IN_SALA_ESTUDIO_GRAVACAO,IN,binária (0/1),dependências físicas,217625,82.8,941,94.8,2,0 (890); 1 (2)
2023,2023,escola,136,IN_SALA_OFICINAS_EDUC_PROF,IN,binária (0/1),dependências físicas,217625,82.8,941,94.8,2,0 (890); 1 (2)
2023,2023,escola,137,IN_SALA_DIRETORIA,IN,binária (0/1),dependências físicas,217625,82.8,941,94.8,2,0 (448); 1 (444)
2023,2023,escola,138,IN_SALA_LEITURA,IN,binária (0/1),dependências físicas,217625,82.8,941,94.8,2,0 (738); 1 (154)
2023,2023,escola,139,IN_SALA_PROFESSOR,IN,binária (0/1),dependências físicas,217625,82.8,941,94.8,2,0 (547); 1 (345)
2023,2023,escola,140,IN_SALA_REPOUSO_ALUNO,IN,binária (0/1),dependências físicas,217625,82.8,941,94.8,2,0 (881); 1 (11)
2023,2023,escola,141,IN_SECRETARIA,IN,binária (0/1),dependências físicas,217625,82.8,941,94.8,2,1 (510); 0 (382)
2023,2023,escola,142,IN_SALA_ATENDIMENTO_ESPECIAL,IN,binária (0/1),dependências físicas,217625,82.8,941,94.8,2,0 (693); 1 (199)
2023,2023,escola,143,IN_TERREIRAO,IN,binária (0/1),dependências físicas,217625,82.8,941,94.8,2,0 (582); 1 (310)
2023,2023,escola,144,IN_VIVEIRO,IN,binária (0/1),dependências físicas,217625,82.8,941,94.8,2,0 (888); 1 (4)
2023,2023,escola,145,IN_DEPENDENCIAS_OUTRAS,IN,binária (0/1),dependências físicas,217625,82.8,941,94.8,2,0 (784); 1 (108)
2023,2023,escola,146,IN_ACESSIBILIDADE_CORRIMAO,IN,binária (0/1),acessibilidade,217625,82.8,941,94.8,2,0 (838); 1 (54)
2023,2023,escola,147,IN_ACESSIBILIDADE_ELEVADOR,IN,binária (0/1),acessibilidade,217625,82.8,941,94.8,2,0 (880); 1 (12)
2023,2023,escola,148,IN_ACESSIBILIDADE_PISOS_TATEIS,IN,binária (0/1),acessibilidade,217625,82.8,941,94.8,2,0 (805); 1 (87)
2023,2023,escola,149,IN_ACESSIBILIDADE_VAO_LIVRE,IN,binária (0/1),acessibilidade,217625,82.8,941,94.8,2,0 (734); 1 (158)
2023,2023,escola,150,IN_ACESSIBILIDADE_RAMPAS,IN,binária (0/1),acessibilidade,217625,82.8,941,94.8,2,0 (516); 1 (376)
2023,2023,escola,151,IN_ACESSIBILIDADE_SINAL_SONORO,IN,binária (0/1),acessibilidade,217625,82.8,941,94.8,2,0 (880); 1 (12)
2023,2023,escola,152,IN_ACESSIBILIDADE_SINAL_TATIL,IN,binária (0/1),acessibilidade,217625,82.8,941,94.8,2,0 (858); 1 (34)
2023,2023,escola,153,IN_ACESSIBILIDADE_SINAL_VISUAL,IN,binária (0/1),acessibilidade,217625,82.8,941,94.8,2,0 (844); 1 (48)
2023,2023,escola,154,IN_ACESSIBILIDADE_INEXISTENTE,IN,binária (0/1),acessibilidade,217625,82.8,941,94.8,2,1 (472); 0 (420)
2023,2023,escola,155,QT_SALAS_UTILIZADAS_DENTRO,QT,contagem,dependências físicas,217625,82.8,941,94.8,36,0 (223); 1 (104); 2 (103); 4 (71)
2023,2023,escola,156,QT_SALAS_UTILIZADAS_FORA,QT,contagem,dependências físicas,217625,82.8,941,94.8,15,0 (574); 1 (173); 2 (46); 4 (29)
2023,2023,escola,157,QT_SALAS_UTILIZADAS,QT,contagem,dependências físicas,217625,82.8,941,94.8,38,1 (236); 2 (106); 4 (88); 7 (53)
2023,2023,escola,158,QT_SALAS_UTILIZA_CLIMATIZADAS,QT,contagem,dependências físicas,217625,82.8,941,94.8,36,0 (455); 1 (51); 4 (39); 2 (37)
2023,2023,escola,159,QT_SALAS_UTILIZADAS_ACESSIVEIS,QT,contagem,dependências físicas,217625,82.8,941,94.8,30,0 (733); 1 (17); 10 (14); 12 (14)
2023,2023,escola,160,IN_EQUIP_PARABOLICA,IN,binária (0/1),equipamentos e tecnologia,217625,82.8,941,94.8,2,0 (840); 1 (52)
2023,2023,escola,161,IN_COMPUTADOR,IN,binária (0/1),equipamentos e tecnologia,217625,82.8,941,94.8,2,1 (492); 0 (400)
2023,2023,escola,162,IN_EQUIP_COPIADORA,IN,binária (0/1),equipamentos e tecnologia,217625,82.8,941,94.8,2,0 (683); 1 (209)
2023,2023,escola,163,IN_EQUIP_IMPRESSORA,IN,binária (0/1),equipamentos e tecnologia,217625,82.8,941,94.8,2,0 (511); 1 (381)
2023,2023,escola,164,IN_EQUIP_IMPRESSORA_MULT,IN,binária (0/1),equipamentos e tecnologia,217625,82.8,941,94.8,2,0 (453); 1 (439)
2023,2023,escola,165,IN_EQUIP_SCANNER,IN,binária (0/1),equipamentos e tecnologia,217625,82.8,941,94.8,2,0 (715); 1 (177)
2023,2023,escola,166,IN_EQUIP_NENHUM,IN,binária (0/1),equipamentos e tecnologia,217625,82.8,941,94.8,2,0 (586); 1 (306)
2023,2023,escola,167,IN_EQUIP_DVD,IN,binária (0/1),equipamentos e tecnologia,217625,82.8,941,94.8,2,0 (720); 1 (172)
2023,2023,escola,168,QT_EQUIP_DVD,QT,contagem,equipamentos e tecnologia,217625,82.8,941,94.8,8,0 (720); 1 (122); 2 (29); 3 (7)
2023,2023,escola,169,IN_EQUIP_SOM,IN,binária (0/1),equipamentos e tecnologia,217625,82.8,941,94.8,2,0 (603); 1 (289)
2023,2023,escola,170,QT_EQUIP_SOM,QT,contagem,equipamentos e tecnologia,217625,82.8,941,94.8,13,0 (603); 1 (176); 2 (62); 3 (18)
2023,2023,escola,171,IN_EQUIP_TV,IN,binária (0/1),equipamentos e tecnologia,217625,82.8,941,94.8,2,0 (478); 1 (414)
2023,2023,escola,172,QT_EQUIP_TV,QT,contagem,equipamentos e tecnologia,217625,82.8,941,94.8,17,0 (478); 1 (222); 2 (78); 3 (35)
2023,2023,escola,173,IN_EQUIP_LOUSA_DIGITAL,IN,binária (0/1),equipamentos e tecnologia,217625,82.8,941,94.8,2,0 (779); 1 (113)
2023,2023,escola,174,QT_EQUIP_LOUSA_DIGITAL,QT,contagem,equipamentos e tecnologia,217625,82.8,941,94.8,12,0 (779); 1 (49); 2 (21); 3 (18)
2023,2023,escola,175,IN_EQUIP_MULTIMIDIA,IN,binária (0/1),equipamentos e tecnologia,217625,82.8,941,94.8,2,0 (534); 1 (358)
2023,2023,escola,176,QT_EQUIP_MULTIMIDIA,QT,contagem,equipamentos e tecnologia,217625,82.8,941,94.8,17,0 (534); 1 (216); 2 (79); 3 (28)
2023,2023,escola,177,IN_DESKTOP_ALUNO,IN,binária (0/1),equipamentos e tecnologia,217625,82.8,941,94.8,2,0 (685); 1 (207)
2023,2023,escola,178,QT_DESKTOP_ALUNO,QT,contagem,equipamentos e tecnologia,217625,82.8,941,94.8,34,0 (685); 1 (55); 2 (28); 10 (18)
2023,2023,escola,179,IN_COMP_PORTATIL_ALUNO,IN,binária (0/1),equipamentos e tecnologia,217625,82.8,941,94.8,2,0 (718); 1 (174)
2023,2023,escola,180,QT_COMP_PORTATIL_ALUNO,QT,contagem,equipamentos e tecnologia,217625,82.8,941,94.8,29,0 (718); 1 (64); 2 (32); 3 (17)
2023,2023,escola,181,IN_TABLET_ALUNO,IN,binária (0/1),equipamentos e tecnologia,217625,82.8,941,94.8,2,0 (765); 1 (127)
2023,2023,escola,182,QT_TABLET_ALUNO,QT,contagem,equipamentos e tecnologia,217625,82.8,941,94.8,66,0 (765); 1 (10); 60 (8); 30 (6)
2023,2023,escola,183,IN_INTERNET,IN,binária (0/1),equipamentos e tecnologia,217625,82.8,941,94.8,2,1 (546); 0 (346)
2023,2023,escola,184,IN_INTERNET_ALUNOS,IN,binária (0/1),equipamentos e tecnologia,217625,82.8,941,94.8,2,0 (659); 1 (233)
2023,2023,escola,185,IN_INTERNET_ADMINISTRATIVO,IN,binária (0/1),equipamentos e tecnologia,217625,82.8,941,94.8,2,1 (517); 0 (375)
2023,2023,escola,186,IN_INTERNET_APRENDIZAGEM,IN,binária (0/1),equipamentos e tecnologia,217625,82.8,941,94.8,2,0 (597); 1 (295)
2023,2023,escola,187,IN_INTERNET_COMUNIDADE,IN,binária (0/1),equipamentos e tecnologia,217625,82.8,941,94.8,2,0 (780); 1 (112)
2023,2023,escola,188,IN_ACESSO_INTERNET_COMPUTADOR,IN,binária (0/1),equipamentos e tecnologia,217625,82.8,941,94.8,3,0 (733); 1 (128); 9 (31)
2023,2023,escola,189,IN_ACES_INTERNET_DISP_PESSOAIS,IN,binária (0/1),equipamentos e tecnologia,217625,82.8,941,94.8,3,0 (745); 1 (116); 9 (31)
2023,2023,escola,190,TP_REDE_LOCAL,TP,categórica codificada,equipamentos e tecnologia,217625,82.8,941,94.8,5,9 (393); 3 (161); 2 (134); 0 (103)
2023,2023,escola,191,IN_BANDA_LARGA,IN,binária (0/1),equipamentos e tecnologia,217625,75.3,941,58.0,2,1 (376); 0 (170)
2023,2023,escola,192,IN_PROF_ADMINISTRATIVOS,IN,binária (0/1),profissionais não docentes,217625,82.8,941,94.8,2,0 (504); 1 (388)
2023,2023,escola,193,QT_PROF_ADMINISTRATIVOS,QT,contagem,profissionais não docentes,217625,82.8,941,94.8,18,0 (504); 1 (165); 2 (80); 3 (41)
2023,2023,escola,194,IN_PROF_SERVICOS_GERAIS,IN,binária (0/1),profissionais não docentes,217625,82.8,941,94.8,2,1 (632); 0 (260)
2023,2023,escola,195,QT_PROF_SERVICOS_GERAIS,QT,contagem,profissionais não docentes,217625,82.8,941,94.8,33,0 (260); 1 (142); 2 (102); 4 (63)
2023,2023,escola,196,IN_PROF_BIBLIOTECARIO,IN,binária (0/1),profissionais não docentes,217625,82.8,941,94.8,2,0 (744); 1 (148)
2023,2023,escola,197,QT_PROF_BIBLIOTECARIO,QT,contagem,profissionais não docentes,217625,82.8,941,94.8,12,0 (744); 1 (56); 2 (35); 4 (20)
2023,2023,escola,198,IN_PROF_SAUDE,IN,binária (0/1),profissionais não docentes,217625,82.8,941,94.8,2,0 (869); 1 (23)
2023,2023,escola,199,QT_PROF_SAUDE,QT,contagem,profissionais não docentes,217625,82.8,941,94.8,8,0 (869); 1 (11); 2 (5); 10 (2)
2023,2023,escola,200,IN_PROF_COORDENADOR,IN,binária (0/1),profissionais não docentes,217625,82.8,941,94.8,2,0 (673); 1 (219)
2023,2023,escola,201,QT_PROF_COORDENADOR,QT,contagem,profissionais não docentes,217625,82.8,941,94.8,13,0 (673); 1 (140); 2 (43); 3 (15)
2023,2023,escola,202,IN_PROF_FONAUDIOLOGO,IN,binária (0/1),profissionais não docentes,217625,82.8,941,94.8,2,0 (885); 1 (7)
2023,2023,escola,203,QT_PROF_FONAUDIOLOGO,QT,contagem,profissionais não docentes,217625,82.8,941,94.8,3,0 (885); 1 (6); 3 (1)
2023,2023,escola,204,IN_PROF_NUTRICIONISTA,IN,binária (0/1),profissionais não docentes,217625,82.8,941,94.8,2,0 (795); 1 (97)
2023,2023,escola,205,QT_PROF_NUTRICIONISTA,QT,contagem,profissionais não docentes,217625,82.8,941,94.8,3,0 (795); 1 (95); 2 (2)
2023,2023,escola,206,IN_PROF_PSICOLOGO,IN,binária (0/1),profissionais não docentes,217625,82.8,941,94.8,2,0 (847); 1 (45)
2023,2023,escola,207,QT_PROF_PSICOLOGO,QT,contagem,profissionais não docentes,217625,82.8,941,94.8,4,0 (847); 1 (38); 2 (6); 3 (1)
2023,2023,escola,208,IN_PROF_ALIMENTACAO,IN,binária (0/1),profissionais não docentes,217625,82.8,941,94.8,2,1 (581); 0 (311)
2023,2023,escola,209,QT_PROF_ALIMENTACAO,QT,contagem,profissionais não docentes,217625,82.8,941,94.8,12,0 (311); 1 (232); 2 (126); 3 (74)
2023,2023,escola,210,IN_PROF_PEDAGOGIA,IN,binária (0/1),profissionais não docentes,217625,82.8,941,94.8,2,0 (484); 1 (408)
2023,2023,escola,211,QT_PROF_PEDAGOGIA,QT,contagem,profissionais não docentes,217625,82.8,941,94.8,21,0 (484); 1 (215); 2 (77); 3 (33)
2023,2023,escola,212,IN_PROF_SECRETARIO,IN,binária (0/1),profissionais não docentes,217625,82.8,941,94.8,2,0 (459); 1 (433)
2023,2023,escola,213,QT_PROF_SECRETARIO,QT,contagem,profissionais não docentes,217625,82.8,941,94.8,4,0 (459); 1 (410); 2 (22); 3 (1)
2023,2023,escola,214,IN_PROF_SEGURANCA,IN,binária (0/1),profissionais não docentes,217625,82.8,941,94.8,2,0 (676); 1 (216)
2023,2023,escola,215,QT_PROF_SEGURANCA,QT,contagem,profissionais não docentes,217625,82.8,941,94.8,9,0 (676); 3 (152); 1 (24); 2 (22)
2023,2023,escola,216,IN_PROF_MONITORES,IN,binária (0/1),profissionais não docentes,217625,82.8,941,94.8,2,0 (799); 1 (93)
2023,2023,escola,217,QT_PROF_MONITORES,QT,contagem,profissionais não docentes,217625,82.8,941,94.8,17,0 (799); 1 (33); 2 (29); 3 (10)
2023,2023,escola,218,IN_PROF_GESTAO,IN,binária (0/1),profissionais não docentes,217625,82.8,941,94.8,2,0 (634); 1 (258)
2023,2023,escola,219,QT_PROF_GESTAO,QT,contagem,profissionais não docentes,217625,82.8,941,94.8,5,0 (634); 1 (203); 2 (49); 3 (5)
2023,2023,escola,220,IN_PROF_ASSIST_SOCIAL,IN,binária (0/1),profissionais não docentes,217625,82.8,941,94.8,2,0 (821); 1 (71)
2023,2023,escola,221,QT_PROF_ASSIST_SOCIAL,QT,contagem,profissionais não docentes,217625,82.8,941,94.8,5,0 (821); 1 (43); 2 (20); 3 (6)
2023,2023,escola,222,IN_PROF_TRAD_LIBRAS,IN,binária (0/1),profissionais não docentes,217625,82.8,941,94.8,2,0 (867); 1 (25)
2023,2023,escola,223,QT_PROF_TRAD_LIBRAS,QT,contagem,profissionais não docentes,217625,82.8,941,94.8,5,0 (867); 1 (22); 2 (1); 3 (1)
2023,2023,escola,224,IN_ALIMENTACAO,IN,binária (0/1),alimentação escolar,217625,82.8,941,94.8,2,1 (858); 0 (34)
2023,2023,escola,225,IN_MATERIAL_PED_MULTIMIDIA,IN,binária (0/1),materiais pedagógicos,217625,82.8,941,94.8,2,0 (772); 1 (120)
2023,2023,escola,226,IN_MATERIAL_PED_INFANTIL,IN,binária (0/1),materiais pedagógicos,217625,82.8,941,94.8,2,0 (591); 1 (301)
2023,2023,escola,227,IN_MATERIAL_PED_CIENTIFICO,IN,binária (0/1),materiais pedagógicos,217625,82.8,941,94.8,2,0 (820); 1 (72)
2023,2023,escola,228,IN_MATERIAL_PED_DIFUSAO,IN,binária (0/1),materiais pedagógicos,217625,82.8,941,94.8,2,0 (698); 1 (194)
2023,2023,escola,229,IN_MATERIAL_PED_MUSICAL,IN,binária (0/1),materiais pedagógicos,217625,82.8,941,94.8,2,0 (802); 1 (90)
2023,2023,escola,230,IN_MATERIAL_PED_JOGOS,IN,binária (0/1),materiais pedagógicos,217625,82.8,941,94.8,2,1 (502); 0 (390)
2023,2023,escola,231,IN_MATERIAL_PED_ARTISTICAS,IN,binária (0/1),materiais pedagógicos,217625,82.8,941,94.8,2,0 (761); 1 (131)
2023,2023,escola,232,IN_MATERIAL_PED_PROFISSIONAL,IN,binária (0/1),materiais pedagógicos,217625,82.8,941,94.8,2,0 (864); 1 (28)
2023,2023,escola,233,IN_MATERIAL_PED_DESPORTIVA,IN,binária (0/1),materiais pedagógicos,217625,82.8,941,94.8,2,0 (488); 1 (404)
2023,2023,escola,234,IN_MATERIAL_PED_INDIGENA,IN,binária (0/1),materiais pedagógicos,217625,82.8,941,94.8,2,0 (863); 1 (29)
2023,2023,escola,235,IN_MATERIAL_PED_ETNICO,IN,binária (0/1),materiais pedagógicos,217625,82.8,941,94.8,2,0 (868); 1 (24)
2023,2023,escola,236,IN_MATERIAL_PED_CAMPO,IN,binária (0/1),materiais pedagógicos,217625,82.8,941,94.8,2,0 (868); 1 (24)
2023,2023,escola,237,IN_MATERIAL_PED_BIL_SURDOS,IN,binária (0/1),materiais pedagógicos,217625,82.8,941,94.8,2,0 (881); 1 (11)
2023,2023,escola,238,IN_MATERIAL_PED_NENHUM,IN,binária (0/1),materiais pedagógicos,217625,82.8,941,94.8,2,0 (620); 1 (272)
2023,2023,escola,239,IN_EDUCACAO_INDIGENA,IN,binária (0/1),educação indígena,217625,82.8,941,94.8,2,0 (471); 1 (421)
2023,2023,escola,240,TP_INDIGENA_LINGUA,TP,categórica codificada,educação indígena,217625,1.7,941,44.7,3,3 (300); 2 (119); 1 (2)
2023,2023,escola,241,CO_LINGUA_INDIGENA_1,CO,código,educação indígena,217625,1.2,941,32.1,9,100 (218); 179 (27); 191 (21); 45 (16)
2023,2023,escola,242,CO_LINGUA_INDIGENA_2,CO,código,educação indígena,217625,0.2,941,5.1,4,179 (35); 153 (7); 100 (4); 999 (2)
2023,2023,escola,243,CO_LINGUA_INDIGENA_3,CO,código,educação indígena,217625,0.1,941,0.5,2,179 (4); 999 (1)
2023,2023,escola,244,IN_EXAME_SELECAO,IN,binária (0/1),organização do ensino e gestão,217625,82.8,941,94.8,3,0 (878); 1 (13); 9 (1)
2023,2023,escola,245,IN_RESERVA_PPI,IN,binária (0/1),organização do ensino e gestão,217625,2.9,941,1.4,2,1 (7); 0 (6)
2023,2023,escola,246,IN_RESERVA_RENDA,IN,binária (0/1),organização do ensino e gestão,217625,2.9,941,1.4,2,0 (7); 1 (6)
2023,2023,escola,247,IN_RESERVA_PUBLICA,IN,binária (0/1),organização do ensino e gestão,217625,2.9,941,1.4,2,1 (8); 0 (5)
2023,2023,escola,248,IN_RESERVA_PCD,IN,binária (0/1),organização do ensino e gestão,217625,2.9,941,1.4,2,1 (7); 0 (6)
2023,2023,escola,249,IN_RESERVA_OUTROS,IN,binária (0/1),organização do ensino e gestão,217625,2.9,941,1.4,2,0 (12); 1 (1)
2023,2023,escola,250,IN_RESERVA_NENHUMA,IN,binária (0/1),organização do ensino e gestão,217625,2.9,941,1.4,2,0 (11); 1 (2)
2023,2023,escola,251,IN_REDES_SOCIAIS,IN,binária (0/1),equipamentos e tecnologia,217625,82.8,941,94.8,2,0 (720); 1 (172)
2023,2023,escola,252,IN_ESPACO_ATIVIDADE,IN,binária (0/1),"oferta (etapas, modalidades, turnos)",217625,82.8,941,94.8,3,1 (503); 0 (317); 9 (72)
2023,2023,escola,253,IN_ESPACO_EQUIPAMENTO,IN,binária (0/1),"oferta (etapas, modalidades, turnos)",217625,82.8,941,94.8,3,1 (498); 0 (320); 9 (74)
2023,2023,escola,254,IN_ORGAO_ASS_PAIS,IN,binária (0/1),organização do ensino e gestão,217625,82.8,941,94.8,2,0 (874); 1 (18)
2023,2023,escola,255,IN_ORGAO_ASS_PAIS_MESTRES,IN,binária (0/1),organização do ensino e gestão,217625,82.8,941,94.8,2,0 (514); 1 (378)
2023,2023,escola,256,IN_ORGAO_CONSELHO_ESCOLAR,IN,binária (0/1),organização do ensino e gestão,217625,82.8,941,94.8,2,0 (630); 1 (262)
2023,2023,escola,257,IN_ORGAO_GREMIO_ESTUDANTIL,IN,binária (0/1),organização do ensino e gestão,217625,82.8,941,94.8,2,0 (876); 1 (16)
2023,2023,escola,258,IN_ORGAO_OUTROS,IN,binária (0/1),organização do ensino e gestão,217625,82.8,941,94.8,2,0 (876); 1 (16)
2023,2023,escola,259,IN_ORGAO_NENHUM,IN,binária (0/1),organização do ensino e gestão,217625,82.8,941,94.8,2,1 (480); 0 (412)
2023,2023,escola,260,TP_PROPOSTA_PEDAGOGICA,TP,categórica codificada,organização do ensino e gestão,217625,82.8,941,94.8,4,0 (329); 1 (308); 2 (184); 9 (71)
2023,2023,escola,261,TP_AEE,TP,categórica codificada,organização do ensino e gestão,217625,82.8,941,94.8,3,0 (742); 1 (143); 2 (7)
2023,2023,escola,262,TP_ATIVIDADE_COMPLEMENTAR,TP,categórica codificada,organização do ensino e gestão,217625,82.8,941,94.8,2,0 (826); 1 (66)
2023,2023,escola,263,IN_MEDIACAO_PRESENCIAL,IN,binária (0/1),"oferta (etapas, modalidades, turnos)",217625,82.8,941,94.8,1,1 (892)
2023,2023,escola,264,IN_MEDIACAO_SEMIPRESENCIAL,IN,binária (0/1),"oferta (etapas, modalidades, turnos)",217625,82.8,941,94.8,2,0 (890); 1 (2)
2023,2023,escola,265,IN_MEDIACAO_EAD,IN,binária (0/1),"oferta (etapas, modalidades, turnos)",217625,82.8,941,94.8,2,0 (890); 1 (2)
2023,2023,escola,266,IN_REGULAR,IN,binária (0/1),"oferta (etapas, modalidades, turnos)",217625,82.8,941,94.8,2,1 (880); 0 (12)
2023,2023,escola,267,IN_DIURNO,IN,binária (0/1),"oferta (etapas, modalidades, turnos)",217625,82.0,941,94.0,2,1 (883); 0 (2)
2023,2023,escola,268,IN_NOTURNO,IN,binária (0/1),"oferta (etapas, modalidades, turnos)",217625,82.0,941,94.0,2,0 (767); 1 (118)
2023,2023,escola,269,IN_EAD,IN,binária (0/1),"oferta (etapas, modalidades, turnos)",217625,82.0,941,94.0,2,0 (881); 1 (4)
2023,2023,escola,270,IN_ESCOLARIZACAO,IN,binária (0/1),"oferta (etapas, modalidades, turnos)",217625,82.8,941,94.8,2,1 (885); 0 (7)
2023,2023,escola,271,IN_INF,IN,binária (0/1),"oferta (etapas, modalidades, turnos)",217625,82.0,941,94.0,2,1 (447); 0 (438)
2023,2023,escola,272,IN_INF_CRE,IN,binária (0/1),"oferta (etapas, modalidades, turnos)",217625,82.0,941,94.0,2,0 (658); 1 (227)
2023,2023,escola,273,IN_INF_PRE,IN,binária (0/1),"oferta (etapas, modalidades, turnos)",217625,82.0,941,94.0,2,0 (493); 1 (392)
2023,2023,escola,274,IN_FUND,IN,binária (0/1),"oferta (etapas, modalidades, turnos)",217625,82.0,941,94.0,2,1 (666); 0 (219)
2023,2023,escola,275,IN_FUND_AI,IN,binária (0/1),"oferta (etapas, modalidades, turnos)",217625,82.0,941,94.0,2,1 (547); 0 (338)
2023,2023,escola,276,IN_FUND_AF,IN,binária (0/1),"oferta (etapas, modalidades, turnos)",217625,82.0,941,94.0,2,0 (640); 1 (245)
2023,2023,escola,277,IN_MED,IN,binária (0/1),"oferta (etapas, modalidades, turnos)",217625,82.0,941,94.0,2,0 (707); 1 (178)
2023,2023,escola,278,IN_PROF,IN,binária (0/1),"oferta (etapas, modalidades, turnos)",217625,82.0,941,94.0,2,0 (870); 1 (15)
2023,2023,escola,279,IN_PROF_TEC,IN,binária (0/1),"oferta (etapas, modalidades, turnos)",217625,82.0,941,94.0,2,0 (870); 1 (15)
2023,2023,escola,280,IN_EJA,IN,binária (0/1),"oferta (etapas, modalidades, turnos)",217625,82.0,941,94.0,2,0 (788); 1 (97)
2023,2023,escola,281,IN_EJA_FUND,IN,binária (0/1),"oferta (etapas, modalidades, turnos)",217625,82.0,941,94.0,2,0 (824); 1 (61)
2023,2023,escola,282,IN_EJA_MED,IN,binária (0/1),"oferta (etapas, modalidades, turnos)",217625,82.0,941,94.0,2,0 (816); 1 (69)
2023,2023,escola,283,IN_ESP,IN,binária (0/1),"oferta (etapas, modalidades, turnos)",217625,82.0,941,94.0,2,1 (508); 0 (377)
2023,2023,escola,284,IN_ESP_CC,IN,binária (0/1),"oferta (etapas, modalidades, turnos)",217625,82.0,941,94.0,2,1 (508); 0 (377)
2023,2023,escola,285,IN_ESP_CE,IN,binária (0/1),"oferta (etapas, modalidades, turnos)",217625,82.0,941,94.0,2,0 (884); 1 (1)
2023,2023,escola,286,QT_MAT_BAS,QT,contagem,matrículas,217625,82.0,941,94.0,390,30 (17); 20 (16); 26 (16); 18 (12)
2023,2023,escola,287,QT_MAT_INF,QT,contagem,matrículas,217625,82.0,941,94.0,164,0 (438); 8 (16); 30 (15); 6 (14)
2023,2023,escola,288,QT_MAT_INF_CRE,QT,contagem,matrículas,217625,82.0,941,94.0,91,0 (658); 30 (14); 4 (10); 15 (8)
2023,2023,escola,289,QT_MAT_INF_PRE,QT,contagem,matrículas,217625,82.0,941,94.0,136,0 (493); 6 (18); 10 (14); 3 (14)
2023,2023,escola,290,QT_MAT_FUND,QT,contagem,matrículas,217625,82.0,941,94.0,294,0 (219); 12 (17); 5 (16); 10 (12)
2023,2023,escola,291,QT_MAT_FUND_AI,QT,contagem,matrículas,217625,82.0,941,94.0,203,0 (338); 12 (17); 5 (16); 16 (14)
2023,2023,escola,292,QT_MAT_FUND_AI_1,QT,contagem,matrículas,217625,82.0,941,94.0,107,0 (403); 2 (42); 3 (41); 1 (37)
2023,2023,escola,293,QT_MAT_FUND_AI_2,QT,contagem,matrículas,217625,82.0,941,94.0,108,0 (400); 2 (50); 3 (44); 1 (35)
2023,2023,escola,294,QT_MAT_FUND_AI_3,QT,contagem,matrículas,217625,82.0,941,94.0,100,0 (401); 2 (50); 3 (49); 4 (44)
2023,2023,escola,295,QT_MAT_FUND_AI_4,QT,contagem,matrículas,217625,82.0,941,94.0,98,0 (404); 2 (54); 1 (46); 3 (38)
2023,2023,escola,296,QT_MAT_FUND_AI_5,QT,contagem,matrículas,217625,82.0,941,94.0,94,0 (403); 1 (47); 2 (45); 3 (43)
2023,2023,escola,297,QT_MAT_FUND_AF,QT,contagem,matrículas,217625,82.0,941,94.0,175,0 (640); 68 (6); 30 (5); 52 (5)
2023,2023,escola,298,QT_MAT_FUND_AF_6,QT,contagem,matrículas,217625,82.0,941,94.0,108,0 (643); 8 (12); 5 (9); 15 (8)
2023,2023,escola,299,QT_MAT_FUND_AF_7,QT,contagem,matrículas,217625,82.0,941,94.0,102,0 (649); 16 (9); 20 (9); 9 (9)
2023,2023,escola,300,QT_MAT_FUND_AF_8,QT,contagem,matrículas,217625,82.0,941,94.0,96,0 (651); 15 (10); 7 (10); 16 (9)
2023,2023,escola,301,QT_MAT_FUND_AF_9,QT,contagem,matrículas,217625,82.0,941,94.0,102,0 (648); 6 (13); 11 (9); 14 (9)
2023,2023,escola,302,QT_MAT_MED,QT,contagem,matrículas,217625,82.0,941,94.0,128,0 (707); 39 (6); 38 (4); 40 (4)
2023,2023,escola,303,QT_MAT_MED_PROP,QT,contagem,matrículas,217625,82.0,941,94.0,122,0 (716); 39 (6); 38 (4); 40 (4)
2023,2023,escola,304,QT_MAT_MED_PROP_1,QT,contagem,matrículas,217625,82.0,941,94.0,88,0 (717); 10 (6); 11 (6); 18 (6)
2023,2023,escola,305,QT_MAT_MED_PROP_2,QT,contagem,matrículas,217625,82.0,941,94.0,84,0 (719); 13 (9); 11 (7); 10 (6)
2023,2023,escola,306,QT_MAT_MED_PROP_3,QT,contagem,matrículas,217625,82.0,941,94.0,71,0 (722); 9 (10); 8 (8); 15 (7)
2023,2023,escola,307,QT_MAT_MED_PROP_4,QT,contagem,matrículas,217625,82.0,941,94.0,1,0 (885)
2023,2023,escola,308,QT_MAT_MED_PROP_NS,QT,contagem,matrículas,217625,82.0,941,94.0,4,0 (882); 1 (1); 21 (1); 86 (1)
2023,2023,escola,309,QT_MAT_MED_CT,QT,contagem,matrículas,217625,82.0,941,94.0,9,0 (877); 165 (1); 196 (1); 197 (1)
2023,2023,escola,310,QT_MAT_MED_CT_1,QT,contagem,matrículas,217625,82.0,941,94.0,7,0 (879); 100 (1); 108 (1); 124 (1)
2023,2023,escola,311,QT_MAT_MED_CT_2,QT,contagem,matrículas,217625,82.0,941,94.0,8,0 (878); 146 (1); 165 (1); 175 (1)
2023,2023,escola,312,QT_MAT_MED_CT_3,QT,contagem,matrículas,217625,82.0,941,94.0,7,0 (879); 109 (1); 188 (1); 57 (1)
2023,2023,escola,313,QT_MAT_MED_CT_4,QT,contagem,matrículas,217625,82.0,941,94.0,3,0 (883); 23 (1); 4 (1)
2023,2023,escola,314,QT_MAT_MED_CT_NS,QT,contagem,matrículas,217625,82.0,941,94.0,2,0 (884); 8 (1)
2023,2023,escola,315,QT_MAT_MED_NM,QT,contagem,matrículas,217625,82.0,941,94.0,2,0 (884); 300 (1)
2023,2023,escola,316,QT_MAT_MED_NM_1,QT,contagem,matrículas,217625,82.0,941,94.0,2,0 (884); 300 (1)
2023,2023,escola,317,QT_MAT_MED_NM_2,QT,contagem,matrículas,217625,82.0,941,94.0,1,0 (885)
2023,2023,escola,318,QT_MAT_MED_NM_3,QT,contagem,matrículas,217625,82.0,941,94.0,1,0 (885)
2023,2023,escola,319,QT_MAT_MED_NM_4,QT,contagem,matrículas,217625,82.0,941,94.0,1,0 (885)
2023,2023,escola,320,QT_MAT_PROF,QT,contagem,matrículas,217625,82.0,941,94.0,16,0 (870); 103 (1); 162 (1); 163 (1)
2023,2023,escola,321,QT_MAT_PROF_TEC,QT,contagem,matrículas,217625,82.0,941,94.0,16,0 (870); 103 (1); 162 (1); 163 (1)
2023,2023,escola,322,QT_MAT_PROF_TEC_CONC,QT,contagem,matrículas,217625,82.0,941,94.0,6,0 (879); 163 (2); 113 (1); 124 (1)
2023,2023,escola,323,QT_MAT_PROF_TEC_SUBS,QT,contagem,matrículas,217625,82.0,941,94.0,11,0 (875); 103 (1); 137 (1); 169 (1)
2023,2023,escola,324,QT_MAT_PROF_FIC_CONC,QT,contagem,matrículas,217625,82.0,941,94.0,2,0 (884); 190 (1)
2023,2023,escola,325,QT_MAT_EJA,QT,contagem,matrículas,217625,82.0,941,94.0,61,0 (788); 11 (4); 14 (4); 20 (4)
2023,2023,escola,326,QT_MAT_EJA_FUND,QT,contagem,matrículas,217625,82.0,941,94.0,41,0 (824); 20 (5); 11 (4); 10 (3)
2023,2023,escola,327,QT_MAT_EJA_FUND_AI,QT,contagem,matrículas,217625,82.0,941,94.0,26,0 (854); 22 (3); 19 (2); 20 (2)
2023,2023,escola,328,QT_MAT_EJA_FUND_AF,QT,contagem,matrículas,217625,82.0,941,94.0,31,0 (844); 1 (3); 11 (3); 13 (2)
2023,2023,escola,329,QT_MAT_EJA_FUND_FIC,QT,contagem,matrículas,217625,82.0,941,94.0,1,0 (885)
2023,2023,escola,330,QT_MAT_EJA_MED,QT,contagem,matrículas,217625,82.0,941,94.0,51,0 (816); 17 (4); 7 (4); 14 (3)
2023,2023,escola,331,QT_MAT_EJA_MED_NPROF,QT,contagem,matrículas,217625,82.0,941,94.0,51,0 (816); 17 (4); 7 (4); 14 (3)
2023,2023,escola,332,QT_MAT_EJA_MED_FIC,QT,contagem,matrículas,217625,82.0,941,94.0,1,0 (885)
2023,2023,escola,333,QT_MAT_EJA_MED_TEC,QT,contagem,matrículas,217625,82.0,941,94.0,1,0 (885)
2023,2023,escola,334,QT_MAT_ESP,QT,contagem,matrículas,217625,82.0,941,94.0,58,0 (377); 1 (114); 2 (78); 3 (41)
2023,2023,escola,335,QT_MAT_ESP_CC,QT,contagem,matrículas,217625,82.0,941,94.0,58,0 (377); 1 (114); 2 (78); 3 (41)
2023,2023,escola,336,QT_MAT_ESP_CE,QT,contagem,matrículas,217625,82.0,941,94.0,2,0 (884); 1 (1)
2023,2023,escola,337,QT_MAT_BAS_FEM,QT,contagem,matrículas,217625,82.0,941,94.0,285,13 (28); 12 (27); 9 (24); 15 (21)
2023,2023,escola,338,QT_MAT_BAS_MASC,QT,contagem,matrículas,217625,82.0,941,94.0,291,12 (22); 8 (22); 17 (21); 5 (21)
2023,2023,escola,339,QT_MAT_BAS_ND,QT,contagem,matrículas,217625,82.0,941,94.0,172,0 (335); 1 (74); 2 (41); 3 (38)
2023,2023,escola,340,QT_MAT_BAS_BRANCA,QT,contagem,matrículas,217625,82.0,941,94.0,136,0 (404); 1 (60); 2 (28); 5 (24)
2023,2023,escola,341,QT_MAT_BAS_PRETA,QT,contagem,matrículas,217625,82.0,941,94.0,41,0 (543); 1 (54); 2 (32); 3 (27)
2023,2023,escola,342,QT_MAT_BAS_PARDA,QT,contagem,matrículas,217625,82.0,941,94.0,279,0 (286); 1 (53); 2 (28); 3 (18)
2023,2023,escola,343,QT_MAT_BAS_AMARELA,QT,contagem,matrículas,217625,82.0,941,94.0,13,0 (714); 1 (103); 2 (28); 3 (14)
2023,2023,escola,344,QT_MAT_BAS_INDIGENA,QT,contagem,matrículas,217625,82.0,941,94.0,158,0 (131); 1 (58); 3 (39); 2 (31)
2023,2023,escola,345,QT_MAT_BAS_0_3,QT,contagem,matrículas,217625,82.0,941,94.0,90,0 (647); 1 (17); 25 (12); 4 (10)
2023,2023,escola,346,QT_MAT_BAS_4_5,QT,contagem,matrículas,217625,82.0,941,94.0,137,0 (419); 1 (33); 2 (26); 4 (21)
2023,2023,escola,347,QT_MAT_BAS_6_10,QT,contagem,matrículas,217625,82.0,941,94.0,195,0 (194); 1 (53); 2 (25); 4 (24)
2023,2023,escola,348,QT_MAT_BAS_11_14,QT,contagem,matrículas,217625,82.0,941,94.0,190,0 (307); 1 (73); 2 (47); 3 (27)
2023,2023,escola,349,QT_MAT_BAS_15_17,QT,contagem,matrículas,217625,82.0,941,94.0,149,0 (555); 1 (39); 2 (15); 4 (9)
2023,2023,escola,350,QT_MAT_BAS_18_MAIS,QT,contagem,matrículas,217625,82.0,941,94.0,97,0 (599); 1 (44); 2 (15); 15 (11)
2023,2023,escola,351,QT_MAT_BAS_D,QT,contagem,matrículas,217625,82.0,941,94.0,381,30 (17); 20 (16); 26 (16); 18 (12)
2023,2023,escola,352,QT_MAT_BAS_N,QT,contagem,matrículas,217625,82.0,941,94.0,84,0 (767); 20 (4); 17 (3); 22 (3)
2023,2023,escola,353,QT_MAT_BAS_EAD,QT,contagem,matrículas,217625,82.0,941,94.0,5,0 (881); 101 (1); 21 (1); 295 (1)
2023,2023,escola,354,QT_MAT_INF_INT,QT,contagem,matrículas,217625,82.0,941,94.0,44,0 (784); 1 (14); 30 (13); 2 (8)
2023,2023,escola,355,QT_MAT_INF_CRE_INT,QT,contagem,matrículas,217625,82.0,941,94.0,40,0 (814); 30 (13); 29 (7); 28 (4)
2023,2023,escola,356,QT_MAT_INF_PRE_INT,QT,contagem,matrículas,217625,82.0,941,94.0,14,0 (847); 1 (15); 2 (10); 3 (2)
2023,2023,escola,357,QT_MAT_FUND_INT,QT,contagem,matrículas,217625,82.0,941,94.0,49,0 (752); 1 (16); 3 (11); 2 (10)
2023,2023,escola,358,QT_MAT_FUND_AI_INT,QT,contagem,matrículas,217625,82.0,941,94.0,41,0 (807); 1 (9); 3 (7); 2 (6)
2023,2023,escola,359,QT_MAT_FUND_AF_INT,QT,contagem,matrículas,217625,82.0,941,94.0,25,0 (823); 1 (8); 2 (8); 3 (6)
2023,2023,escola,360,QT_MAT_MED_INT,QT,contagem,matrículas,217625,82.0,941,94.0,22,0 (844); 1 (8); 2 (3); 3 (3)
2023,2023,escola,361,QT_MAT_ZR_URB,QT,contagem,matrículas,217625,82.0,941,94.0,271,0 (402); 1 (66); 2 (28); 3 (16)
2023,2023,escola,362,QT_MAT_ZR_RUR,QT,contagem,matrículas,217625,82.0,941,94.0,212,0 (68); 1 (29); 5 (25); 10 (19)
2023,2023,escola,363,QT_MAT_ZR_NA,QT,contagem,matrículas,217625,82.0,941,94.0,8,0 (878); 102 (1); 140 (1); 2 (1)
2023,2023,escola,364,QT_TRANSP_PUBLICO,QT,contagem,transporte escolar,217625,82.0,941,94.0,152,0 (472); 1 (14); 8 (13); 2 (10)
2023,2023,escola,365,QT_TRANSP_RESP_EST,QT,contagem,transporte escolar,217625,82.0,941,94.0,105,0 (691); 1 (9); 17 (7); 4 (7)
2023,2023,escola,366,QT_TRANSP_RESP_MUN,QT,contagem,transporte escolar,217625,82.0,941,94.0,109,0 (641); 1 (18); 2 (9); 8 (9)
2023,2023,escola,367,QT_DOC_BAS,QT,contagem,docentes,217625,81.9,941,93.8,59,1 (207); 2 (93); 3 (46); 4 (44)
2023,2023,escola,368,QT_DOC_INF,QT,contagem,docentes,217625,81.9,941,93.8,25,0 (510); 1 (118); 2 (74); 3 (36)
2023,2023,escola,369,QT_DOC_INF_CRE,QT,contagem,docentes,217625,81.9,941,93.8,16,0 (724); 1 (72); 2 (27); 4 (21)
2023,2023,escola,370,QT_DOC_INF_PRE,QT,contagem,docentes,217625,81.9,941,93.8,23,0 (564); 1 (105); 2 (79); 3 (32)
2023,2023,escola,371,QT_DOC_FUND,QT,contagem,docentes,217625,81.9,941,93.8,50,0 (217); 1 (155); 2 (84); 8 (37)
2023,2023,escola,372,QT_DOC_FUND_AI,QT,contagem,docentes,217625,81.9,941,93.8,44,0 (523); 1 (102); 2 (51); 6 (30)
2023,2023,escola,373,QT_DOC_FUND_AF,QT,contagem,docentes,217625,81.9,941,93.8,37,0 (420); 1 (133); 2 (63); 8 (32)
2023,2023,escola,374,QT_DOC_MED,QT,contagem,docentes,217625,81.9,941,93.8,40,0 (705); 7 (18); 9 (18); 10 (17)
2023,2023,escola,375,QT_DOC_PROF,QT,contagem,docentes,217625,81.9,941,93.8,13,0 (868); 20 (2); 3 (2); 32 (2)
2023,2023,escola,376,QT_DOC_PROF_TEC,QT,contagem,docentes,217625,81.9,941,93.8,14,0 (868); 20 (2); 3 (2); 11 (1)
2023,2023,escola,377,QT_DOC_EJA,QT,contagem,docentes,217625,81.9,941,93.8,22,0 (786); 10 (12); 9 (11); 12 (10)
2023,2023,escola,378,QT_DOC_EJA_FUND,QT,contagem,docentes,217625,81.9,941,93.8,16,0 (822); 9 (9); 5 (7); 8 (7)
2023,2023,escola,379,QT_DOC_EJA_MED,QT,contagem,docentes,217625,81.9,941,93.8,19,0 (814); 9 (11); 10 (9); 11 (8)
2023,2023,escola,380,QT_DOC_ESP,QT,contagem,docentes,217625,81.9,941,93.8,55,0 (376); 1 (105); 2 (41); 3 (24)
2023,2023,escola,381,QT_DOC_ESP_CC,QT,contagem,docentes,217625,81.9,941,93.8,55,0 (376); 1 (105); 2 (41); 3 (24)
2023,2023,escola,382,QT_DOC_ESP_CE,QT,contagem,docentes,217625,81.9,941,93.8,2,0 (882); 1 (1)
2023,2023,escola,383,QT_TUR_BAS,QT,contagem,turmas,217625,82.0,941,94.0,51,1 (212); 2 (93); 7 (51); 3 (43)
2023,2023,escola,384,QT_TUR_INF,QT,contagem,turmas,217625,82.0,941,94.0,21,0 (510); 1 (127); 2 (81); 4 (26)
2023,2023,escola,385,QT_TUR_INF_CRE,QT,contagem,turmas,217625,82.0,941,94.0,15,0 (724); 1 (67); 2 (29); 4 (24)
2023,2023,escola,386,QT_TUR_INF_PRE,QT,contagem,turmas,217625,82.0,941,94.0,17,0 (566); 1 (107); 2 (84); 4 (32)
2023,2023,escola,387,QT_TUR_FUND,QT,contagem,turmas,217625,82.0,941,94.0,42,0 (219); 1 (160); 2 (77); 4 (59)
2023,2023,escola,388,QT_TUR_FUND_AI,QT,contagem,turmas,217625,82.0,941,94.0,36,0 (525); 1 (134); 5 (60); 3 (25)
2023,2023,escola,389,QT_TUR_FUND_AF,QT,contagem,turmas,217625,82.0,941,94.0,30,0 (422); 1 (142); 2 (66); 4 (64)
2023,2023,escola,390,QT_TUR_MED,QT,contagem,turmas,217625,82.0,941,94.0,25,0 (707); 3 (76); 5 (17); 6 (17)
2023,2023,escola,391,QT_TUR_PROF,QT,contagem,turmas,217625,82.0,941,94.0,14,0 (870); 14 (2); 8 (2); 1 (1)
2023,2023,escola,392,QT_TUR_PROF_TEC,QT,contagem,turmas,217625,82.0,941,94.0,14,0 (870); 14 (2); 8 (2); 1 (1)
2023,2023,escola,393,QT_TUR_EJA,QT,contagem,turmas,217625,82.0,941,94.0,13,0 (788); 4 (22); 1 (18); 3 (17)
2023,2023,escola,394,QT_TUR_EJA_FUND,QT,contagem,turmas,217625,82.0,941,94.0,8,0 (824); 1 (21); 4 (16); 2 (11)
2023,2023,escola,395,QT_TUR_EJA_MED,QT,contagem,turmas,217625,82.0,941,94.0,10,0 (816); 3 (21); 1 (18); 2 (16)
2023,2023,escola,396,QT_TUR_ESP,QT,contagem,turmas,217625,82.0,941,94.0,40,0 (377); 1 (150); 2 (67); 3 (41)
2023,2023,escola,397,QT_TUR_ESP_CC,QT,contagem,turmas,217625,82.0,941,94.0,40,0 (377); 1 (150); 2 (67); 3 (41)
2023,2023,escola,398,QT_TUR_ESP_CE,QT,contagem,turmas,217625,82.0,941,94.0,2,0 (884); 1 (1)
2023,2023,escola,399,QT_TUR_BAS_D,QT,contagem,turmas,217625,82.0,941,94.0,50,1 (212); 2 (95); 7 (59); 4 (45)
2023,2023,escola,400,QT_TUR_BAS_N,QT,contagem,turmas,217625,82.0,941,94.0,15,0 (767); 3 (31); 4 (26); 5 (13)
2023,2023,escola,401,QT_TUR_BAS_EAD,QT,contagem,turmas,217625,82.0,941,94.0,4,0 (881); 1 (2); 2 (1); 3 (1)
2023,2023,escola,402,QT_TUR_INF_INT,QT,contagem,turmas,217625,82.0,941,94.0,10,0 (820); 1 (39); 4 (13); 3 (3)
2023,2023,escola,403,QT_TUR_INF_CRE_INT,QT,contagem,turmas,217625,82.0,941,94.0,10,0 (821); 1 (38); 4 (13); 3 (3)
2023,2023,escola,404,QT_TUR_INF_PRE_INT,QT,contagem,turmas,217625,82.0,941,94.0,2,0 (884); 1 (1)
2023,2023,escola,405,QT_TUR_FUND_INT,QT,contagem,turmas,217625,82.0,941,94.0,2,0 (882); 1 (3)
2023,2023,escola,406,QT_TUR_FUND_AI_INT,QT,contagem,turmas,217625,82.0,941,94.0,2,0 (883); 1 (2)
2023,2023,escola,407,QT_TUR_FUND_AF_INT,QT,contagem,turmas,217625,82.0,941,94.0,2,0 (884); 1 (1)
2023,2023,escola,408,QT_TUR_MED_INT,QT,contagem,turmas,217625,82.0,941,94.0,10,0 (875); 10 (2); 14 (1); 15 (1)
2024,2024,escola,1,NU_ANO_CENSO,NU,número,identificação e chave,215545,100.0,958,100.0,1,2024 (958)
2024,2024,escola,2,NO_REGIAO,NO,nome/texto,identificação e chave,215545,100.0,958,100.0,1,Norte (958)
2024,2024,escola,3,CO_REGIAO,CO,código,identificação e chave,215545,100.0,958,100.0,1,1 (958)
2024,2024,escola,4,NO_UF,NO,nome/texto,identificação e chave,215545,100.0,958,100.0,1,Roraima (958)
2024,2024,escola,5,SG_UF,SG,sigla,identificação e chave,215545,100.0,958,100.0,1,RR (958)
2024,2024,escola,6,CO_UF,CO,código,identificação e chave,215545,100.0,958,100.0,1,14 (958)
2024,2024,escola,7,NO_MUNICIPIO,NO,nome/texto,identificação e chave,215545,100.0,958,100.0,15,Boa Vista (272); Normandia (124); Uiramutã (117); Pacaraima (62)
2024,2024,escola,8,CO_MUNICIPIO,CO,código,identificação e chave,215545,100.0,958,100.0,15,1400100 (272); 1400407 (124); 1400704 (117); 1400456 (62)
2024,2024,escola,9,NO_REGIAO_GEOG_INTERM,NO,nome/texto,geografia (IBGE),215545,100.0,958,100.0,2,Boa Vista (800); Rorainópolis - Caracaraí (158)
2024,2024,escola,10,CO_REGIAO_GEOG_INTERM,CO,código,geografia (IBGE),215545,100.0,958,100.0,2,1401 (800); 1402 (158)
2024,2024,escola,11,NO_REGIAO_GEOG_IMED,NO,nome/texto,geografia (IBGE),215545,100.0,958,100.0,4,Boa Vista (441); Pacaraima (359); Rorainópolis (93); Caracaraí (65)
2024,2024,escola,12,CO_REGIAO_GEOG_IMED,CO,código,geografia (IBGE),215545,100.0,958,100.0,4,140001 (441); 140002 (359); 140003 (93); 140004 (65)
2024,2024,escola,13,NO_MESORREGIAO,NO,nome/texto,geografia (IBGE),215545,100.0,958,100.0,2,Norte de Roraima (775); Sul de Roraima (183)
2024,2024,escola,14,CO_MESORREGIAO,CO,código,geografia (IBGE),215545,100.0,958,100.0,2,1 (775); 2 (183)
2024,2024,escola,15,NO_MICRORREGIAO,NO,nome/texto,geografia (IBGE),215545,100.0,958,100.0,4,Boa Vista (439); Nordeste de Roraima (336); Sudeste de Roraima (93); Caracaraí (90)
2024,2024,escola,16,CO_MICRORREGIAO,CO,código,geografia (IBGE),215545,100.0,958,100.0,4,1 (439); 2 (336); 4 (93); 3 (90)
2024,2024,escola,17,NO_DISTRITO,NO,nome/texto,geografia (IBGE),215545,100.0,958,100.0,15,Boa Vista (272); Normandia (124); Uiramutã (117); Pacaraima (62)
2024,2024,escola,18,CO_DISTRITO,CO,código,geografia (IBGE),215545,100.0,958,100.0,15,140010005 (272); 140040705 (124); 140070405 (117); 140045605 (62)
2024,2024,escola,19,NO_ENTIDADE,NO,nome/texto,identificação e chave,215545,100.0,958,100.0,952,ESCOLA ESTADUAL FAGUNDES VARELA (2); ESCOLA MUNICIPAL CRIANCA FELIZ (2); ESCOLA MUNICIPAL NOVA CANAA (2); ESCOLA MUNICIPAL PEQUENO POLEGAR (2)
2024,2024,escola,20,CO_ENTIDADE,CO,código,identificação e chave,215545,100.0,958,100.0,958,14000016 (1); 14000032 (1); 14000113 (1); 14000130 (1)
2024,2024,escola,21,TP_DEPENDENCIA,TP,categórica codificada,dependência administrativa e vínculos,215545,100.0,958,100.0,4,3 (495); 2 (404); 4 (52); 1 (7)
2024,2024,escola,22,TP_CATEGORIA_ESCOLA_PRIVADA,TP,categórica codificada,dependência administrativa e vínculos,215545,20.1,958,5.0,4,1 (43); 4 (3); 2 (1); 3 (1)
2024,2024,escola,23,TP_LOCALIZACAO,TP,categórica codificada,localização e vínculo institucional,215545,100.0,958,100.0,2,2 (626); 1 (332)
2024,2024,escola,24,TP_LOCALIZACAO_DIFERENCIADA,TP,categórica codificada,localização e vínculo institucional,215545,84.0,958,95.1,4,2 (431); 0 (417); 1 (49); 8 (14)
2024,2024,escola,25,DS_ENDERECO,DS,texto livre,endereço e contato,215545,100.0,958,100.0,803,AVENIDA NAZARE FILGUEIRAS (9); RUA S-28 (6); AVENIDA CONSOLACAO DE MATOS (5); RUA PALMAS (5)
2024,2024,escola,26,NU_ENDERECO,NU,número,endereço e contato,215545,80.6,958,47.1,217,S/N (116); SN (67); S/Nº (11); 2141 (7)
2024,2024,escola,27,DS_COMPLEMENTO,DS,texto livre,endereço e contato,215545,32.9,958,26.8,97,TI-RSS (33); TERRA IND YANOMAMI (31); ZONA RURAL (23); PREDIO (20)
2024,2024,escola,28,NO_BAIRRO,NO,nome/texto,endereço e contato,215545,86.7,958,47.6,133,CENTRO (72); ZONA RURAL (27); CIDADE SATELITE (16); COMUNIDADE INDIGENA (11)
2024,2024,escola,29,CO_CEP,CO,código,endereço e contato,215545,100.0,958,100.0,205,69355000 (124); 69358000 (117); 69345000 (62); 69343000 (56)
2024,2024,escola,30,NU_DDD,NU,número,endereço e contato,215545,85.1,958,82.2,1,95 (787)
2024,2024,escola,31,NU_TELEFONE,NU,número,endereço e contato,215545,79.9,958,73.9,598,35531270 (33); 36241468 (23); 32381459 (17); 984046038 (5)
2024,2024,escola,32,TP_SITUACAO_FUNCIONAMENTO,TP,categórica codificada,situação de funcionamento,215545,100.0,958,100.0,3,1 (911); 2 (45); 3 (2)
2024,2024,escola,33,CO_ORGAO_REGIONAL,CO,código,identificação e chave,215545,97.1,958,0.0,0,
2024,2024,escola,34,DT_ANO_LETIVO_INICIO,DT,data,situação de funcionamento,215545,84.0,958,95.1,40,05FEB2024:00:00:00 (431); 01FEB2024:00:00:00 (153); 04MAR2024:00:00:00 (123); 25MAR2024:00:00:00 (51)
2024,2024,escola,35,DT_ANO_LETIVO_TERMINO,DT,data,situação de funcionamento,215545,84.0,958,95.1,31,17DEC2024:00:00:00 (313); 13DEC2024:00:00:00 (170); 18DEC2024:00:00:00 (138); 20DEC2024:00:00:00 (90)
2024,2024,escola,36,IN_VINCULO_SECRETARIA_EDUCACAO,IN,binária (0/1),localização e vínculo institucional,215545,64.0,958,90.1,1,1 (863)
2024,2024,escola,37,IN_VINCULO_SEGURANCA_PUBLICA,IN,binária (0/1),localização e vínculo institucional,215545,64.0,958,90.1,1,0 (863)
2024,2024,escola,38,IN_VINCULO_SECRETARIA_SAUDE,IN,binária (0/1),localização e vínculo institucional,215545,64.0,958,90.1,1,0 (863)
2024,2024,escola,39,IN_VINCULO_OUTRO_ORGAO,IN,binária (0/1),localização e vínculo institucional,215545,64.0,958,90.1,1,0 (863)
2024,2024,escola,40,IN_PODER_PUBLICO_PARCERIA,IN,binária (0/1),dependência administrativa e vínculos,215545,84.0,958,95.1,2,0 (906); 1 (5)
2024,2024,escola,41,TP_PODER_PUBLICO_PARCERIA,TP,categórica codificada,dependência administrativa e vínculos,215545,4.8,958,0.5,1,1 (5)
2024,2024,escola,42,IN_FORMA_CONT_TERMO_COLABORA,IN,binária (0/1),dependência administrativa e vínculos,215545,4.8,958,0.5,1,0 (5)
2024,2024,escola,43,IN_FORMA_CONT_TERMO_FOMENTO,IN,binária (0/1),dependência administrativa e vínculos,215545,4.8,958,0.5,1,0 (5)
2024,2024,escola,44,IN_FORMA_CONT_ACORDO_COOP,IN,binária (0/1),dependência administrativa e vínculos,215545,4.8,958,0.5,1,0 (5)
2024,2024,escola,45,IN_FORMA_CONT_PRESTACAO_SERV,IN,binária (0/1),dependência administrativa e vínculos,215545,4.8,958,0.5,1,0 (5)
2024,2024,escola,46,IN_FORMA_CONT_COOP_TEC_FIN,IN,binária (0/1),dependência administrativa e vínculos,215545,4.8,958,0.5,2,0 (4); 1 (1)
2024,2024,escola,47,IN_FORMA_CONT_CONSORCIO_PUB,IN,binária (0/1),dependência administrativa e vínculos,215545,4.8,958,0.5,2,1 (4); 0 (1)
2024,2024,escola,48,IN_FORMA_CONT_MU_TERMO_COLAB,IN,binária (0/1),dependência administrativa e vínculos,215545,4.3,958,0.5,1,0 (5)
2024,2024,escola,49,IN_FORMA_CONT_MU_TERMO_FOMENTO,IN,binária (0/1),dependência administrativa e vínculos,215545,4.3,958,0.5,1,0 (5)
2024,2024,escola,50,IN_FORMA_CONT_MU_ACORDO_COOP,IN,binária (0/1),dependência administrativa e vínculos,215545,4.3,958,0.5,1,0 (5)
2024,2024,escola,51,IN_FORMA_CONT_MU_PREST_SERV,IN,binária (0/1),dependência administrativa e vínculos,215545,4.3,958,0.5,1,0 (5)
2024,2024,escola,52,IN_FORMA_CONT_MU_COOP_TEC_FIN,IN,binária (0/1),dependência administrativa e vínculos,215545,4.3,958,0.5,2,0 (4); 1 (1)
2024,2024,escola,53,IN_FORMA_CONT_MU_CONSORCIO_PUB,IN,binária (0/1),dependência administrativa e vínculos,215545,4.3,958,0.5,2,1 (4); 0 (1)
2024,2024,escola,54,IN_FORMA_CONT_ES_TERMO_COLAB,IN,binária (0/1),dependência administrativa e vínculos,215545,1.0,958,0.0,0,
2024,2024,escola,55,IN_FORMA_CONT_ES_TERMO_FOMENTO,IN,binária (0/1),dependência administrativa e vínculos,215545,1.0,958,0.0,0,
2024,2024,escola,56,IN_FORMA_CONT_ES_ACORDO_COOP,IN,binária (0/1),dependência administrativa e vínculos,215545,1.0,958,0.0,0,
2024,2024,escola,57,IN_FORMA_CONT_ES_PREST_SERV,IN,binária (0/1),dependência administrativa e vínculos,215545,1.0,958,0.0,0,
2024,2024,escola,58,IN_FORMA_CONT_ES_COOP_TEC_FIN,IN,binária (0/1),dependência administrativa e vínculos,215545,1.0,958,0.0,0,
2024,2024,escola,59,IN_FORMA_CONT_ES_CONSORCIO_PUB,IN,binária (0/1),dependência administrativa e vínculos,215545,1.0,958,0.0,0,
2024,2024,escola,60,IN_MANT_ESCOLA_PRIVADA_EMP,IN,binária (0/1),dependência administrativa e vínculos,215545,20.1,958,5.0,2,1 (39); 0 (9)
2024,2024,escola,61,IN_MANT_ESCOLA_PRIVADA_ONG,IN,binária (0/1),dependência administrativa e vínculos,215545,20.1,958,5.0,1,0 (48)
2024,2024,escola,62,IN_MANT_ESCOLA_PRIVADA_OSCIP,IN,binária (0/1),dependência administrativa e vínculos,215545,20.1,958,5.0,1,0 (48)
2024,2024,escola,63,IN_MANT_ESCOLA_PRIV_ONG_OSCIP,IN,binária (0/1),dependência administrativa e vínculos,215545,20.1,958,5.0,1,0 (48)
2024,2024,escola,64,IN_MANT_ESCOLA_PRIVADA_SIND,IN,binária (0/1),dependência administrativa e vínculos,215545,20.1,958,5.0,2,0 (47); 1 (1)
2024,2024,escola,65,IN_MANT_ESCOLA_PRIVADA_SIST_S,IN,binária (0/1),dependência administrativa e vínculos,215545,20.1,958,5.0,2,0 (43); 1 (5)
2024,2024,escola,66,IN_MANT_ESCOLA_PRIVADA_S_FINS,IN,binária (0/1),dependência administrativa e vínculos,215545,20.1,958,5.0,2,0 (42); 1 (6)
2024,2024,escola,67,NU_CNPJ_ESCOLA_PRIVADA,NU,número,dependência administrativa e vínculos,215545,20.1,958,5.0,48,01949930000159 (1); 03153024000179 (1); 03485283000288 (1); 03488834000500 (1)
2024,2024,escola,68,NU_CNPJ_MANTENEDORA,NU,número,dependência administrativa e vínculos,215545,20.1,958,5.0,48,01949930000159 (1); 03153024000179 (1); 03485283000288 (1); 03488834000186 (1)
2024,2024,escola,69,TP_REGULAMENTACAO,TP,categórica codificada,dependência administrativa e vínculos,215545,84.0,958,95.1,3,1 (672); 2 (209); 0 (30)
2024,2024,escola,70,TP_RESPONSAVEL_REGULAMENTACAO,TP,categórica codificada,dependência administrativa e vínculos,215545,81.9,958,92.0,4,2 (432); 3 (424); 4 (18); 1 (7)
2024,2024,escola,71,CO_ESCOLA_SEDE_VINCULADA,CO,código,dependência administrativa e vínculos,215545,1.5,958,0.0,0,
2024,2024,escola,72,CO_IES_OFERTANTE,CO,código,dependência administrativa e vínculos,215545,0.2,958,0.6,3,3184 (4); 5520 (1); 789 (1)
2024,2024,escola,73,IN_LOCAL_FUNC_PREDIO_ESCOLAR,IN,binária (0/1),local de funcionamento,215545,84.0,958,95.1,2,1 (684); 0 (227)
2024,2024,escola,74,TP_OCUPACAO_PREDIO_ESCOLAR,TP,categórica codificada,local de funcionamento,215545,82.2,958,71.4,3,1 (603); 3 (58); 2 (23)
2024,2024,escola,75,IN_LOCAL_FUNC_SOCIOEDUCATIVO,IN,binária (0/1),local de funcionamento,215545,84.0,958,95.1,1,0 (911)
2024,2024,escola,76,IN_LOCAL_FUNC_UNID_PRISIONAL,IN,binária (0/1),local de funcionamento,215545,84.0,958,95.1,2,0 (909); 1 (2)
2024,2024,escola,77,IN_LOCAL_FUNC_PRISIONAL_SOCIO,IN,binária (0/1),local de funcionamento,215545,84.0,958,95.1,2,0 (909); 1 (2)
2024,2024,escola,78,IN_LOCAL_FUNC_GALPAO,IN,binária (0/1),local de funcionamento,215545,84.0,958,95.1,2,0 (669); 1 (242)
2024,2024,escola,79,TP_OCUPACAO_GALPAO,TP,categórica codificada,local de funcionamento,215545,1.1,958,25.3,3,9 (199); 1 (35); 3 (8)
2024,2024,escola,80,IN_LOCAL_FUNC_SALAS_OUTRA_ESC,IN,binária (0/1),local de funcionamento,215545,84.0,958,95.1,2,0 (870); 1 (41)
2024,2024,escola,81,IN_LOCAL_FUNC_OUTROS,IN,binária (0/1),local de funcionamento,215545,84.0,958,95.1,2,0 (837); 1 (74)
2024,2024,escola,82,IN_PREDIO_COMPARTILHADO,IN,binária (0/1),local de funcionamento,215545,82.2,958,71.4,2,0 (637); 1 (47)
2024,2024,escola,83,IN_AGUA_POTAVEL,IN,binária (0/1),"infraestrutura básica (água, energia, esgoto, lixo)",215545,84.0,958,95.1,2,1 (643); 0 (268)
2024,2024,escola,84,IN_AGUA_REDE_PUBLICA,IN,binária (0/1),"infraestrutura básica (água, energia, esgoto, lixo)",215545,84.0,958,95.1,2,0 (488); 1 (423)
2024,2024,escola,85,IN_AGUA_POCO_ARTESIANO,IN,binária (0/1),"infraestrutura básica (água, energia, esgoto, lixo)",215545,84.0,958,95.1,2,0 (545); 1 (366)
2024,2024,escola,86,IN_AGUA_CACIMBA,IN,binária (0/1),"infraestrutura básica (água, energia, esgoto, lixo)",215545,84.0,958,95.1,2,0 (839); 1 (72)
2024,2024,escola,87,IN_AGUA_FONTE_RIO,IN,binária (0/1),"infraestrutura básica (água, energia, esgoto, lixo)",215545,84.0,958,95.1,2,0 (732); 1 (179)
2024,2024,escola,88,IN_AGUA_INEXISTENTE,IN,binária (0/1),"infraestrutura básica (água, energia, esgoto, lixo)",215545,84.0,958,95.1,2,0 (894); 1 (17)
2024,2024,escola,89,IN_AGUA_CARRO_PIPA,IN,binária (0/1),"infraestrutura básica (água, energia, esgoto, lixo)",215545,84.0,958,95.1,2,0 (910); 1 (1)
2024,2024,escola,90,IN_ENERGIA_REDE_PUBLICA,IN,binária (0/1),"infraestrutura básica (água, energia, esgoto, lixo)",215545,84.0,958,95.1,2,1 (718); 0 (193)
2024,2024,escola,91,IN_ENERGIA_GERADOR_FOSSIL,IN,binária (0/1),"infraestrutura básica (água, energia, esgoto, lixo)",215545,84.0,958,95.1,2,0 (861); 1 (50)
2024,2024,escola,92,IN_ENERGIA_RENOVAVEL,IN,binária (0/1),"infraestrutura básica (água, energia, esgoto, lixo)",215545,84.0,958,95.1,2,0 (900); 1 (11)
2024,2024,escola,93,IN_ENERGIA_INEXISTENTE,IN,binária (0/1),"infraestrutura básica (água, energia, esgoto, lixo)",215545,84.0,958,95.1,2,0 (765); 1 (146)
2024,2024,escola,94,IN_ESGOTO_REDE_PUBLICA,IN,binária (0/1),"infraestrutura básica (água, energia, esgoto, lixo)",215545,84.0,958,95.1,2,0 (720); 1 (191)
2024,2024,escola,95,IN_ESGOTO_FOSSA_SEPTICA,IN,binária (0/1),"infraestrutura básica (água, energia, esgoto, lixo)",215545,84.0,958,95.1,2,0 (571); 1 (340)
2024,2024,escola,96,IN_ESGOTO_FOSSA_COMUM,IN,binária (0/1),"infraestrutura básica (água, energia, esgoto, lixo)",215545,84.0,958,95.1,2,0 (708); 1 (203)
2024,2024,escola,97,IN_ESGOTO_FOSSA,IN,binária (0/1),"infraestrutura básica (água, energia, esgoto, lixo)",215545,84.0,958,95.1,2,1 (543); 0 (368)
2024,2024,escola,98,IN_ESGOTO_INEXISTENTE,IN,binária (0/1),"infraestrutura básica (água, energia, esgoto, lixo)",215545,84.0,958,95.1,2,0 (712); 1 (199)
2024,2024,escola,99,IN_LIXO_SERVICO_COLETA,IN,binária (0/1),"infraestrutura básica (água, energia, esgoto, lixo)",215545,84.0,958,95.1,2,0 (504); 1 (407)
2024,2024,escola,100,IN_LIXO_QUEIMA,IN,binária (0/1),"infraestrutura básica (água, energia, esgoto, lixo)",215545,84.0,958,95.1,2,1 (511); 0 (400)
2024,2024,escola,101,IN_LIXO_ENTERRA,IN,binária (0/1),"infraestrutura básica (água, energia, esgoto, lixo)",215545,84.0,958,95.1,2,0 (830); 1 (81)
2024,2024,escola,102,IN_LIXO_DESTINO_FINAL_PUBLICO,IN,binária (0/1),"infraestrutura básica (água, energia, esgoto, lixo)",215545,84.0,958,95.1,2,0 (906); 1 (5)
2024,2024,escola,103,IN_LIXO_DESCARTA_OUTRA_AREA,IN,binária (0/1),"infraestrutura básica (água, energia, esgoto, lixo)",215545,84.0,958,95.1,2,0 (854); 1 (57)
2024,2024,escola,104,IN_TRATAMENTO_LIXO_SEPARACAO,IN,binária (0/1),"infraestrutura básica (água, energia, esgoto, lixo)",215545,84.0,958,95.1,3,0 (779); 1 (129); 9 (3)
2024,2024,escola,105,IN_TRATAMENTO_LIXO_REUTILIZA,IN,binária (0/1),"infraestrutura básica (água, energia, esgoto, lixo)",215545,84.0,958,95.1,3,0 (902); 1 (6); 9 (3)
2024,2024,escola,106,IN_TRATAMENTO_LIXO_RECICLAGEM,IN,binária (0/1),"infraestrutura básica (água, energia, esgoto, lixo)",215545,84.0,958,95.1,3,0 (886); 1 (22); 9 (3)
2024,2024,escola,107,IN_TRATAMENTO_LIXO_INEXISTENTE,IN,binária (0/1),"infraestrutura básica (água, energia, esgoto, lixo)",215545,84.0,958,95.1,3,1 (763); 0 (145); 9 (3)
2024,2024,escola,108,IN_ALMOXARIFADO,IN,binária (0/1),dependências físicas,215545,84.0,958,95.1,2,0 (732); 1 (179)
2024,2024,escola,109,IN_AREA_VERDE,IN,binária (0/1),dependências físicas,215545,84.0,958,95.1,2,0 (623); 1 (288)
2024,2024,escola,110,IN_AREA_PLANTIO,IN,binária (0/1),dependências físicas,215545,84.0,958,95.1,2,0 (867); 1 (44)
2024,2024,escola,111,IN_AUDITORIO,IN,binária (0/1),dependências físicas,215545,84.0,958,95.1,2,0 (865); 1 (46)
2024,2024,escola,112,IN_BANHEIRO,IN,binária (0/1),dependências físicas,215545,84.0,958,95.1,2,1 (674); 0 (237)
2024,2024,escola,113,IN_BANHEIRO_EI,IN,binária (0/1),dependências físicas,215545,84.0,958,95.1,2,0 (683); 1 (228)
2024,2024,escola,114,IN_BANHEIRO_PNE,IN,binária (0/1),dependências físicas,215545,84.0,958,95.1,2,0 (593); 1 (318)
2024,2024,escola,115,IN_BANHEIRO_FUNCIONARIOS,IN,binária (0/1),dependências físicas,215545,84.0,958,95.1,2,0 (577); 1 (334)
2024,2024,escola,116,IN_BANHEIRO_CHUVEIRO,IN,binária (0/1),dependências físicas,215545,84.0,958,95.1,2,0 (553); 1 (358)
2024,2024,escola,117,IN_BIBLIOTECA,IN,binária (0/1),dependências físicas,215545,84.0,958,95.1,2,0 (708); 1 (203)
2024,2024,escola,118,IN_BIBLIOTECA_SALA_LEITURA,IN,binária (0/1),dependências físicas,215545,84.0,958,95.1,2,0 (665); 1 (246)
2024,2024,escola,119,IN_COZINHA,IN,binária (0/1),dependências físicas,215545,84.0,958,95.1,2,1 (692); 0 (219)
2024,2024,escola,120,IN_DESPENSA,IN,binária (0/1),dependências físicas,215545,84.0,958,95.1,2,1 (488); 0 (423)
2024,2024,escola,121,IN_DORMITORIO_ALUNO,IN,binária (0/1),dependências físicas,215545,84.0,958,95.1,2,0 (885); 1 (26)
2024,2024,escola,122,IN_DORMITORIO_PROFESSOR,IN,binária (0/1),dependências físicas,215545,84.0,958,95.1,2,0 (906); 1 (5)
2024,2024,escola,123,IN_LABORATORIO_CIENCIAS,IN,binária (0/1),dependências físicas,215545,84.0,958,95.1,2,0 (829); 1 (82)
2024,2024,escola,124,IN_LABORATORIO_INFORMATICA,IN,binária (0/1),dependências físicas,215545,84.0,958,95.1,2,0 (805); 1 (106)
2024,2024,escola,125,IN_LABORATORIO_EDUC_PROF,IN,binária (0/1),dependências físicas,215545,84.0,958,95.1,2,0 (906); 1 (5)
2024,2024,escola,126,IN_PATIO_COBERTO,IN,binária (0/1),dependências físicas,215545,84.0,958,95.1,2,0 (542); 1 (369)
2024,2024,escola,127,IN_PATIO_DESCOBERTO,IN,binária (0/1),dependências físicas,215545,84.0,958,95.1,2,0 (772); 1 (139)
2024,2024,escola,128,IN_PARQUE_INFANTIL,IN,binária (0/1),dependências físicas,215545,84.0,958,95.1,2,0 (772); 1 (139)
2024,2024,escola,129,IN_PISCINA,IN,binária (0/1),dependências físicas,215545,84.0,958,95.1,2,0 (899); 1 (12)
2024,2024,escola,130,IN_QUADRA_ESPORTES,IN,binária (0/1),dependências físicas,215545,84.0,958,95.1,2,0 (706); 1 (205)
2024,2024,escola,131,IN_QUADRA_ESPORTES_COBERTA,IN,binária (0/1),dependências físicas,215545,84.0,958,95.1,2,0 (721); 1 (190)
2024,2024,escola,132,IN_QUADRA_ESPORTES_DESCOBERTA,IN,binária (0/1),dependências físicas,215545,84.0,958,95.1,2,0 (882); 1 (29)
2024,2024,escola,133,IN_REFEITORIO,IN,binária (0/1),dependências físicas,215545,84.0,958,95.1,2,0 (567); 1 (344)
2024,2024,escola,134,IN_SALA_ATELIE_ARTES,IN,binária (0/1),dependências físicas,215545,84.0,958,95.1,2,0 (899); 1 (12)
2024,2024,escola,135,IN_SALA_MUSICA_CORAL,IN,binária (0/1),dependências físicas,215545,84.0,958,95.1,2,0 (897); 1 (14)
2024,2024,escola,136,IN_SALA_ESTUDIO_DANCA,IN,binária (0/1),dependências físicas,215545,84.0,958,95.1,2,0 (905); 1 (6)
2024,2024,escola,137,IN_SALA_MULTIUSO,IN,binária (0/1),dependências físicas,215545,84.0,958,95.1,2,0 (884); 1 (27)
2024,2024,escola,138,IN_SALA_ESTUDIO_GRAVACAO,IN,binária (0/1),dependências físicas,215545,84.0,958,95.1,2,0 (908); 1 (3)
2024,2024,escola,139,IN_SALA_OFICINAS_EDUC_PROF,IN,binária (0/1),dependências físicas,215545,84.0,958,95.1,2,0 (908); 1 (3)
2024,2024,escola,140,IN_SALA_DIRETORIA,IN,binária (0/1),dependências físicas,215545,84.0,958,95.1,2,0 (464); 1 (447)
2024,2024,escola,141,IN_SALA_LEITURA,IN,binária (0/1),dependências físicas,215545,84.0,958,95.1,2,0 (753); 1 (158)
2024,2024,escola,142,IN_SALA_PROFESSOR,IN,binária (0/1),dependências físicas,215545,84.0,958,95.1,2,0 (553); 1 (358)
2024,2024,escola,143,IN_SALA_REPOUSO_ALUNO,IN,binária (0/1),dependências físicas,215545,84.0,958,95.1,2,0 (899); 1 (12)
2024,2024,escola,144,IN_SECRETARIA,IN,binária (0/1),dependências físicas,215545,84.0,958,95.1,2,1 (533); 0 (378)
2024,2024,escola,145,IN_SALA_ATENDIMENTO_ESPECIAL,IN,binária (0/1),dependências físicas,215545,84.0,958,95.1,2,0 (712); 1 (199)
2024,2024,escola,146,IN_TERREIRAO,IN,binária (0/1),dependências físicas,215545,84.0,958,95.1,2,0 (579); 1 (332)
2024,2024,escola,147,IN_VIVEIRO,IN,binária (0/1),dependências físicas,215545,84.0,958,95.1,2,0 (907); 1 (4)
2024,2024,escola,148,IN_DEPENDENCIAS_OUTRAS,IN,binária (0/1),dependências físicas,215545,84.0,958,95.1,2,0 (805); 1 (106)
2024,2024,escola,149,IN_ACESSIBILIDADE_CORRIMAO,IN,binária (0/1),acessibilidade,215545,84.0,958,95.1,2,0 (854); 1 (57)
2024,2024,escola,150,IN_ACESSIBILIDADE_ELEVADOR,IN,binária (0/1),acessibilidade,215545,84.0,958,95.1,2,0 (900); 1 (11)
2024,2024,escola,151,IN_ACESSIBILIDADE_PISOS_TATEIS,IN,binária (0/1),acessibilidade,215545,84.0,958,95.1,2,0 (811); 1 (100)
2024,2024,escola,152,IN_ACESSIBILIDADE_VAO_LIVRE,IN,binária (0/1),acessibilidade,215545,84.0,958,95.1,2,0 (730); 1 (181)
2024,2024,escola,153,IN_ACESSIBILIDADE_RAMPAS,IN,binária (0/1),acessibilidade,215545,84.0,958,95.1,2,0 (517); 1 (394)
2024,2024,escola,154,IN_ACESSIBILIDADE_SINAL_SONORO,IN,binária (0/1),acessibilidade,215545,84.0,958,95.1,2,0 (897); 1 (14)
2024,2024,escola,155,IN_ACESSIBILIDADE_SINAL_TATIL,IN,binária (0/1),acessibilidade,215545,84.0,958,95.1,2,0 (875); 1 (36)
2024,2024,escola,156,IN_ACESSIBILIDADE_SINAL_VISUAL,IN,binária (0/1),acessibilidade,215545,84.0,958,95.1,2,0 (854); 1 (57)
2024,2024,escola,157,IN_ACESSIBILIDADE_INEXISTENTE,IN,binária (0/1),acessibilidade,215545,84.0,958,95.1,2,1 (462); 0 (449)
2024,2024,escola,158,IN_ACESSIBILIDADE_SINALIZACAO,IN,binária (0/1),acessibilidade,215545,84.0,958,95.1,2,0 (909); 1 (2)
2024,2024,escola,159,QT_SALAS_UTILIZADAS_DENTRO,QT,contagem,dependências físicas,215545,84.0,958,95.1,35,0 (227); 2 (107); 1 (101); 4 (78)
2024,2024,escola,160,QT_SALAS_UTILIZADAS_FORA,QT,contagem,dependências físicas,215545,84.0,958,95.1,15,0 (590); 1 (171); 2 (52); 4 (32)
2024,2024,escola,161,QT_SALAS_UTILIZADAS,QT,contagem,dependências físicas,215545,84.0,958,95.1,37,1 (237); 2 (107); 4 (99); 6 (52)
2024,2024,escola,162,QT_SALAS_UTILIZA_CLIMATIZADAS,QT,contagem,dependências físicas,215545,84.0,958,95.1,36,0 (442); 1 (52); 4 (46); 2 (45)
2024,2024,escola,163,QT_SALAS_UTILIZADAS_ACESSIVEIS,QT,contagem,dependências físicas,215545,84.0,958,95.1,32,0 (742); 1 (19); 10 (13); 12 (13)
2024,2024,escola,164,IN_EQUIP_PARABOLICA,IN,binária (0/1),equipamentos e tecnologia,215545,84.0,958,95.1,2,0 (883); 1 (28)
2024,2024,escola,165,IN_COMPUTADOR,IN,binária (0/1),equipamentos e tecnologia,215545,84.0,958,95.1,2,1 (512); 0 (399)
2024,2024,escola,166,IN_EQUIP_COPIADORA,IN,binária (0/1),equipamentos e tecnologia,215545,84.0,958,95.1,2,0 (692); 1 (219)
2024,2024,escola,167,IN_EQUIP_IMPRESSORA,IN,binária (0/1),equipamentos e tecnologia,215545,84.0,958,95.1,2,0 (523); 1 (388)
2024,2024,escola,168,IN_EQUIP_IMPRESSORA_MULT,IN,binária (0/1),equipamentos e tecnologia,215545,84.0,958,95.1,2,1 (470); 0 (441)
2024,2024,escola,169,IN_EQUIP_SCANNER,IN,binária (0/1),equipamentos e tecnologia,215545,84.0,958,95.1,2,0 (718); 1 (193)
2024,2024,escola,170,IN_EQUIP_NENHUM,IN,binária (0/1),equipamentos e tecnologia,215545,84.0,958,95.1,2,0 (601); 1 (310)
2024,2024,escola,171,IN_EQUIP_DVD,IN,binária (0/1),equipamentos e tecnologia,215545,84.0,958,95.1,2,0 (761); 1 (150)
2024,2024,escola,172,QT_EQUIP_DVD,QT,contagem,equipamentos e tecnologia,215545,84.0,958,95.1,8,0 (761); 1 (106); 2 (27); 3 (6)
2024,2024,escola,173,IN_EQUIP_SOM,IN,binária (0/1),equipamentos e tecnologia,215545,84.0,958,95.1,2,0 (617); 1 (294)
2024,2024,escola,174,QT_EQUIP_SOM,QT,contagem,equipamentos e tecnologia,215545,84.0,958,95.1,13,0 (617); 1 (189); 2 (62); 3 (16)
2024,2024,escola,175,IN_EQUIP_TV,IN,binária (0/1),equipamentos e tecnologia,215545,84.0,958,95.1,2,0 (465); 1 (446)
2024,2024,escola,176,QT_EQUIP_TV,QT,contagem,equipamentos e tecnologia,215545,84.0,958,95.1,20,0 (465); 1 (224); 2 (84); 3 (49)
2024,2024,escola,177,IN_EQUIP_LOUSA_DIGITAL,IN,binária (0/1),equipamentos e tecnologia,215545,84.0,958,95.1,2,0 (801); 1 (110)
2024,2024,escola,178,QT_EQUIP_LOUSA_DIGITAL,QT,contagem,equipamentos e tecnologia,215545,84.0,958,95.1,11,0 (801); 1 (52); 2 (23); 3 (13)
2024,2024,escola,179,IN_EQUIP_MULTIMIDIA,IN,binária (0/1),equipamentos e tecnologia,215545,84.0,958,95.1,2,0 (525); 1 (386)
2024,2024,escola,180,QT_EQUIP_MULTIMIDIA,QT,contagem,equipamentos e tecnologia,215545,84.0,958,95.1,15,0 (525); 1 (238); 2 (81); 3 (28)
2024,2024,escola,181,IN_DESKTOP_ALUNO,IN,binária (0/1),equipamentos e tecnologia,215545,84.0,958,95.1,2,0 (716); 1 (195)
2024,2024,escola,182,QT_DESKTOP_ALUNO,QT,contagem,equipamentos e tecnologia,215545,84.0,958,95.1,36,0 (716); 1 (61); 2 (23); 10 (15)
2024,2024,escola,183,IN_COMP_PORTATIL_ALUNO,IN,binária (0/1),equipamentos e tecnologia,215545,84.0,958,95.1,2,0 (723); 1 (188)
2024,2024,escola,184,QT_COMP_PORTATIL_ALUNO,QT,contagem,equipamentos e tecnologia,215545,84.0,958,95.1,32,0 (723); 1 (69); 2 (44); 3 (12)
2024,2024,escola,185,IN_TABLET_ALUNO,IN,binária (0/1),equipamentos e tecnologia,215545,84.0,958,95.1,2,0 (701); 1 (210)
2024,2024,escola,186,QT_TABLET_ALUNO,QT,contagem,equipamentos e tecnologia,215545,84.0,958,95.1,72,0 (701); 10 (17); 30 (15); 40 (13)
2024,2024,escola,187,IN_INTERNET,IN,binária (0/1),equipamentos e tecnologia,215545,84.0,958,95.1,2,1 (565); 0 (346)
2024,2024,escola,188,IN_INTERNET_ALUNOS,IN,binária (0/1),equipamentos e tecnologia,215545,84.0,958,95.1,2,0 (658); 1 (253)
2024,2024,escola,189,IN_INTERNET_ADMINISTRATIVO,IN,binária (0/1),equipamentos e tecnologia,215545,84.0,958,95.1,2,1 (541); 0 (370)
2024,2024,escola,190,IN_INTERNET_APRENDIZAGEM,IN,binária (0/1),equipamentos e tecnologia,215545,84.0,958,95.1,2,0 (583); 1 (328)
2024,2024,escola,191,IN_INTERNET_COMUNIDADE,IN,binária (0/1),equipamentos e tecnologia,215545,84.0,958,95.1,2,0 (792); 1 (119)
2024,2024,escola,192,IN_ACESSO_INTERNET_COMPUTADOR,IN,binária (0/1),equipamentos e tecnologia,215545,84.0,958,95.1,3,0 (753); 1 (140); 9 (18)
2024,2024,escola,193,IN_ACES_INTERNET_DISP_PESSOAIS,IN,binária (0/1),equipamentos e tecnologia,215545,84.0,958,95.1,3,0 (745); 1 (148); 9 (18)
2024,2024,escola,194,TP_REDE_LOCAL,TP,categórica codificada,equipamentos e tecnologia,215545,84.0,958,95.1,5,9 (401); 3 (174); 2 (162); 1 (97)
2024,2024,escola,195,IN_BANDA_LARGA,IN,binária (0/1),equipamentos e tecnologia,215545,77.4,958,59.0,2,1 (417); 0 (148)
2024,2024,escola,196,IN_PROF_ADMINISTRATIVOS,IN,binária (0/1),profissionais não docentes,215545,84.0,958,95.1,2,0 (518); 1 (393)
2024,2024,escola,197,QT_PROF_ADMINISTRATIVOS,QT,contagem,profissionais não docentes,215545,84.0,958,95.1,16,0 (518); 1 (184); 2 (85); 3 (37)
2024,2024,escola,198,IN_PROF_SERVICOS_GERAIS,IN,binária (0/1),profissionais não docentes,215545,84.0,958,95.1,2,1 (643); 0 (268)
2024,2024,escola,199,QT_PROF_SERVICOS_GERAIS,QT,contagem,profissionais não docentes,215545,84.0,958,95.1,26,0 (268); 1 (159); 2 (98); 4 (68)
2024,2024,escola,200,IN_PROF_BIBLIOTECARIO,IN,binária (0/1),profissionais não docentes,215545,84.0,958,95.1,2,0 (761); 1 (150)
2024,2024,escola,201,QT_PROF_BIBLIOTECARIO,QT,contagem,profissionais não docentes,215545,84.0,958,95.1,9,0 (761); 1 (49); 2 (44); 4 (22)
2024,2024,escola,202,IN_PROF_SAUDE,IN,binária (0/1),profissionais não docentes,215545,84.0,958,95.1,2,0 (891); 1 (20)
2024,2024,escola,203,QT_PROF_SAUDE,QT,contagem,profissionais não docentes,215545,84.0,958,95.1,10,0 (891); 1 (8); 10 (2); 15 (2)
2024,2024,escola,204,IN_PROF_COORDENADOR,IN,binária (0/1),profissionais não docentes,215545,84.0,958,95.1,2,0 (688); 1 (223)
2024,2024,escola,205,QT_PROF_COORDENADOR,QT,contagem,profissionais não docentes,215545,84.0,958,95.1,12,0 (688); 1 (145); 2 (43); 3 (12)
2024,2024,escola,206,IN_PROF_FONAUDIOLOGO,IN,binária (0/1),profissionais não docentes,215545,84.0,958,95.1,2,0 (906); 1 (5)
2024,2024,escola,207,QT_PROF_FONAUDIOLOGO,QT,contagem,profissionais não docentes,215545,84.0,958,95.1,4,0 (906); 1 (3); 2 (1); 3 (1)
2024,2024,escola,208,IN_PROF_NUTRICIONISTA,IN,binária (0/1),profissionais não docentes,215545,84.0,958,95.1,2,0 (825); 1 (86)
2024,2024,escola,209,QT_PROF_NUTRICIONISTA,QT,contagem,profissionais não docentes,215545,84.0,958,95.1,2,0 (825); 1 (86)
2024,2024,escola,210,IN_PROF_PSICOLOGO,IN,binária (0/1),profissionais não docentes,215545,84.0,958,95.1,2,0 (870); 1 (41)
2024,2024,escola,211,QT_PROF_PSICOLOGO,QT,contagem,profissionais não docentes,215545,84.0,958,95.1,5,0 (870); 1 (35); 2 (4); 5 (1)
2024,2024,escola,212,IN_PROF_ALIMENTACAO,IN,binária (0/1),profissionais não docentes,215545,84.0,958,95.1,2,1 (607); 0 (304)
2024,2024,escola,213,QT_PROF_ALIMENTACAO,QT,contagem,profissionais não docentes,215545,84.0,958,95.1,12,0 (304); 1 (240); 2 (121); 3 (85)
2024,2024,escola,214,IN_PROF_PEDAGOGIA,IN,binária (0/1),profissionais não docentes,215545,84.0,958,95.1,2,0 (475); 1 (436)
2024,2024,escola,215,QT_PROF_PEDAGOGIA,QT,contagem,profissionais não docentes,215545,84.0,958,95.1,21,0 (475); 1 (187); 2 (111); 3 (40)
2024,2024,escola,216,IN_PROF_SECRETARIO,IN,binária (0/1),profissionais não docentes,215545,84.0,958,95.1,2,0 (467); 1 (444)
2024,2024,escola,217,QT_PROF_SECRETARIO,QT,contagem,profissionais não docentes,215545,84.0,958,95.1,4,0 (467); 1 (415); 2 (27); 88888 (2)
2024,2024,escola,218,IN_PROF_SEGURANCA,IN,binária (0/1),profissionais não docentes,215545,84.0,958,95.1,2,0 (671); 1 (240)
2024,2024,escola,219,QT_PROF_SEGURANCA,QT,contagem,profissionais não docentes,215545,84.0,958,95.1,9,0 (671); 3 (127); 2 (51); 1 (39)
2024,2024,escola,220,IN_PROF_MONITORES,IN,binária (0/1),profissionais não docentes,215545,84.0,958,95.1,2,0 (817); 1 (94)
2024,2024,escola,221,QT_PROF_MONITORES,QT,contagem,profissionais não docentes,215545,84.0,958,95.1,12,0 (817); 1 (40); 2 (24); 3 (9)
2024,2024,escola,222,IN_PROF_GESTAO,IN,binária (0/1),profissionais não docentes,215545,84.0,958,95.1,2,0 (672); 1 (239)
2024,2024,escola,223,QT_PROF_GESTAO,QT,contagem,profissionais não docentes,215545,84.0,958,95.1,5,0 (672); 1 (191); 2 (39); 3 (7)
2024,2024,escola,224,IN_PROF_ASSIST_SOCIAL,IN,binária (0/1),profissionais não docentes,215545,84.0,958,95.1,2,0 (867); 1 (44)
2024,2024,escola,225,QT_PROF_ASSIST_SOCIAL,QT,contagem,profissionais não docentes,215545,84.0,958,95.1,6,0 (867); 1 (20); 2 (16); 3 (5)
2024,2024,escola,226,IN_PROF_TRAD_LIBRAS,IN,binária (0/1),profissionais não docentes,215545,84.0,958,95.1,2,0 (888); 1 (23)
2024,2024,escola,227,QT_PROF_TRAD_LIBRAS,QT,contagem,profissionais não docentes,215545,84.0,958,95.1,4,0 (888); 1 (19); 2 (3); 6 (1)
2024,2024,escola,228,IN_PROF_AGRICOLA,IN,binária (0/1),profissionais não docentes,215545,84.0,958,95.1,2,0 (870); 1 (41)
2024,2024,escola,229,QT_PROF_AGRICOLA,QT,contagem,profissionais não docentes,215545,84.0,958,95.1,12,0 (870); 1 (25); 2 (5); 14 (2)
2024,2024,escola,230,IN_PROF_REVISOR_BRAILLE,IN,binária (0/1),profissionais não docentes,215545,84.0,958,95.1,2,0 (905); 1 (6)
2024,2024,escola,231,QT_PROF_REVISOR_BRAILLE,QT,contagem,profissionais não docentes,215545,84.0,958,95.1,2,0 (905); 1 (6)
2024,2024,escola,232,IN_ALIMENTACAO,IN,binária (0/1),alimentação escolar,215545,84.0,958,95.1,2,1 (875); 0 (36)
2024,2024,escola,233,IN_MATERIAL_PED_MULTIMIDIA,IN,binária (0/1),materiais pedagógicos,215545,84.0,958,95.1,2,0 (783); 1 (128)
2024,2024,escola,234,IN_MATERIAL_PED_INFANTIL,IN,binária (0/1),materiais pedagógicos,215545,84.0,958,95.1,2,0 (613); 1 (298)
2024,2024,escola,235,IN_MATERIAL_PED_CIENTIFICO,IN,binária (0/1),materiais pedagógicos,215545,84.0,958,95.1,2,0 (820); 1 (91)
2024,2024,escola,236,IN_MATERIAL_PED_DIFUSAO,IN,binária (0/1),materiais pedagógicos,215545,84.0,958,95.1,2,0 (704); 1 (207)
2024,2024,escola,237,IN_MATERIAL_PED_MUSICAL,IN,binária (0/1),materiais pedagógicos,215545,84.0,958,95.1,2,0 (817); 1 (94)
2024,2024,escola,238,IN_MATERIAL_PED_JOGOS,IN,binária (0/1),materiais pedagógicos,215545,84.0,958,95.1,2,1 (501); 0 (410)
2024,2024,escola,239,IN_MATERIAL_PED_ARTISTICAS,IN,binária (0/1),materiais pedagógicos,215545,84.0,958,95.1,2,0 (769); 1 (142)
2024,2024,escola,240,IN_MATERIAL_PED_PROFISSIONAL,IN,binária (0/1),materiais pedagógicos,215545,84.0,958,95.1,2,0 (873); 1 (38)
2024,2024,escola,241,IN_MATERIAL_PED_DESPORTIVA,IN,binária (0/1),materiais pedagógicos,215545,84.0,958,95.1,2,0 (519); 1 (392)
2024,2024,escola,242,IN_MATERIAL_PED_INDIGENA,IN,binária (0/1),materiais pedagógicos,215545,84.0,958,95.1,2,0 (877); 1 (34)
2024,2024,escola,243,IN_MATERIAL_PED_ETNICO,IN,binária (0/1),materiais pedagógicos,215545,84.0,958,95.1,2,0 (877); 1 (34)
2024,2024,escola,244,IN_MATERIAL_PED_CAMPO,IN,binária (0/1),materiais pedagógicos,215545,84.0,958,95.1,2,0 (885); 1 (26)
2024,2024,escola,245,IN_MATERIAL_PED_BIL_SURDOS,IN,binária (0/1),materiais pedagógicos,215545,84.0,958,95.1,2,0 (890); 1 (21)
2024,2024,escola,246,IN_MATERIAL_PED_AGRICOLA,IN,binária (0/1),materiais pedagógicos,215545,84.0,958,95.1,2,0 (904); 1 (7)
2024,2024,escola,247,IN_MATERIAL_PED_QUILOMBOLA,IN,binária (0/1),materiais pedagógicos,215545,84.0,958,95.1,2,0 (910); 1 (1)
2024,2024,escola,248,IN_MATERIAL_PED_EDU_ESP,IN,binária (0/1),materiais pedagógicos,215545,84.0,958,95.1,2,0 (856); 1 (55)
2024,2024,escola,249,IN_MATERIAL_PED_NENHUM,IN,binária (0/1),materiais pedagógicos,215545,84.0,958,95.1,2,0 (608); 1 (303)
2024,2024,escola,250,IN_EDUCACAO_INDIGENA,IN,binária (0/1),educação indígena,215545,84.0,958,95.1,2,0 (482); 1 (429)
2024,2024,escola,251,TP_INDIGENA_LINGUA,TP,categórica codificada,educação indígena,215545,1.7,958,44.8,3,3 (306); 2 (119); 1 (4)
2024,2024,escola,252,CO_LINGUA_INDIGENA_1,CO,código,educação indígena,215545,1.2,958,32.4,9,100 (221); 179 (30); 191 (21); 45 (18)
2024,2024,escola,253,CO_LINGUA_INDIGENA_2,CO,código,educação indígena,215545,0.2,958,4.9,4,179 (35); 153 (7); 100 (4); 999 (1)
2024,2024,escola,254,CO_LINGUA_INDIGENA_3,CO,código,educação indígena,215545,0.1,958,0.5,2,179 (4); 999 (1)
2024,2024,escola,255,IN_EXAME_SELECAO,IN,binária (0/1),organização do ensino e gestão,215545,84.0,958,95.1,3,0 (893); 1 (17); 9 (1)
2024,2024,escola,256,IN_RESERVA_PPI,IN,binária (0/1),organização do ensino e gestão,215545,3.1,958,1.8,2,0 (10); 1 (7)
2024,2024,escola,257,IN_RESERVA_RENDA,IN,binária (0/1),organização do ensino e gestão,215545,3.1,958,1.8,2,0 (10); 1 (7)
2024,2024,escola,258,IN_RESERVA_PUBLICA,IN,binária (0/1),organização do ensino e gestão,215545,3.1,958,1.8,2,0 (9); 1 (8)
2024,2024,escola,259,IN_RESERVA_PCD,IN,binária (0/1),organização do ensino e gestão,215545,3.1,958,1.8,2,0 (9); 1 (8)
2024,2024,escola,260,IN_RESERVA_OUTROS,IN,binária (0/1),organização do ensino e gestão,215545,3.1,958,1.8,2,0 (15); 1 (2)
2024,2024,escola,261,IN_RESERVA_NENHUMA,IN,binária (0/1),organização do ensino e gestão,215545,3.1,958,1.8,2,0 (13); 1 (4)
2024,2024,escola,262,IN_REDES_SOCIAIS,IN,binária (0/1),equipamentos e tecnologia,215545,84.0,958,95.1,3,0 (724); 1 (186); 9 (1)
2024,2024,escola,263,IN_ESPACO_ATIVIDADE,IN,binária (0/1),"oferta (etapas, modalidades, turnos)",215545,84.0,958,95.1,3,1 (577); 0 (258); 9 (76)
2024,2024,escola,264,IN_ESPACO_EQUIPAMENTO,IN,binária (0/1),"oferta (etapas, modalidades, turnos)",215545,84.0,958,95.1,3,1 (541); 0 (291); 9 (79)
2024,2024,escola,265,IN_ORGAO_ASS_PAIS,IN,binária (0/1),organização do ensino e gestão,215545,84.0,958,95.1,2,0 (892); 1 (19)
2024,2024,escola,266,IN_ORGAO_ASS_PAIS_MESTRES,IN,binária (0/1),organização do ensino e gestão,215545,84.0,958,95.1,2,0 (512); 1 (399)
2024,2024,escola,267,IN_ORGAO_CONSELHO_ESCOLAR,IN,binária (0/1),organização do ensino e gestão,215545,84.0,958,95.1,2,0 (637); 1 (274)
2024,2024,escola,268,IN_ORGAO_GREMIO_ESTUDANTIL,IN,binária (0/1),organização do ensino e gestão,215545,84.0,958,95.1,2,0 (891); 1 (20)
2024,2024,escola,269,IN_ORGAO_OUTROS,IN,binária (0/1),organização do ensino e gestão,215545,84.0,958,95.1,2,0 (896); 1 (15)
2024,2024,escola,270,IN_ORGAO_NENHUM,IN,binária (0/1),organização do ensino e gestão,215545,84.0,958,95.1,2,1 (480); 0 (431)
2024,2024,escola,271,TP_PROPOSTA_PEDAGOGICA,TP,categórica codificada,organização do ensino e gestão,215545,84.0,958,95.1,4,0 (412); 1 (319); 2 (106); 9 (74)
2024,2024,escola,272,IN_EDUC_AMBIENTAL,IN,binária (0/1),educação ambiental,215545,84.0,958,95.1,2,1 (512); 0 (399)
2024,2024,escola,273,IN_EDUC_AMB_CONTEUDO,IN,binária (0/1),educação ambiental,215545,84.0,958,95.1,3,9 (399); 0 (331); 1 (181)
2024,2024,escola,274,IN_EDUC_AMB_CURRICULAR,IN,binária (0/1),educação ambiental,215545,84.0,958,95.1,3,0 (461); 9 (399); 1 (51)
2024,2024,escola,275,IN_EDUC_AMB_EIXO,IN,binária (0/1),educação ambiental,215545,84.0,958,95.1,3,0 (483); 9 (399); 1 (29)
2024,2024,escola,276,IN_EDUC_AMB_EVENTOS,IN,binária (0/1),educação ambiental,215545,84.0,958,95.1,3,9 (399); 0 (334); 1 (178)
2024,2024,escola,277,IN_EDUC_AMB_PROJETOS,IN,binária (0/1),educação ambiental,215545,84.0,958,95.1,3,9 (399); 1 (264); 0 (248)
2024,2024,escola,278,IN_EDUC_AMB_NENHUMA,IN,binária (0/1),educação ambiental,215545,84.0,958,95.1,3,0 (489); 9 (399); 1 (23)
2024,2024,escola,279,TP_AEE,TP,categórica codificada,organização do ensino e gestão,215545,84.0,958,95.1,3,0 (758); 1 (146); 2 (7)
2024,2024,escola,280,TP_ATIVIDADE_COMPLEMENTAR,TP,categórica codificada,organização do ensino e gestão,215545,84.0,958,95.1,2,0 (887); 1 (24)
2024,2024,escola,281,IN_MEDIACAO_PRESENCIAL,IN,binária (0/1),"oferta (etapas, modalidades, turnos)",215545,84.0,958,95.1,1,1 (911)
2024,2024,escola,282,IN_MEDIACAO_SEMIPRESENCIAL,IN,binária (0/1),"oferta (etapas, modalidades, turnos)",215545,84.0,958,95.1,2,0 (909); 1 (2)
2024,2024,escola,283,IN_MEDIACAO_EAD,IN,binária (0/1),"oferta (etapas, modalidades, turnos)",215545,84.0,958,95.1,2,0 (906); 1 (5)
2024,2024,escola,284,IN_REGULAR,IN,binária (0/1),"oferta (etapas, modalidades, turnos)",215545,84.0,958,95.1,2,1 (897); 0 (14)
2024,2024,escola,285,IN_DIURNO,IN,binária (0/1),"oferta (etapas, modalidades, turnos)",215545,83.2,958,94.4,2,1 (902); 0 (2)
2024,2024,escola,286,IN_NOTURNO,IN,binária (0/1),"oferta (etapas, modalidades, turnos)",215545,83.2,958,94.4,2,0 (799); 1 (105)
2024,2024,escola,287,IN_EAD,IN,binária (0/1),"oferta (etapas, modalidades, turnos)",215545,83.2,958,94.4,2,0 (897); 1 (7)
2024,2024,escola,288,IN_ESCOLARIZACAO,IN,binária (0/1),"oferta (etapas, modalidades, turnos)",215545,84.0,958,95.1,2,1 (904); 0 (7)
2024,2024,escola,289,IN_INF,IN,binária (0/1),"oferta (etapas, modalidades, turnos)",215545,83.2,958,94.4,2,1 (461); 0 (443)
2024,2024,escola,290,IN_INF_CRE,IN,binária (0/1),"oferta (etapas, modalidades, turnos)",215545,83.2,958,94.4,2,0 (671); 1 (233)
2024,2024,escola,291,IN_INF_PRE,IN,binária (0/1),"oferta (etapas, modalidades, turnos)",215545,83.2,958,94.4,2,0 (504); 1 (400)
2024,2024,escola,292,IN_FUND,IN,binária (0/1),"oferta (etapas, modalidades, turnos)",215545,83.2,958,94.4,2,1 (676); 0 (228)
2024,2024,escola,293,IN_FUND_AI,IN,binária (0/1),"oferta (etapas, modalidades, turnos)",215545,83.2,958,94.4,2,1 (554); 0 (350)
2024,2024,escola,294,IN_FUND_AF,IN,binária (0/1),"oferta (etapas, modalidades, turnos)",215545,83.2,958,94.4,2,0 (652); 1 (252)
2024,2024,escola,295,IN_MED,IN,binária (0/1),"oferta (etapas, modalidades, turnos)",215545,83.2,958,94.4,2,0 (724); 1 (180)
2024,2024,escola,296,IN_PROF,IN,binária (0/1),"oferta (etapas, modalidades, turnos)",215545,83.2,958,94.4,2,0 (884); 1 (20)
2024,2024,escola,297,IN_PROF_TEC,IN,binária (0/1),"oferta (etapas, modalidades, turnos)",215545,83.2,958,94.4,2,0 (884); 1 (20)
2024,2024,escola,298,IN_EJA,IN,binária (0/1),"oferta (etapas, modalidades, turnos)",215545,83.2,958,94.4,2,0 (821); 1 (83)
2024,2024,escola,299,IN_EJA_FUND,IN,binária (0/1),"oferta (etapas, modalidades, turnos)",215545,83.2,958,94.4,2,0 (855); 1 (49)
2024,2024,escola,300,IN_EJA_MED,IN,binária (0/1),"oferta (etapas, modalidades, turnos)",215545,83.2,958,94.4,2,0 (847); 1 (57)
2024,2024,escola,301,IN_ESP,IN,binária (0/1),"oferta (etapas, modalidades, turnos)",215545,83.2,958,94.4,2,1 (540); 0 (364)
2024,2024,escola,302,IN_ESP_CC,IN,binária (0/1),"oferta (etapas, modalidades, turnos)",215545,83.2,958,94.4,2,1 (540); 0 (364)
2024,2024,escola,303,IN_ESP_CE,IN,binária (0/1),"oferta (etapas, modalidades, turnos)",215545,83.2,958,94.4,1,0 (904)
2024,2024,escola,304,QT_MAT_BAS,QT,contagem,matrículas,215545,83.2,958,94.4,399,30 (22); 29 (16); 19 (14); 15 (13)
2024,2024,escola,305,QT_MAT_INF,QT,contagem,matrículas,215545,83.2,958,94.4,178,0 (443); 29 (17); 19 (14); 30 (14)
2024,2024,escola,306,QT_MAT_INF_CRE,QT,contagem,matrículas,215545,83.2,958,94.4,94,0 (671); 29 (14); 30 (14); 4 (10)
2024,2024,escola,307,QT_MAT_INF_PRE,QT,contagem,matrículas,215545,83.2,958,94.4,137,0 (504); 7 (18); 5 (14); 6 (14)
2024,2024,escola,308,QT_MAT_FUND,QT,contagem,matrículas,215545,83.2,958,94.4,287,0 (228); 7 (20); 6 (17); 16 (13)
2024,2024,escola,309,QT_MAT_FUND_AI,QT,contagem,matrículas,215545,83.2,958,94.4,199,0 (350); 7 (20); 6 (17); 14 (14)
2024,2024,escola,310,QT_MAT_FUND_AI_1,QT,contagem,matrículas,215545,83.2,958,94.4,105,0 (407); 2 (54); 3 (48); 1 (37)
2024,2024,escola,311,QT_MAT_FUND_AI_2,QT,contagem,matrículas,215545,83.2,958,94.4,102,0 (402); 3 (44); 1 (43); 2 (36)
2024,2024,escola,312,QT_MAT_FUND_AI_3,QT,contagem,matrículas,215545,83.2,958,94.4,104,0 (424); 2 (46); 3 (40); 4 (36)
2024,2024,escola,313,QT_MAT_FUND_AI_4,QT,contagem,matrículas,215545,83.2,958,94.4,104,0 (421); 2 (48); 3 (45); 4 (45)
2024,2024,escola,314,QT_MAT_FUND_AI_5,QT,contagem,matrículas,215545,83.2,958,94.4,99,0 (433); 1 (48); 2 (40); 3 (38)
2024,2024,escola,315,QT_MAT_FUND_AF,QT,contagem,matrículas,215545,83.2,958,94.4,171,0 (652); 34 (5); 53 (5); 69 (5)
2024,2024,escola,316,QT_MAT_FUND_AF_6,QT,contagem,matrículas,215545,83.2,958,94.4,108,0 (656); 12 (9); 15 (9); 10 (8)
2024,2024,escola,317,QT_MAT_FUND_AF_7,QT,contagem,matrículas,215545,83.2,958,94.4,98,0 (661); 6 (9); 14 (8); 16 (8)
2024,2024,escola,318,QT_MAT_FUND_AF_8,QT,contagem,matrículas,215545,83.2,958,94.4,105,0 (667); 13 (10); 8 (9); 22 (8)
2024,2024,escola,319,QT_MAT_FUND_AF_9,QT,contagem,matrículas,215545,83.2,958,94.4,99,0 (668); 13 (11); 6 (9); 7 (9)
2024,2024,escola,320,QT_MAT_MED,QT,contagem,matrículas,215545,83.2,958,94.4,128,0 (724); 22 (4); 49 (4); 52 (4)
2024,2024,escola,321,QT_MAT_MED_PROP,QT,contagem,matrículas,215545,83.2,958,94.4,123,0 (733); 49 (4); 52 (4); 98 (4)
2024,2024,escola,322,QT_MAT_MED_PROP_1,QT,contagem,matrículas,215545,83.2,958,94.4,90,0 (733); 10 (9); 11 (6); 6 (6)
2024,2024,escola,323,QT_MAT_MED_PROP_2,QT,contagem,matrículas,215545,83.2,958,94.4,81,0 (737); 22 (8); 14 (7); 10 (6)
2024,2024,escola,324,QT_MAT_MED_PROP_3,QT,contagem,matrículas,215545,83.2,958,94.4,74,0 (739); 6 (9); 9 (9); 7 (8)
2024,2024,escola,325,QT_MAT_MED_PROP_4,QT,contagem,matrículas,215545,83.2,958,94.4,1,0 (904)
2024,2024,escola,326,QT_MAT_MED_PROP_NS,QT,contagem,matrículas,215545,83.2,958,94.4,1,0 (904)
2024,2024,escola,327,QT_MAT_MED_CT,QT,contagem,matrículas,215545,83.2,958,94.4,13,0 (892); 15 (1); 176 (1); 18 (1)
2024,2024,escola,328,QT_MAT_MED_CT_1,QT,contagem,matrículas,215545,83.2,958,94.4,7,0 (898); 176 (1); 192 (1); 67 (1)
2024,2024,escola,329,QT_MAT_MED_CT_2,QT,contagem,matrículas,215545,83.2,958,94.4,9,0 (896); 15 (1); 18 (1); 3 (1)
2024,2024,escola,330,QT_MAT_MED_CT_3,QT,contagem,matrículas,215545,83.2,958,94.4,5,0 (900); 162 (1); 5 (1); 68 (1)
2024,2024,escola,331,QT_MAT_MED_CT_4,QT,contagem,matrículas,215545,83.2,958,94.4,2,0 (903); 6 (1)
2024,2024,escola,332,QT_MAT_MED_CT_NS,QT,contagem,matrículas,215545,83.2,958,94.4,3,0 (902); 30 (1); 4 (1)
2024,2024,escola,333,QT_MAT_MED_NM,QT,contagem,matrículas,215545,83.2,958,94.4,3,0 (902); 30 (1); 352 (1)
2024,2024,escola,334,QT_MAT_MED_NM_1,QT,contagem,matrículas,215545,83.2,958,94.4,2,0 (903); 71 (1)
2024,2024,escola,335,QT_MAT_MED_NM_2,QT,contagem,matrículas,215545,83.2,958,94.4,2,0 (903); 281 (1)
2024,2024,escola,336,QT_MAT_MED_NM_3,QT,contagem,matrículas,215545,83.2,958,94.4,2,0 (903); 30 (1)
2024,2024,escola,337,QT_MAT_MED_NM_4,QT,contagem,matrículas,215545,83.2,958,94.4,1,0 (904)
2024,2024,escola,338,QT_MAT_PROF,QT,contagem,matrículas,215545,83.2,958,94.4,20,0 (884); 30 (2); 122 (1); 15 (1)
2024,2024,escola,339,QT_MAT_PROF_TEC,QT,contagem,matrículas,215545,83.2,958,94.4,20,0 (884); 30 (2); 122 (1); 15 (1)
2024,2024,escola,340,QT_MAT_PROF_TEC_CONC,QT,contagem,matrículas,215545,83.2,958,94.4,7,0 (898); 202 (1); 25 (1); 31 (1)
2024,2024,escola,341,QT_MAT_PROF_TEC_SUBS,QT,contagem,matrículas,215545,83.2,958,94.4,9,0 (893); 44 (2); 55 (2); 64 (2)
2024,2024,escola,342,QT_MAT_PROF_FIC_CONC,QT,contagem,matrículas,215545,83.2,958,94.4,5,0 (900); 1091 (1); 6 (1); 81 (1)
2024,2024,escola,343,QT_MAT_EJA,QT,contagem,matrículas,215545,83.2,958,94.4,55,0 (821); 12 (7); 21 (4); 18 (3)
2024,2024,escola,344,QT_MAT_EJA_FUND,QT,contagem,matrículas,215545,83.2,958,94.4,35,0 (855); 12 (5); 18 (3); 3 (3)
2024,2024,escola,345,QT_MAT_EJA_FUND_AI,QT,contagem,matrículas,215545,83.2,958,94.4,23,0 (874); 12 (5); 18 (3); 3 (2)
2024,2024,escola,346,QT_MAT_EJA_FUND_AF,QT,contagem,matrículas,215545,83.2,958,94.4,25,0 (874); 7 (3); 13 (2); 2 (2)
2024,2024,escola,347,QT_MAT_EJA_FUND_FIC,QT,contagem,matrículas,215545,83.2,958,94.4,1,0 (904)
2024,2024,escola,348,QT_MAT_EJA_MED,QT,contagem,matrículas,215545,83.2,958,94.4,45,0 (847); 12 (3); 20 (3); 10 (2)
2024,2024,escola,349,QT_MAT_EJA_MED_NPROF,QT,contagem,matrículas,215545,83.2,958,94.4,45,0 (847); 12 (3); 20 (3); 10 (2)
2024,2024,escola,350,QT_MAT_EJA_MED_FIC,QT,contagem,matrículas,215545,83.2,958,94.4,2,0 (903); 76 (1)
2024,2024,escola,351,QT_MAT_EJA_MED_TEC,QT,contagem,matrículas,215545,83.2,958,94.4,1,0 (904)
2024,2024,escola,352,QT_MAT_ESP,QT,contagem,matrículas,215545,83.2,958,94.4,65,0 (364); 1 (101); 2 (87); 4 (39)
2024,2024,escola,353,QT_MAT_ESP_CC,QT,contagem,matrículas,215545,83.2,958,94.4,65,0 (364); 1 (101); 2 (87); 4 (39)
2024,2024,escola,354,QT_MAT_ESP_CE,QT,contagem,matrículas,215545,83.2,958,94.4,1,0 (904)
2024,2024,escola,355,QT_MAT_BAS_FEM,QT,contagem,matrículas,215545,83.2,958,94.4,285,4 (26); 14 (24); 7 (24); 12 (23)
2024,2024,escola,356,QT_MAT_BAS_MASC,QT,contagem,matrículas,215545,83.2,958,94.4,289,6 (25); 9 (24); 14 (20); 7 (20)
2024,2024,escola,357,QT_MAT_BAS_ND,QT,contagem,matrículas,215545,83.2,958,94.4,168,0 (338); 1 (85); 2 (48); 3 (32)
2024,2024,escola,358,QT_MAT_BAS_BRANCA,QT,contagem,matrículas,215545,83.2,958,94.4,139,0 (409); 1 (64); 2 (27); 3 (26)
2024,2024,escola,359,QT_MAT_BAS_PRETA,QT,contagem,matrículas,215545,83.2,958,94.4,47,0 (539); 1 (63); 3 (37); 2 (32)
2024,2024,escola,360,QT_MAT_BAS_PARDA,QT,contagem,matrículas,215545,83.2,958,94.4,282,0 (303); 1 (49); 3 (22); 2 (21)
2024,2024,escola,361,QT_MAT_BAS_AMARELA,QT,contagem,matrículas,215545,83.2,958,94.4,9,0 (731); 1 (92); 2 (42); 3 (17)
2024,2024,escola,362,QT_MAT_BAS_INDIGENA,QT,contagem,matrículas,215545,83.2,958,94.4,163,0 (137); 1 (48); 2 (45); 4 (30)
2024,2024,escola,363,QT_MAT_BAS_0_3,QT,contagem,matrículas,215545,83.2,958,94.4,94,0 (667); 8 (13); 11 (10); 2 (10)
2024,2024,escola,364,QT_MAT_BAS_4_5,QT,contagem,matrículas,215545,83.2,958,94.4,136,0 (428); 1 (32); 6 (21); 4 (19)
2024,2024,escola,365,QT_MAT_BAS_6_10,QT,contagem,matrículas,215545,83.2,958,94.4,198,0 (196); 1 (61); 6 (26); 13 (23)
2024,2024,escola,366,QT_MAT_BAS_11_14,QT,contagem,matrículas,215545,83.2,958,94.4,187,0 (313); 1 (68); 2 (53); 4 (28)
2024,2024,escola,367,QT_MAT_BAS_15_17,QT,contagem,matrículas,215545,83.2,958,94.4,146,0 (568); 1 (34); 2 (18); 3 (12)
2024,2024,escola,368,QT_MAT_BAS_18_MAIS,QT,contagem,matrículas,215545,83.2,958,94.4,90,0 (619); 1 (41); 2 (16); 9 (12)
2024,2024,escola,369,QT_MAT_BAS_D,QT,contagem,matrículas,215545,83.2,958,94.4,387,30 (21); 29 (17); 19 (15); 15 (13)
2024,2024,escola,370,QT_MAT_BAS_N,QT,contagem,matrículas,215545,83.2,958,94.4,71,0 (799); 12 (6); 26 (4); 30 (4)
2024,2024,escola,371,QT_MAT_BAS_EAD,QT,contagem,matrículas,215545,83.2,958,94.4,7,0 (897); 55 (2); 10 (1); 11 (1)
2024,2024,escola,372,QT_MAT_INF_INT,QT,contagem,matrículas,215545,83.2,958,94.4,45,0 (825); 30 (13); 29 (10); 1 (4)
2024,2024,escola,373,QT_MAT_INF_CRE_INT,QT,contagem,matrículas,215545,83.2,958,94.4,39,0 (835); 30 (13); 29 (10); 28 (4)
2024,2024,escola,374,QT_MAT_INF_PRE_INT,QT,contagem,matrículas,215545,83.2,958,94.4,13,0 (888); 1 (3); 3 (3); 10 (1)
2024,2024,escola,375,QT_MAT_FUND_INT,QT,contagem,matrículas,215545,83.2,958,94.4,48,0 (814); 1 (19); 2 (5); 6 (4)
2024,2024,escola,376,QT_MAT_FUND_AI_INT,QT,contagem,matrículas,215545,83.2,958,94.4,31,0 (849); 1 (15); 2 (4); 4 (4)
2024,2024,escola,377,QT_MAT_FUND_AF_INT,QT,contagem,matrículas,215545,83.2,958,94.4,32,0 (862); 1 (4); 2 (4); 12 (2)
2024,2024,escola,378,QT_MAT_MED_INT,QT,contagem,matrículas,215545,83.2,958,94.4,29,0 (865); 2 (7); 1 (4); 5 (2)
2024,2024,escola,379,QT_MAT_ZR_URB,QT,contagem,matrículas,215545,83.2,958,94.4,279,0 (402); 1 (71); 2 (25); 3 (18)
2024,2024,escola,380,QT_MAT_ZR_RUR,QT,contagem,matrículas,215545,83.2,958,94.4,210,0 (71); 1 (28); 6 (24); 15 (22)
2024,2024,escola,381,QT_MAT_ZR_NA,QT,contagem,matrículas,215545,83.2,958,94.4,9,0 (895); 48 (2); 1 (1); 11 (1)
2024,2024,escola,382,QT_TRANSP_PUBLICO,QT,contagem,transporte escolar,215545,83.2,958,94.4,158,0 (460); 1 (20); 4 (12); 10 (10)
2024,2024,escola,383,QT_TRANSP_RESP_EST,QT,contagem,transporte escolar,215545,83.2,958,94.4,116,0 (686); 1 (10); 35 (6); 4 (6)
2024,2024,escola,384,QT_TRANSP_RESP_MUN,QT,contagem,transporte escolar,215545,83.2,958,94.4,110,0 (657); 1 (20); 4 (9); 10 (8)
2024,2024,escola,385,QT_DOC_BAS,QT,contagem,docentes,215545,83.0,958,94.4,59,1 (212); 2 (93); 3 (50); 4 (39)
2024,2024,escola,386,QT_DOC_INF,QT,contagem,docentes,215545,83.0,958,94.4,26,0 (507); 1 (138); 2 (77); 3 (27)
2024,2024,escola,387,QT_DOC_INF_CRE,QT,contagem,docentes,215545,83.0,958,94.4,15,0 (738); 1 (70); 2 (28); 4 (19)
2024,2024,escola,388,QT_DOC_INF_PRE,QT,contagem,docentes,215545,83.0,958,94.4,21,0 (570); 1 (118); 2 (79); 4 (26)
2024,2024,escola,389,QT_DOC_FUND,QT,contagem,docentes,215545,83.0,958,94.4,52,0 (228); 1 (157); 2 (77); 7 (32)
2024,2024,escola,390,QT_DOC_FUND_AI,QT,contagem,docentes,215545,83.0,958,94.4,47,0 (530); 1 (107); 2 (42); 4 (24)
2024,2024,escola,391,QT_DOC_FUND_AF,QT,contagem,docentes,215545,83.0,958,94.4,39,0 (446); 1 (122); 2 (63); 7 (33)
2024,2024,escola,392,QT_DOC_MED,QT,contagem,docentes,215545,83.0,958,94.4,35,0 (724); 8 (21); 10 (19); 9 (19)
2024,2024,escola,393,QT_DOC_PROF,QT,contagem,docentes,215545,83.0,958,94.4,16,0 (884); 10 (2); 11 (2); 14 (2)
2024,2024,escola,394,QT_DOC_PROF_TEC,QT,contagem,docentes,215545,83.0,958,94.4,16,0 (884); 10 (2); 11 (2); 14 (2)
2024,2024,escola,395,QT_DOC_EJA,QT,contagem,docentes,215545,83.0,958,94.4,21,0 (821); 9 (13); 12 (8); 3 (8)
2024,2024,escola,396,QT_DOC_EJA_FUND,QT,contagem,docentes,215545,83.0,958,94.4,16,0 (855); 9 (9); 2 (7); 3 (6)
2024,2024,escola,397,QT_DOC_EJA_MED,QT,contagem,docentes,215545,83.0,958,94.4,19,0 (847); 9 (9); 6 (6); 10 (5)
2024,2024,escola,398,QT_DOC_ESP,QT,contagem,docentes,215545,83.0,958,94.4,54,0 (364); 1 (105); 2 (43); 8 (27)
2024,2024,escola,399,QT_DOC_ESP_CC,QT,contagem,docentes,215545,83.0,958,94.4,54,0 (364); 1 (105); 2 (43); 8 (27)
2024,2024,escola,400,QT_DOC_ESP_CE,QT,contagem,docentes,215545,83.0,958,94.4,1,0 (904)
2024,2024,escola,401,QT_TUR_BAS,QT,contagem,turmas,215545,83.2,958,94.4,53,1 (207); 2 (95); 7 (60); 3 (44)
2024,2024,escola,402,QT_TUR_INF,QT,contagem,turmas,215545,83.2,958,94.4,22,0 (507); 1 (120); 2 (98); 4 (25)
2024,2024,escola,403,QT_TUR_INF_CRE,QT,contagem,turmas,215545,83.2,958,94.4,15,0 (738); 1 (63); 2 (34); 4 (18)
2024,2024,escola,404,QT_TUR_INF_PRE,QT,contagem,turmas,215545,83.2,958,94.4,19,0 (570); 1 (100); 2 (97); 4 (38)
2024,2024,escola,405,QT_TUR_FUND,QT,contagem,turmas,215545,83.2,958,94.4,44,0 (228); 1 (155); 2 (75); 4 (64)
2024,2024,escola,406,QT_TUR_FUND_AI,QT,contagem,turmas,215545,83.2,958,94.4,41,0 (530); 1 (124); 5 (73); 3 (22)
2024,2024,escola,407,QT_TUR_FUND_AF,QT,contagem,turmas,215545,83.2,958,94.4,31,0 (446); 1 (139); 4 (67); 2 (65)
2024,2024,escola,408,QT_TUR_MED,QT,contagem,turmas,215545,83.2,958,94.4,27,0 (724); 3 (76); 6 (17); 5 (13)
2024,2024,escola,409,QT_TUR_PROF,QT,contagem,turmas,215545,83.2,958,94.4,15,0 (884); 1 (4); 21 (2); 3 (2)
2024,2024,escola,410,QT_TUR_PROF_TEC,QT,contagem,turmas,215545,83.2,958,94.4,15,0 (884); 1 (4); 2 (3); 14 (2)
2024,2024,escola,411,QT_TUR_EJA,QT,contagem,turmas,215545,83.2,958,94.4,13,0 (821); 1 (20); 2 (17); 3 (15)
2024,2024,escola,412,QT_TUR_EJA_FUND,QT,contagem,turmas,215545,83.2,958,94.4,9,0 (855); 1 (19); 3 (10); 4 (9)
2024,2024,escola,413,QT_TUR_EJA_MED,QT,contagem,turmas,215545,83.2,958,94.4,11,0 (847); 2 (18); 1 (17); 3 (10)
2024,2024,escola,414,QT_TUR_ESP,QT,contagem,turmas,215545,83.2,958,94.4,42,0 (364); 1 (151); 2 (73); 4 (30)
2024,2024,escola,415,QT_TUR_ESP_CC,QT,contagem,turmas,215545,83.2,958,94.4,42,0 (364); 1 (151); 2 (73); 4 (30)
2024,2024,escola,416,QT_TUR_ESP_CE,QT,contagem,turmas,215545,83.2,958,94.4,1,0 (904)
2024,2024,escola,417,QT_TUR_BAS_D,QT,contagem,turmas,215545,83.2,958,94.4,51,1 (209); 2 (93); 7 (66); 3 (45)
2024,2024,escola,418,QT_TUR_BAS_N,QT,contagem,turmas,215545,83.2,958,94.4,18,0 (799); 3 (25); 4 (18); 2 (16)
2024,2024,escola,419,QT_TUR_BAS_EAD,QT,contagem,turmas,215545,83.2,958,94.4,4,0 (897); 1 (4); 2 (2); 5 (1)
2024,2024,escola,420,QT_TUR_INF_INT,QT,contagem,turmas,215545,83.2,958,94.4,6,0 (840); 1 (38); 4 (12); 2 (7)
2024,2024,escola,421,QT_TUR_INF_CRE_INT,QT,contagem,turmas,215545,83.2,958,94.4,6,0 (843); 1 (35); 4 (12); 2 (7)
2024,2024,escola,422,QT_TUR_INF_PRE_INT,QT,contagem,turmas,215545,83.2,958,94.4,2,0 (901); 1 (3)
2024,2024,escola,423,QT_TUR_FUND_INT,QT,contagem,turmas,215545,83.2,958,94.4,5,0 (879); 1 (13); 2 (8); 3 (2)
2024,2024,escola,424,QT_TUR_FUND_AI_INT,QT,contagem,turmas,215545,83.2,958,94.4,4,0 (893); 1 (8); 2 (2); 4 (1)
2024,2024,escola,425,QT_TUR_FUND_AF_INT,QT,contagem,turmas,215545,83.2,958,94.4,5,0 (888); 1 (9); 2 (4); 3 (2)
2024,2024,escola,426,QT_TUR_MED_INT,QT,contagem,turmas,215545,83.2,958,94.4,10,0 (887); 2 (5); 1 (4); 5 (2)
2025_docente,2025,docente,1,NU_ANO_CENSO,NU,número,identificação e chave,178772,100.0,908,100.0,1,2025 (908)
2025_docente,2025,docente,2,NO_REGIAO,NO,nome/texto,identificação e chave,178772,100.0,908,100.0,1,Norte (908)
2025_docente,2025,docente,3,CO_REGIAO,CO,código,identificação e chave,178772,100.0,908,100.0,1,1 (908)
2025_docente,2025,docente,4,NO_UF,NO,nome/texto,identificação e chave,178772,100.0,908,100.0,1,Roraima (908)
2025_docente,2025,docente,5,SG_UF,SG,sigla,identificação e chave,178772,100.0,908,100.0,1,RR (908)
2025_docente,2025,docente,6,CO_UF,CO,código,identificação e chave,178772,100.0,908,100.0,1,14 (908)
2025_docente,2025,docente,7,NO_MUNICIPIO,NO,nome/texto,identificação e chave,178772,100.0,908,100.0,15,Boa Vista (260); Uiramutã (119); Normandia (118); Pacaraima (62)
2025_docente,2025,docente,8,CO_MUNICIPIO,CO,código,identificação e chave,178772,100.0,908,100.0,15,1400100 (260); 1400704 (119); 1400407 (118); 1400456 (62)
2025_docente,2025,docente,9,NO_REGIAO_GEOG_INTERM,NO,nome/texto,geografia (IBGE),178772,100.0,908,100.0,2,Boa Vista (773); Rorainópolis - Caracaraí (135)
2025_docente,2025,docente,10,CO_REGIAO_GEOG_INTERM,CO,código,geografia (IBGE),178772,100.0,908,100.0,2,1401 (773); 1402 (135)
2025_docente,2025,docente,11,NO_REGIAO_GEOG_IMED,NO,nome/texto,geografia (IBGE),178772,100.0,908,100.0,4,Boa Vista (422); Pacaraima (351); Rorainópolis (87); Caracaraí (48)
2025_docente,2025,docente,12,CO_REGIAO_GEOG_IMED,CO,código,geografia (IBGE),178772,100.0,908,100.0,4,140001 (422); 140002 (351); 140003 (87); 140004 (48)
2025_docente,2025,docente,13,NO_DISTRITO,NO,nome/texto,geografia (IBGE),178772,100.0,908,100.0,15,Boa Vista (260); Uiramutã (119); Normandia (118); Pacaraima (62)
2025_docente,2025,docente,14,CO_DISTRITO,CO,código,geografia (IBGE),178772,100.0,908,100.0,15,140010005 (260); 140070405 (119); 140040705 (118); 140045605 (62)
2025_docente,2025,docente,15,NO_SUBDISTRITO,NO,nome/texto,geografia (IBGE),178772,0.7,908,0.0,0,
2025_docente,2025,docente,16,CO_SUBDISTRITO,CO,código,geografia (IBGE),178772,0.7,908,0.0,0,
2025_docente,2025,docente,17,NO_ENTIDADE,NO,nome/texto,identificação e chave,178772,100.0,908,100.0,902,ESCOLA ESTADUAL FAGUNDES VARELA (2); ESCOLA MUNICIPAL CRIANCA FELIZ (2); ESCOLA MUNICIPAL NOVA CANAA (2); ESCOLA MUNICIPAL PEQUENO POLEGAR (2)
2025_docente,2025,docente,18,CO_ENTIDADE,CO,código,identificação e chave,178772,100.0,908,100.0,908,14000016 (1); 14000032 (1); 14000113 (1); 14000130 (1)
2025_docente,2025,docente,19,CO_REDE,CO,código,identificação e chave,178772,100.0,908,100.0,2,1 (857); 2 (51)
2025_docente,2025,docente,20,TP_DEPENDENCIA,TP,categórica codificada,dependência administrativa e vínculos,178772,100.0,908,100.0,4,3 (480); 2 (370); 4 (51); 1 (7)
2025_docente,2025,docente,21,TP_CATEGORIA_ESCOLA_PRIVADA,TP,categórica codificada,dependência administrativa e vínculos,178772,23.4,908,5.6,4,1 (46); 4 (3); 2 (1); 3 (1)
2025_docente,2025,docente,22,TP_LOCALIZACAO,TP,categórica codificada,localização e vínculo institucional,178772,100.0,908,100.0,2,2 (595); 1 (313)
2025_docente,2025,docente,23,TP_LOCALIZACAO_DIFERENCIADA,TP,categórica codificada,localização e vínculo institucional,178772,100.0,908,100.0,4,2 (436); 0 (417); 1 (48); 8 (7)
2025_docente,2025,docente,24,IN_PODER_PUBLICO_PARCERIA,IN,binária (0/1),dependência administrativa e vínculos,178772,100.0,908,100.0,1,0 (908)
2025_docente,2025,docente,25,TP_PODER_PUBLICO_PARCERIA,TP,categórica codificada,dependência administrativa e vínculos,178772,5.6,908,0.0,0,
2025_docente,2025,docente,26,QT_DOC_BAS,QT,contagem,docentes,178772,100.0,908,100.0,66,1 (166); 2 (126); 3 (44); 4 (37)
2025_docente,2025,docente,27,QT_DOC_INF,QT,contagem,docentes,178772,100.0,908,100.0,27,0 (495); 1 (118); 2 (89); 3 (46)
2025_docente,2025,docente,28,QT_DOC_INF_CRE,QT,contagem,docentes,178772,100.0,908,100.0,16,0 (725); 1 (74); 2 (43); 4 (18)
2025_docente,2025,docente,29,QT_DOC_INF_PRE,QT,contagem,docentes,178772,100.0,908,100.0,26,0 (558); 1 (116); 2 (79); 3 (42)
2025_docente,2025,docente,30,QT_DOC_FUND,QT,contagem,docentes,178772,100.0,908,100.0,56,0 (239); 1 (137); 2 (79); 8 (36)
2025_docente,2025,docente,31,QT_DOC_FUND_AI,QT,contagem,docentes,178772,100.0,908,100.0,48,0 (549); 1 (71); 2 (43); 6 (33)
2025_docente,2025,docente,32,QT_DOC_FUND_AI_1,QT,contagem,docentes,178772,100.0,908,100.0,21,0 (648); 2 (74); 1 (59); 3 (36)
2025_docente,2025,docente,33,QT_DOC_FUND_AI_2,QT,contagem,docentes,178772,100.0,908,100.0,19,0 (675); 2 (61); 1 (48); 3 (36)
2025_docente,2025,docente,34,QT_DOC_FUND_AI_3,QT,contagem,docentes,178772,100.0,908,100.0,20,0 (675); 2 (64); 1 (49); 3 (32)
2025_docente,2025,docente,35,QT_DOC_FUND_AI_4,QT,contagem,docentes,178772,100.0,908,100.0,17,0 (697); 2 (52); 1 (41); 3 (37)
2025_docente,2025,docente,36,QT_DOC_FUND_AI_5,QT,contagem,docentes,178772,100.0,908,100.0,17,0 (682); 2 (60); 1 (46); 3 (41)
2025_docente,2025,docente,37,QT_DOC_FUND_AI_MULTIETAPA,QT,contagem,docentes,178772,100.0,908,100.0,4,0 (843); 1 (56); 2 (8); 3 (1)
2025_docente,2025,docente,38,QT_DOC_FUND_AF,QT,contagem,docentes,178772,100.0,908,100.0,39,0 (427); 1 (135); 2 (63); 8 (46)
2025_docente,2025,docente,39,QT_DOC_FUND_AF_6,QT,contagem,docentes,178772,100.0,908,100.0,23,0 (655); 8 (38); 9 (30); 6 (29)
2025_docente,2025,docente,40,QT_DOC_FUND_AF_7,QT,contagem,docentes,178772,100.0,908,100.0,24,0 (660); 8 (45); 7 (30); 6 (26)
2025_docente,2025,docente,41,QT_DOC_FUND_AF_8,QT,contagem,docentes,178772,100.0,908,100.0,23,0 (664); 8 (44); 7 (30); 9 (24)
2025_docente,2025,docente,42,QT_DOC_FUND_AF_9,QT,contagem,docentes,178772,100.0,908,100.0,21,0 (669); 8 (46); 7 (29); 9 (28)
2025_docente,2025,docente,43,QT_DOC_FUND_AF_MULTI,QT,contagem,docentes,178772,100.0,908,100.0,9,0 (615); 1 (142); 2 (83); 3 (47)
2025_docente,2025,docente,44,QT_DOC_FUND_AF_CORRFLUXO,QT,contagem,docentes,178772,100.0,908,100.0,13,0 (888); 10 (6); 11 (2); 12 (2)
2025_docente,2025,docente,45,QT_DOC_MED,QT,contagem,docentes,178772,100.0,908,100.0,35,0 (724); 9 (21); 8 (20); 7 (18)
2025_docente,2025,docente,46,QT_DOC_MED_1,QT,contagem,docentes,178772,100.0,908,100.0,28,0 (726); 8 (25); 7 (23); 9 (15)
2025_docente,2025,docente,47,QT_DOC_MED_2,QT,contagem,docentes,178772,100.0,908,100.0,30,0 (730); 7 (26); 8 (19); 9 (19)
2025_docente,2025,docente,48,QT_DOC_MED_3,QT,contagem,docentes,178772,100.0,908,100.0,24,0 (734); 8 (26); 9 (25); 11 (19)
2025_docente,2025,docente,49,QT_DOC_MED_4,QT,contagem,docentes,178772,100.0,908,100.0,3,0 (906); 12 (1); 16 (1)
2025_docente,2025,docente,50,QT_DOC_MED_NS,QT,contagem,docentes,178772,100.0,908,100.0,1,0 (908)
2025_docente,2025,docente,51,QT_DOC_MED_PROP,QT,contagem,docentes,178772,100.0,908,100.0,34,0 (738); 9 (20); 7 (18); 8 (18)
2025_docente,2025,docente,52,QT_DOC_MED_PROP_1,QT,contagem,docentes,178772,100.0,908,100.0,27,0 (743); 7 (23); 8 (22); 9 (14)
2025_docente,2025,docente,53,QT_DOC_MED_PROP_2,QT,contagem,docentes,178772,100.0,908,100.0,26,0 (752); 7 (23); 9 (17); 8 (16)
2025_docente,2025,docente,54,QT_DOC_MED_PROP_3,QT,contagem,docentes,178772,100.0,908,100.0,23,0 (748); 8 (25); 9 (24); 11 (18)
2025_docente,2025,docente,55,QT_DOC_MED_PROP_4,QT,contagem,docentes,178772,100.0,908,100.0,1,0 (908)
2025_docente,2025,docente,56,QT_DOC_MED_PROP_NS,QT,contagem,docentes,178772,100.0,908,100.0,1,0 (908)
2025_docente,2025,docente,57,QT_DOC_MED_IFTP_CT,QT,contagem,docentes,178772,100.0,908,100.0,9,0 (899); 13 (2); 11 (1); 17 (1)
2025_docente,2025,docente,58,QT_DOC_MED_IFTP_CT_1,QT,contagem,docentes,178772,100.0,908,100.0,5,0 (903); 13 (2); 15 (1); 17 (1)
2025_docente,2025,docente,59,QT_DOC_MED_IFTP_CT_2,QT,contagem,docentes,178772,100.0,908,100.0,8,0 (901); 11 (1); 12 (1); 13 (1)
2025_docente,2025,docente,60,QT_DOC_MED_IFTP_CT_3,QT,contagem,docentes,178772,100.0,908,100.0,7,0 (901); 13 (2); 11 (1); 12 (1)
2025_docente,2025,docente,61,QT_DOC_MED_IFTP_CT_4,QT,contagem,docentes,178772,100.0,908,100.0,2,0 (907); 16 (1)
2025_docente,2025,docente,62,QT_DOC_MED_IFTP_CT_NS,QT,contagem,docentes,178772,100.0,908,100.0,1,0 (908)
2025_docente,2025,docente,63,QT_DOC_MED_IFTP_QP,QT,contagem,docentes,178772,100.0,908,100.0,16,0 (870); 13 (6); 12 (4); 14 (4)
2025_docente,2025,docente,64,QT_DOC_MED_IFTP_QP_1,QT,contagem,docentes,178772,100.0,908,100.0,12,0 (883); 13 (4); 14 (4); 12 (3)
2025_docente,2025,docente,65,QT_DOC_MED_IFTP_QP_2,QT,contagem,docentes,178772,100.0,908,100.0,15,0 (881); 12 (5); 13 (3); 7 (3)
2025_docente,2025,docente,66,QT_DOC_MED_IFTP_QP_3,QT,contagem,docentes,178772,100.0,908,100.0,9,0 (899); 13 (2); 15 (1); 16 (1)
2025_docente,2025,docente,67,QT_DOC_MED_IFTP_QP_4,QT,contagem,docentes,178772,100.0,908,100.0,1,0 (908)
2025_docente,2025,docente,68,QT_DOC_MED_IFTP_QP_NS,QT,contagem,docentes,178772,100.0,908,100.0,1,0 (908)
2025_docente,2025,docente,69,QT_DOC_MED_NM,QT,contagem,docentes,178772,100.0,908,100.0,2,0 (907); 24 (1)
2025_docente,2025,docente,70,QT_DOC_MED_NM_1,QT,contagem,docentes,178772,100.0,908,100.0,1,0 (908)
2025_docente,2025,docente,71,QT_DOC_MED_NM_2,QT,contagem,docentes,178772,100.0,908,100.0,1,0 (908)
2025_docente,2025,docente,72,QT_DOC_MED_NM_3,QT,contagem,docentes,178772,100.0,908,100.0,2,0 (907); 20 (1)
2025_docente,2025,docente,73,QT_DOC_MED_NM_4,QT,contagem,docentes,178772,100.0,908,100.0,2,0 (907); 12 (1)
2025_docente,2025,docente,74,QT_DOC_PROF,QT,contagem,docentes,178772,100.0,908,100.0,26,0 (852); 13 (7); 11 (6); 18 (5)
2025_docente,2025,docente,75,QT_DOC_PROF_TEC,QT,contagem,docentes,178772,100.0,908,100.0,17,0 (886); 1 (3); 11 (3); 17 (2)
2025_docente,2025,docente,76,QT_DOC_PROF_TEC_CONC,QT,contagem,docentes,178772,100.0,908,100.0,7,0 (900); 1 (2); 3 (2); 11 (1)
2025_docente,2025,docente,77,QT_DOC_PROF_TEC_SUBS,QT,contagem,docentes,178772,100.0,908,100.0,7,0 (896); 1 (5); 15 (2); 7 (2)
2025_docente,2025,docente,78,QT_DOC_PROF_TEC_MISTO,QT,contagem,docentes,178772,100.0,908,100.0,2,0 (907); 11 (1)
2025_docente,2025,docente,79,QT_DOC_PROF_TEC_IFTP_CT,QT,contagem,docentes,178772,100.0,908,100.0,4,0 (905); 17 (1); 27 (1); 41 (1)
2025_docente,2025,docente,80,QT_DOC_PROF_NAO_TEC,QT,contagem,docentes,178772,100.0,908,100.0,17,0 (866); 13 (6); 11 (4); 12 (4)
2025_docente,2025,docente,81,QT_DOC_PROF_IFTP_QP,QT,contagem,docentes,178772,100.0,908,100.0,2,0 (907); 15 (1)
2025_docente,2025,docente,82,QT_DOC_PROF_FIC_CONC,QT,contagem,docentes,178772,100.0,908,100.0,5,0 (904); 14 (1); 3 (1); 6 (1)
2025_docente,2025,docente,83,QT_DOC_EJA,QT,contagem,docentes,178772,100.0,908,100.0,20,0 (820); 11 (11); 10 (9); 2 (9)
2025_docente,2025,docente,84,QT_DOC_EJA_FUND,QT,contagem,docentes,178772,100.0,908,100.0,16,0 (850); 2 (10); 8 (8); 6 (6)
2025_docente,2025,docente,85,QT_DOC_EJA_FUND_NPROF,QT,contagem,docentes,178772,100.0,908,100.0,16,0 (850); 2 (10); 8 (8); 6 (6)
2025_docente,2025,docente,86,QT_DOC_EJA_FUND_AI,QT,contagem,docentes,178772,100.0,908,100.0,8,0 (878); 2 (12); 1 (8); 3 (5)
2025_docente,2025,docente,87,QT_DOC_EJA_FUND_AF,QT,contagem,docentes,178772,100.0,908,100.0,13,0 (871); 8 (8); 6 (7); 10 (5)
2025_docente,2025,docente,88,QT_DOC_EJA_FUND_FIC,QT,contagem,docentes,178772,100.0,908,100.0,1,0 (908)
2025_docente,2025,docente,89,QT_DOC_EJA_MED,QT,contagem,docentes,178772,100.0,908,100.0,16,0 (848); 10 (9); 11 (9); 9 (7)
2025_docente,2025,docente,90,QT_DOC_EJA_MED_NPROF,QT,contagem,docentes,178772,100.0,908,100.0,16,0 (850); 10 (9); 11 (9); 9 (7)
2025_docente,2025,docente,91,QT_DOC_EJA_MED_FIC,QT,contagem,docentes,178772,100.0,908,100.0,3,0 (906); 15 (1); 8 (1)
2025_docente,2025,docente,92,QT_DOC_EJA_MED_TEC,QT,contagem,docentes,178772,100.0,908,100.0,1,0 (908)
2025_docente,2025,docente,93,QT_DOC_ESP,QT,contagem,docentes,178772,100.0,908,100.0,61,0 (344); 1 (98); 2 (50); 3 (27)
2025_docente,2025,docente,94,QT_DOC_ESP_CC,QT,contagem,docentes,178772,100.0,908,100.0,61,0 (345); 1 (103); 2 (46); 8 (27)
2025_docente,2025,docente,95,QT_DOC_ESP_CE,QT,contagem,docentes,178772,100.0,908,100.0,3,0 (898); 1 (7); 2 (3)
2025_docente,2025,docente,96,QT_DOC_BAS_FEM,QT,contagem,docentes,178772,100.0,908,100.0,52,1 (165); 0 (104); 2 (98); 4 (56)
2025_docente,2025,docente,97,QT_DOC_BAS_MASC,QT,contagem,docentes,178772,100.0,908,100.0,31,0 (230); 1 (195); 2 (93); 3 (67)
2025_docente,2025,docente,98,QT_DOC_BAS_ND,QT,contagem,docentes,178772,100.0,908,100.0,20,0 (457); 1 (160); 2 (81); 3 (60)
2025_docente,2025,docente,99,QT_DOC_BAS_BRANCA,QT,contagem,docentes,178772,100.0,908,100.0,19,0 (568); 1 (113); 2 (57); 3 (35)
2025_docente,2025,docente,100,QT_DOC_BAS_PRETA,QT,contagem,docentes,178772,100.0,908,100.0,7,0 (705); 1 (117); 2 (51); 3 (23)
2025_docente,2025,docente,101,QT_DOC_BAS_PARDA,QT,contagem,docentes,178772,100.0,908,100.0,45,0 (362); 1 (120); 2 (52); 3 (31)
2025_docente,2025,docente,102,QT_DOC_BAS_AMARELA,QT,contagem,docentes,178772,100.0,908,100.0,3,0 (886); 1 (21); 2 (1)
2025_docente,2025,docente,103,QT_DOC_BAS_INDIGENA,QT,contagem,docentes,178772,100.0,908,100.0,25,0 (397); 1 (197); 2 (100); 3 (24)
2025_docente,2025,docente,104,QT_DOC_BAS_0_24,QT,contagem,docentes,178772,100.0,908,100.0,7,0 (788); 1 (91); 2 (19); 3 (7)
2025_docente,2025,docente,105,QT_DOC_BAS_25_29,QT,contagem,docentes,178772,100.0,908,100.0,12,0 (482); 1 (217); 2 (111); 3 (57)
2025_docente,2025,docente,106,QT_DOC_BAS_30_39,QT,contagem,docentes,178772,100.0,908,100.0,30,0 (202); 1 (182); 3 (94); 2 (90)
2025_docente,2025,docente,107,QT_DOC_BAS_40_49,QT,contagem,docentes,178772,100.0,908,100.0,32,0 (198); 1 (189); 2 (87); 3 (70)
2025_docente,2025,docente,108,QT_DOC_BAS_50_54,QT,contagem,docentes,178772,100.0,908,100.0,13,0 (470); 1 (167); 2 (93); 3 (60)
2025_docente,2025,docente,109,QT_DOC_BAS_55_59,QT,contagem,docentes,178772,100.0,908,100.0,10,0 (601); 1 (157); 2 (79); 3 (43)
2025_docente,2025,docente,110,QT_DOC_BAS_60_MAIS,QT,contagem,docentes,178772,100.0,908,100.0,8,0 (723); 1 (124); 2 (35); 3 (18)
2025_docente,2025,docente,111,QT_DOC_BAS_PCD,QT,contagem,docentes,178772,100.0,908,100.0,4,0 (862); 1 (43); 2 (2); 3 (1)
2025_docente,2025,docente,112,QT_DOC_BAS_ZR_URB,QT,contagem,docentes,178772,100.0,908,100.0,64,0 (354); 1 (111); 2 (63); 3 (40)
2025_docente,2025,docente,113,QT_DOC_BAS_ZR_RUR,QT,contagem,docentes,178772,100.0,908,100.0,28,1 (229); 0 (174); 2 (143); 3 (73)
2025_docente,2025,docente,114,QT_DOC_BAS_ZR_NA,QT,contagem,docentes,178772,100.0,908,100.0,5,0 (876); 1 (27); 2 (2); 3 (2)
2025_docente,2025,docente,115,QT_DOC_BAS_ESCO_EF,QT,contagem,docentes,178772,100.0,908,100.0,6,0 (867); 1 (26); 2 (8); 4 (3)
2025_docente,2025,docente,116,QT_DOC_BAS_ESCO_EM,QT,contagem,docentes,178772,100.0,908,100.0,16,0 (299); 1 (257); 2 (131); 3 (58)
2025_docente,2025,docente,117,QT_DOC_BAS_ESCO_SUP_GRAD,QT,contagem,docentes,178772,100.0,908,100.0,64,0 (200); 1 (125); 2 (63); 3 (42)
2025_docente,2025,docente,118,QT_DOC_BAS_ESCO_SUP_GRAD_LICEN,QT,contagem,docentes,178772,100.0,908,100.0,62,0 (205); 1 (124); 2 (66); 3 (42)
2025_docente,2025,docente,119,QT_DOC_BAS_ESCO_SUP_GRAD_SLICEN,QT,contagem,docentes,178772,100.0,908,100.0,14,0 (719); 1 (113); 2 (37); 3 (18)
2025_docente,2025,docente,120,QT_DOC_BAS_ESCO_SUP_POS_ESPEC,QT,contagem,docentes,178772,100.0,908,100.0,40,0 (382); 1 (100); 2 (63); 4 (39)
2025_docente,2025,docente,121,QT_DOC_BAS_ESCO_SUP_POS_MESTRA,QT,contagem,docentes,178772,100.0,908,100.0,19,0 (712); 1 (90); 2 (33); 3 (24)
2025_docente,2025,docente,122,QT_DOC_BAS_ESCO_SUP_POS_DOUTO,QT,contagem,docentes,178772,100.0,908,100.0,9,0 (863); 1 (28); 2 (9); 14 (2)
2025_docente,2025,docente,123,QT_DOC_BAS_ESCO_SUP_POS_NENHUM,QT,contagem,docentes,178772,100.0,908,100.0,33,0 (263); 1 (143); 2 (84); 3 (62)
2025_docente,2025,docente,124,QT_DOC_BAS_VINCULO_CONCUR,QT,contagem,docentes,178772,100.0,908,100.0,57,0 (304); 1 (120); 2 (62); 3 (37)
2025_docente,2025,docente,125,QT_DOC_BAS_VINCULO_CONTRA,QT,contagem,docentes,178772,100.0,908,100.0,29,0 (196); 1 (173); 2 (115); 4 (71)
2025_docente,2025,docente,126,QT_DOC_BAS_VINCULO_TERCEIR,QT,contagem,docentes,178772,100.0,908,100.0,2,0 (896); 1 (12)
2025_docente,2025,docente,127,QT_DOC_BAS_VINCULO_CLT,QT,contagem,docentes,178772,100.0,908,100.0,3,0 (905); 1 (2); 6 (1)
2025_docente,2025,docente,128,QT_DOC_BAS_DOCENTE,QT,contagem,docentes,178772,100.0,908,100.0,66,1 (165); 2 (127); 3 (45); 4 (35)
2025_docente,2025,docente,129,QT_DOC_BAS_AUXILIAR,QT,contagem,docentes,178772,100.0,908,100.0,28,0 (632); 1 (74); 2 (32); 3 (31)
2025_docente,2025,docente,130,QT_DOC_BAS_PROFI_MONITOR,QT,contagem,docentes,178772,100.0,908,100.0,8,0 (889); 2 (5); 3 (5); 1 (4)
2025_docente,2025,docente,131,QT_DOC_BAS_TRADUTOR_LIBRAS,QT,contagem,docentes,178772,100.0,908,100.0,5,0 (895); 1 (10); 2 (1); 4 (1)
2025_docente,2025,docente,132,QT_DOC_BAS_TITULAR_EAD,QT,contagem,docentes,178772,100.0,908,100.0,4,0 (901); 1 (4); 4 (2); 5 (1)
2025_docente,2025,docente,133,QT_DOC_BAS_TUTOR_AUX_EAD,QT,contagem,docentes,178772,100.0,908,100.0,2,0 (907); 6 (1)
2025_docente,2025,docente,134,QT_DOC_BAS_GUIA_INTERPRETE,QT,contagem,docentes,178772,100.0,908,100.0,1,0 (908)
2025_docente,2025,docente,135,QT_DOC_BAS_APOIO_PCD,QT,contagem,docentes,178772,100.0,908,100.0,30,0 (635); 1 (50); 2 (47); 3 (25)
2025_docente,2025,docente,136,QT_DOC_BAS_INSTRUTOR_EP,QT,contagem,docentes,178772,100.0,908,100.0,3,0 (905); 1 (2); 3 (1)
2025_docente,2025,docente,137,QT_DOC_BAS_ESPEC_CRE,QT,contagem,docentes,178772,100.0,908,100.0,9,0 (677); 1 (136); 2 (48); 3 (25)
2025_docente,2025,docente,138,QT_DOC_BAS_ESPEC_PRE_ESCOLA,QT,contagem,docentes,178772,100.0,908,100.0,12,0 (559); 1 (153); 2 (84); 3 (48)
2025_docente,2025,docente,139,QT_DOC_BAS_ESPEC_ANOS_INICIAIS,QT,contagem,docentes,178772,100.0,908,100.0,19,0 (463); 1 (158); 2 (91); 3 (63)
2025_docente,2025,docente,140,QT_DOC_BAS_ESPEC_ANOS_FINAIS,QT,contagem,docentes,178772,100.0,908,100.0,16,0 (603); 1 (130); 2 (58); 3 (50)
2025_docente,2025,docente,141,QT_DOC_BAS_ESPEC_ENS_MEDIO,QT,contagem,docentes,178772,100.0,908,100.0,14,0 (639); 1 (126); 2 (54); 3 (33)
2025_docente,2025,docente,142,QT_DOC_BAS_ESPEC_EJA,QT,contagem,docentes,178772,100.0,908,100.0,15,0 (611); 1 (135); 2 (70); 3 (30)
2025_docente,2025,docente,143,QT_DOC_BAS_ESPEC_ED_ESPECIAL,QT,contagem,docentes,178772,100.0,908,100.0,21,0 (474); 1 (144); 2 (87); 3 (63)
2025_docente,2025,docente,144,QT_DOC_BAS_ESPEC_BIL_SURDOS,QT,contagem,docentes,178772,100.0,908,100.0,4,0 (863); 1 (39); 2 (5); 4 (1)
2025_docente,2025,docente,145,QT_DOC_BAS_ESPEC_ED_INDIGENA,QT,contagem,docentes,178772,100.0,908,100.0,12,0 (661); 1 (159); 2 (51); 3 (15)
2025_docente,2025,docente,146,QT_DOC_BAS_ESPEC_CAMPO,QT,contagem,docentes,178772,100.0,908,100.0,6,0 (747); 1 (104); 2 (32); 3 (19)
2025_docente,2025,docente,147,QT_DOC_BAS_ESPEC_AMBIENTAL,QT,contagem,docentes,178772,100.0,908,100.0,7,0 (733); 1 (117); 2 (38); 3 (14)
2025_docente,2025,docente,148,QT_DOC_BAS_ESPEC_DIR_HUMANOS,QT,contagem,docentes,178772,100.0,908,100.0,5,0 (781); 1 (92); 2 (28); 3 (6)
2025_docente,2025,docente,149,QT_DOC_BAS_ESPEC_DIV_SEXUAL,QT,contagem,docentes,178772,100.0,908,100.0,5,0 (861); 1 (42); 2 (3); 3 (1)
2025_docente,2025,docente,150,QT_DOC_BAS_ESPEC_DIR_ADOLESC,QT,contagem,docentes,178772,100.0,908,100.0,7,0 (747); 1 (106); 2 (33); 3 (14)
2025_docente,2025,docente,151,QT_DOC_BAS_ESPEC_AFRO,QT,contagem,docentes,178772,100.0,908,100.0,5,0 (821); 1 (72); 2 (11); 3 (3)
2025_docente,2025,docente,152,QT_DOC_BAS_ESPEC_GESTAO,QT,contagem,docentes,178772,100.0,908,100.0,9,0 (647); 1 (155); 2 (58); 3 (26)
2025_docente,2025,docente,153,QT_DOC_BAS_ESPEC_EDUC_TIC,QT,contagem,docentes,178772,100.0,908,100.0,8,0 (828); 1 (49); 2 (18); 3 (5)
2025_docente,2025,docente,154,QT_DOC_BAS_ESPEC_OUTROS,QT,contagem,docentes,178772,100.0,908,100.0,32,0 (255); 1 (154); 2 (100); 3 (62)
2025_docente,2025,docente,155,QT_DOC_BAS_ESPEC_NENHUM,QT,contagem,docentes,178772,100.0,908,100.0,38,1 (181); 0 (163); 2 (94); 3 (71)
2025_docente,2025,docente,156,QT_DOC_BAS_DISC_LINGUA_PORT,QT,contagem,docentes,178772,100.0,908,100.0,39,0 (235); 1 (150); 2 (120); 3 (82)
2025_docente,2025,docente,157,QT_DOC_BAS_DISC_EDUC_FISICA,QT,contagem,docentes,178772,100.0,908,100.0,19,0 (246); 1 (235); 2 (154); 3 (86)
2025_docente,2025,docente,158,QT_DOC_BAS_DISC_ARTES,QT,contagem,docentes,178772,100.0,908,100.0,26,0 (235); 1 (197); 2 (150); 3 (79)
2025_docente,2025,docente,159,QT_DOC_BAS_DISC_LINGUA_ING,QT,contagem,docentes,178772,100.0,908,100.0,8,0 (768); 1 (75); 2 (40); 3 (17)
2025_docente,2025,docente,160,QT_DOC_BAS_DISC_LINGUA_ESPA,QT,contagem,docentes,178772,100.0,908,100.0,7,0 (669); 1 (127); 2 (74); 3 (26)
2025_docente,2025,docente,161,QT_DOC_BAS_DISC_LINGUA_FRANC,QT,contagem,docentes,178772,100.0,908,100.0,2,0 (907); 1 (1)
2025_docente,2025,docente,162,QT_DOC_BAS_DISC_LINGUA_OUTRA,QT,contagem,docentes,178772,100.0,908,100.0,2,0 (904); 1 (4)
2025_docente,2025,docente,163,QT_DOC_BAS_DISC_LIBRAS,QT,contagem,docentes,178772,100.0,908,100.0,2,0 (906); 1 (2)
2025_docente,2025,docente,164,QT_DOC_BAS_DISC_LINGUA_INDIG,QT,contagem,docentes,178772,100.0,908,100.0,10,0 (616); 1 (138); 2 (79); 3 (40)
2025_docente,2025,docente,165,QT_DOC_BAS_DISC_PORT_SEG_LINGUA,QT,contagem,docentes,178772,100.0,908,100.0,9,0 (882); 1 (11); 2 (4); 4 (4)
2025_docente,2025,docente,166,QT_DOC_BAS_DISC_MATEMATICA,QT,contagem,docentes,178772,100.0,908,100.0,40,0 (215); 1 (158); 2 (125); 3 (76)
2025_docente,2025,docente,167,QT_DOC_BAS_DISC_CIENCIAS,QT,contagem,docentes,178772,100.0,908,100.0,41,0 (233); 1 (196); 2 (131); 3 (79)
2025_docente,2025,docente,168,QT_DOC_BAS_DISC_FISICA,QT,contagem,docentes,178772,100.0,908,100.0,7,0 (712); 1 (141); 2 (42); 3 (4)
2025_docente,2025,docente,169,QT_DOC_BAS_DISC_QUIMICA,QT,contagem,docentes,178772,100.0,908,100.0,8,0 (711); 1 (130); 2 (49); 3 (10)
2025_docente,2025,docente,170,QT_DOC_BAS_DISC_BIOLOGIA,QT,contagem,docentes,178772,100.0,908,100.0,7,0 (709); 1 (131); 2 (46); 3 (15)
2025_docente,2025,docente,171,QT_DOC_BAS_DISC_HISTORIA,QT,contagem,docentes,178772,100.0,908,100.0,39,0 (217); 1 (189); 2 (134); 3 (83)
2025_docente,2025,docente,172,QT_DOC_BAS_DISC_GEOGRAFIA,QT,contagem,docentes,178772,100.0,908,100.0,39,0 (217); 1 (190); 2 (133); 3 (81)
2025_docente,2025,docente,173,QT_DOC_BAS_DISC_SOCIOLOGIA,QT,contagem,docentes,178772,100.0,908,100.0,6,0 (719); 1 (127); 2 (47); 3 (11)
2025_docente,2025,docente,174,QT_DOC_BAS_DISC_FILOSOFIA,QT,contagem,docentes,178772,100.0,908,100.0,7,0 (716); 1 (117); 2 (55); 3 (17)
2025_docente,2025,docente,175,QT_DOC_BAS_DISC_EST_SOCIAIS,QT,contagem,docentes,178772,100.0,908,100.0,4,0 (900); 1 (5); 2 (2); 5 (1)
2025_docente,2025,docente,176,QT_DOC_BAS_DISC_EST_SOCIAIS_SOCI,QT,contagem,docentes,178772,100.0,908,100.0,6,0 (712); 1 (131); 2 (48); 3 (12)
2025_docente,2025,docente,177,QT_DOC_BAS_DISC_INFO_COMPUTACAO,QT,contagem,docentes,178772,100.0,908,100.0,6,0 (893); 1 (9); 2 (3); 4 (1)
2025_docente,2025,docente,178,QT_DOC_BAS_DISC_ENSINO_RELIGIOSO,QT,contagem,docentes,178772,100.0,908,100.0,25,0 (377); 1 (189); 2 (108); 3 (55)
2025_docente,2025,docente,179,QT_DOC_BAS_DISC_PROFISSIONA,QT,contagem,docentes,178772,100.0,908,100.0,10,0 (893); 1 (5); 18 (3); 10 (1)
2025_docente,2025,docente,180,QT_DOC_BAS_DISC_ESTAGIO_SUPER,QT,contagem,docentes,178772,100.0,908,100.0,6,0 (899); 1 (3); 4 (3); 16 (1)
2025_docente,2025,docente,181,QT_DOC_BAS_DISC_PEDAGOGICAS,QT,contagem,docentes,178772,100.0,908,100.0,2,0 (907); 17 (1)
2025_docente,2025,docente,182,QT_DOC_BAS_DISC_PROJETO_DE_VIDA,QT,contagem,docentes,178772,100.0,908,100.0,5,0 (876); 1 (21); 2 (9); 3 (1)
2025_docente,2025,docente,183,QT_DOC_BAS_DISC_OUTRAS,QT,contagem,docentes,178772,100.0,908,100.0,21,0 (541); 1 (113); 2 (74); 4 (31)
2025_docente,2025,docente,184,QT_DOC_BAS_LIBRAS,QT,contagem,docentes,178772,100.0,908,100.0,1,0 (908)
2025,2025,escola,1,NU_ANO_CENSO,NU,número,identificação e chave,214192,100.0,969,100.0,1,2025 (969)
2025,2025,escola,2,NO_REGIAO,NO,nome/texto,identificação e chave,214192,100.0,969,100.0,1,Norte (969)
2025,2025,escola,3,CO_REGIAO,CO,código,identificação e chave,214192,100.0,969,100.0,1,1 (969)
2025,2025,escola,4,NO_UF,NO,nome/texto,identificação e chave,214192,100.0,969,100.0,1,Roraima (969)
2025,2025,escola,5,SG_UF,SG,sigla,identificação e chave,214192,100.0,969,100.0,1,RR (969)
2025,2025,escola,6,CO_UF,CO,código,identificação e chave,214192,100.0,969,100.0,1,14 (969)
2025,2025,escola,7,NO_MUNICIPIO,NO,nome/texto,identificação e chave,214192,100.0,969,100.0,15,Boa Vista (273); Normandia (127); Uiramutã (121); Pacaraima (62)
2025,2025,escola,8,CO_MUNICIPIO,CO,código,identificação e chave,214192,100.0,969,100.0,15,1400100 (273); 1400407 (127); 1400704 (121); 1400456 (62)
2025,2025,escola,9,NO_REGIAO_GEOG_INTERM,NO,nome/texto,geografia (IBGE),214192,100.0,969,100.0,2,Boa Vista (810); Rorainópolis - Caracaraí (159)
2025,2025,escola,10,CO_REGIAO_GEOG_INTERM,CO,código,geografia (IBGE),214192,100.0,969,100.0,2,1401 (810); 1402 (159)
2025,2025,escola,11,NO_REGIAO_GEOG_IMED,NO,nome/texto,geografia (IBGE),214192,100.0,969,100.0,4,Boa Vista (444); Pacaraima (366); Rorainópolis (93); Caracaraí (66)
2025,2025,escola,12,CO_REGIAO_GEOG_IMED,CO,código,geografia (IBGE),214192,100.0,969,100.0,4,140001 (444); 140002 (366); 140003 (93); 140004 (66)
2025,2025,escola,13,NO_DISTRITO,NO,nome/texto,geografia (IBGE),214192,100.0,969,100.0,15,Boa Vista (273); Normandia (127); Uiramutã (121); Pacaraima (62)
2025,2025,escola,14,CO_DISTRITO,CO,código,geografia (IBGE),214192,100.0,969,100.0,15,140010005 (273); 140040705 (127); 140070405 (121); 140045605 (62)
2025,2025,escola,15,NO_SUBDISTRITO,NO,nome/texto,geografia (IBGE),214192,0.7,969,0.0,0,
2025,2025,escola,16,CO_SUBDISTRITO,CO,código,geografia (IBGE),214192,0.7,969,0.0,0,
2025,2025,escola,17,NO_ENTIDADE,NO,nome/texto,identificação e chave,214192,100.0,969,100.0,963,ESCOLA ESTADUAL FAGUNDES VARELA (2); ESCOLA MUNICIPAL CRIANCA FELIZ (2); ESCOLA MUNICIPAL NOVA CANAA (2); ESCOLA MUNICIPAL PEQUENO POLEGAR (2)
2025,2025,escola,18,CO_ENTIDADE,CO,código,identificação e chave,214192,100.0,969,100.0,969,14000016 (1); 14000032 (1); 14000113 (1); 14000130 (1)
2025,2025,escola,19,CO_REDE,CO,código,identificação e chave,214192,100.0,969,100.0,2,1 (913); 2 (56)
2025,2025,escola,20,TP_DEPENDENCIA,TP,categórica codificada,dependência administrativa e vínculos,214192,100.0,969,100.0,4,3 (500); 2 (406); 4 (56); 1 (7)
2025,2025,escola,21,TP_CATEGORIA_ESCOLA_PRIVADA,TP,categórica codificada,dependência administrativa e vínculos,214192,19.8,969,5.3,4,1 (46); 4 (3); 2 (1); 3 (1)
2025,2025,escola,22,TP_LOCALIZACAO,TP,categórica codificada,localização e vínculo institucional,214192,100.0,969,100.0,2,2 (638); 1 (331)
2025,2025,escola,23,TP_LOCALIZACAO_DIFERENCIADA,TP,categórica codificada,localização e vínculo institucional,214192,84.3,969,94.4,4,2 (436); 0 (424); 1 (48); 8 (7)
2025,2025,escola,24,TP_SITUACAO_FUNCIONAMENTO,TP,categórica codificada,situação de funcionamento,214192,100.0,969,100.0,2,1 (915); 2 (54)
2025,2025,escola,25,CO_ORGAO_REGIONAL,CO,código,identificação e chave,214192,97.9,969,0.0,0,
2025,2025,escola,26,DT_ANO_LETIVO_INICIO,DT,data,situação de funcionamento,214192,84.3,969,94.4,39,03FEB2025:00:00:00 (387); 10FEB2025:00:00:00 (138); 30JAN2025:00:00:00 (71); 20FEB2025:00:00:00 (70)
2025,2025,escola,27,DT_ANO_LETIVO_TERMINO,DT,data,situação de funcionamento,214192,84.3,969,94.4,21,12DEC2025:00:00:00 (192); 17DEC2025:00:00:00 (159); 16DEC2025:00:00:00 (135); 19DEC2025:00:00:00 (117)
2025,2025,escola,28,IN_VINCULO_SECRETARIA_EDUCACAO,IN,binária (0/1),localização e vínculo institucional,214192,64.5,969,89.2,1,1 (864)
2025,2025,escola,29,IN_VINCULO_SEGURANCA_PUBLICA,IN,binária (0/1),localização e vínculo institucional,214192,64.5,969,89.2,1,0 (864)
2025,2025,escola,30,IN_VINCULO_SECRETARIA_SAUDE,IN,binária (0/1),localização e vínculo institucional,214192,64.5,969,89.2,1,0 (864)
2025,2025,escola,31,IN_VINCULO_OUTRO_ORGAO,IN,binária (0/1),localização e vínculo institucional,214192,64.5,969,89.2,1,0 (864)
2025,2025,escola,32,IN_PODER_PUBLICO_PARCERIA,IN,binária (0/1),dependência administrativa e vínculos,214192,84.3,969,94.4,1,0 (915)
2025,2025,escola,33,TP_PODER_PUBLICO_PARCERIA,TP,categórica codificada,dependência administrativa e vínculos,214192,4.9,969,0.0,0,
2025,2025,escola,34,IN_FORMA_CONT_TERMO_COLABORA,IN,binária (0/1),dependência administrativa e vínculos,214192,4.9,969,0.0,0,
2025,2025,escola,35,IN_FORMA_CONT_TERMO_FOMENTO,IN,binária (0/1),dependência administrativa e vínculos,214192,4.9,969,0.0,0,
2025,2025,escola,36,IN_FORMA_CONT_ACORDO_COOP,IN,binária (0/1),dependência administrativa e vínculos,214192,4.9,969,0.0,0,
2025,2025,escola,37,IN_FORMA_CONT_PRESTACAO_SERV,IN,binária (0/1),dependência administrativa e vínculos,214192,4.9,969,0.0,0,
2025,2025,escola,38,IN_FORMA_CONT_COOP_TEC_FIN,IN,binária (0/1),dependência administrativa e vínculos,214192,4.9,969,0.0,0,
2025,2025,escola,39,IN_FORMA_CONT_CONSORCIO_PUB,IN,binária (0/1),dependência administrativa e vínculos,214192,4.9,969,0.0,0,
2025,2025,escola,40,IN_FORMA_CONT_MU_TERMO_COLAB,IN,binária (0/1),dependência administrativa e vínculos,214192,4.4,969,0.0,0,
2025,2025,escola,41,IN_FORMA_CONT_MU_TERMO_FOMENTO,IN,binária (0/1),dependência administrativa e vínculos,214192,4.4,969,0.0,0,
2025,2025,escola,42,IN_FORMA_CONT_MU_ACORDO_COOP,IN,binária (0/1),dependência administrativa e vínculos,214192,4.4,969,0.0,0,
2025,2025,escola,43,IN_FORMA_CONT_MU_PREST_SERV,IN,binária (0/1),dependência administrativa e vínculos,214192,4.4,969,0.0,0,
2025,2025,escola,44,IN_FORMA_CONT_MU_COOP_TEC_FIN,IN,binária (0/1),dependência administrativa e vínculos,214192,4.4,969,0.0,0,
2025,2025,escola,45,IN_FORMA_CONT_MU_CONSORCIO_PUB,IN,binária (0/1),dependência administrativa e vínculos,214192,4.4,969,0.0,0,
2025,2025,escola,46,IN_FORMA_CONT_ES_TERMO_COLAB,IN,binária (0/1),dependência administrativa e vínculos,214192,1.0,969,0.0,0,
2025,2025,escola,47,IN_FORMA_CONT_ES_TERMO_FOMENTO,IN,binária (0/1),dependência administrativa e vínculos,214192,1.0,969,0.0,0,
2025,2025,escola,48,IN_FORMA_CONT_ES_ACORDO_COOP,IN,binária (0/1),dependência administrativa e vínculos,214192,1.0,969,0.0,0,
2025,2025,escola,49,IN_FORMA_CONT_ES_PREST_SERV,IN,binária (0/1),dependência administrativa e vínculos,214192,1.0,969,0.0,0,
2025,2025,escola,50,IN_FORMA_CONT_ES_COOP_TEC_FIN,IN,binária (0/1),dependência administrativa e vínculos,214192,1.0,969,0.0,0,
2025,2025,escola,51,IN_FORMA_CONT_ES_CONSORCIO_PUB,IN,binária (0/1),dependência administrativa e vínculos,214192,1.0,969,0.0,0,
2025,2025,escola,52,IN_MANT_ESCOLA_PRIVADA_EMP,IN,binária (0/1),dependência administrativa e vínculos,214192,19.8,969,5.3,2,1 (38); 0 (13)
2025,2025,escola,53,IN_MANT_ESCOLA_PRIVADA_ONG,IN,binária (0/1),dependência administrativa e vínculos,214192,19.8,969,5.3,1,0 (51)
2025,2025,escola,54,IN_MANT_ESCOLA_PRIVADA_OSCIP,IN,binária (0/1),dependência administrativa e vínculos,214192,19.8,969,5.3,1,0 (51)
2025,2025,escola,55,IN_MANT_ESCOLA_PRIV_ONG_OSCIP,IN,binária (0/1),dependência administrativa e vínculos,214192,19.8,969,5.3,1,0 (51)
2025,2025,escola,56,IN_MANT_ESCOLA_PRIVADA_SIND,IN,binária (0/1),dependência administrativa e vínculos,214192,19.8,969,5.3,2,0 (50); 1 (1)
2025,2025,escola,57,IN_MANT_ESCOLA_PRIVADA_SIST_S,IN,binária (0/1),dependência administrativa e vínculos,214192,19.8,969,5.3,2,0 (41); 1 (10)
2025,2025,escola,58,IN_MANT_ESCOLA_PRIVADA_S_FINS,IN,binária (0/1),dependência administrativa e vínculos,214192,19.8,969,5.3,2,0 (42); 1 (9)
2025,2025,escola,59,NU_CNPJ_ESCOLA_PRIVADA,NU,número,dependência administrativa e vínculos,214192,19.8,969,5.3,51,03153024000179 (1); 03485283000288 (1); 03488834000267 (1); 03488834000348 (1)
2025,2025,escola,60,NU_CNPJ_MANTENEDORA,NU,número,dependência administrativa e vínculos,214192,19.8,969,5.3,48,03488834000186 (4); 03153024000179 (1); 03485283000105 (1); 03576849000104 (1)
2025,2025,escola,61,TP_REGULAMENTACAO,TP,categórica codificada,dependência administrativa e vínculos,214192,84.3,969,94.4,3,1 (756); 2 (139); 0 (20)
2025,2025,escola,62,TP_RESPONSAVEL_REGULAMENTACAO,TP,categórica codificada,dependência administrativa e vínculos,214192,82.5,969,92.4,5,3 (459); 2 (411); 4 (17); 6 (6)
2025,2025,escola,63,CO_ESCOLA_SEDE_VINCULADA,CO,código,dependência administrativa e vínculos,214192,1.7,969,0.0,0,
2025,2025,escola,64,CO_IES_OFERTANTE,CO,código,dependência administrativa e vínculos,214192,0.2,969,0.6,3,3184 (4); 5520 (1); 789 (1)
2025,2025,escola,65,IN_LOCAL_FUNC_PREDIO_ESCOLAR,IN,binária (0/1),local de funcionamento,214192,84.3,969,94.4,2,1 (724); 0 (191)
2025,2025,escola,66,TP_OCUPACAO_PREDIO_ESCOLAR,TP,categórica codificada,local de funcionamento,214192,82.9,969,74.7,3,1 (643); 3 (59); 2 (22)
2025,2025,escola,67,IN_LOCAL_FUNC_SOCIOEDUCATIVO,IN,binária (0/1),local de funcionamento,214192,84.3,969,94.4,2,0 (914); 1 (1)
2025,2025,escola,68,IN_LOCAL_FUNC_UNID_PRISIONAL,IN,binária (0/1),local de funcionamento,214192,84.3,969,94.4,2,0 (913); 1 (2)
2025,2025,escola,69,IN_LOCAL_FUNC_PRISIONAL_SOCIO,IN,binária (0/1),local de funcionamento,214192,84.3,969,94.4,2,0 (912); 1 (3)
2025,2025,escola,70,IN_LOCAL_FUNC_GALPAO,IN,binária (0/1),local de funcionamento,214192,84.3,969,94.4,2,0 (677); 1 (238)
2025,2025,escola,71,TP_OCUPACAO_GALPAO,TP,categórica codificada,local de funcionamento,214192,1.0,969,24.6,4,9 (174); 1 (55); 3 (8); 2 (1)
2025,2025,escola,72,IN_LOCAL_FUNC_SALAS_OUTRA_ESC,IN,binária (0/1),local de funcionamento,214192,84.3,969,94.4,2,0 (886); 1 (29)
2025,2025,escola,73,IN_LOCAL_FUNC_OUTROS,IN,binária (0/1),local de funcionamento,214192,84.3,969,94.4,2,0 (837); 1 (78)
2025,2025,escola,74,IN_PREDIO_COMPARTILHADO,IN,binária (0/1),local de funcionamento,214192,84.3,969,94.4,2,0 (876); 1 (39)
2025,2025,escola,75,IN_AGUA_POTAVEL,IN,binária (0/1),"infraestrutura básica (água, energia, esgoto, lixo)",214192,84.3,969,94.4,2,1 (745); 0 (170)
2025,2025,escola,76,IN_AGUA_REDE_PUBLICA,IN,binária (0/1),"infraestrutura básica (água, energia, esgoto, lixo)",214192,84.3,969,94.4,2,0 (501); 1 (414)
2025,2025,escola,77,IN_AGUA_POCO_ARTESIANO,IN,binária (0/1),"infraestrutura básica (água, energia, esgoto, lixo)",214192,84.3,969,94.4,2,0 (508); 1 (407)
2025,2025,escola,78,IN_AGUA_CACIMBA,IN,binária (0/1),"infraestrutura básica (água, energia, esgoto, lixo)",214192,84.3,969,94.4,2,0 (854); 1 (61)
2025,2025,escola,79,IN_AGUA_FONTE_RIO,IN,binária (0/1),"infraestrutura básica (água, energia, esgoto, lixo)",214192,84.3,969,94.4,2,0 (734); 1 (181)
2025,2025,escola,80,IN_AGUA_INEXISTENTE,IN,binária (0/1),"infraestrutura básica (água, energia, esgoto, lixo)",214192,84.3,969,94.4,2,0 (904); 1 (11)
2025,2025,escola,81,IN_AGUA_CARRO_PIPA,IN,binária (0/1),"infraestrutura básica (água, energia, esgoto, lixo)",214192,84.3,969,94.4,1,0 (915)
2025,2025,escola,82,IN_ENERGIA_REDE_PUBLICA,IN,binária (0/1),"infraestrutura básica (água, energia, esgoto, lixo)",214192,84.3,969,94.4,2,1 (731); 0 (184)
2025,2025,escola,83,IN_ENERGIA_GERADOR_FOSSIL,IN,binária (0/1),"infraestrutura básica (água, energia, esgoto, lixo)",214192,84.3,969,94.4,2,0 (879); 1 (36)
2025,2025,escola,84,IN_ENERGIA_RENOVAVEL,IN,binária (0/1),"infraestrutura básica (água, energia, esgoto, lixo)",214192,84.3,969,94.4,2,0 (891); 1 (24)
2025,2025,escola,85,IN_ENERGIA_INEXISTENTE,IN,binária (0/1),"infraestrutura básica (água, energia, esgoto, lixo)",214192,84.3,969,94.4,2,0 (777); 1 (138)
2025,2025,escola,86,IN_ESGOTO_REDE_PUBLICA,IN,binária (0/1),"infraestrutura básica (água, energia, esgoto, lixo)",214192,84.3,969,94.4,2,0 (717); 1 (198)
2025,2025,escola,87,IN_ESGOTO_FOSSA_SEPTICA,IN,binária (0/1),"infraestrutura básica (água, energia, esgoto, lixo)",214192,84.3,969,94.4,2,0 (549); 1 (366)
2025,2025,escola,88,IN_ESGOTO_FOSSA_COMUM,IN,binária (0/1),"infraestrutura básica (água, energia, esgoto, lixo)",214192,84.3,969,94.4,2,0 (719); 1 (196)
2025,2025,escola,89,IN_ESGOTO_FOSSA,IN,binária (0/1),"infraestrutura básica (água, energia, esgoto, lixo)",214192,84.3,969,94.4,2,1 (562); 0 (353)
2025,2025,escola,90,IN_ESGOTO_INEXISTENTE,IN,binária (0/1),"infraestrutura básica (água, energia, esgoto, lixo)",214192,84.3,969,94.4,2,0 (732); 1 (183)
2025,2025,escola,91,IN_LIXO_SERVICO_COLETA,IN,binária (0/1),"infraestrutura básica (água, energia, esgoto, lixo)",214192,84.3,969,94.4,2,0 (506); 1 (409)
2025,2025,escola,92,IN_LIXO_QUEIMA,IN,binária (0/1),"infraestrutura básica (água, energia, esgoto, lixo)",214192,84.3,969,94.4,2,1 (506); 0 (409)
2025,2025,escola,93,IN_LIXO_ENTERRA,IN,binária (0/1),"infraestrutura básica (água, energia, esgoto, lixo)",214192,84.3,969,94.4,2,0 (840); 1 (75)
2025,2025,escola,94,IN_LIXO_DESTINO_FINAL_PUBLICO,IN,binária (0/1),"infraestrutura básica (água, energia, esgoto, lixo)",214192,84.3,969,94.4,2,0 (909); 1 (6)
2025,2025,escola,95,IN_LIXO_DESCARTA_OUTRA_AREA,IN,binária (0/1),"infraestrutura básica (água, energia, esgoto, lixo)",214192,84.3,969,94.4,2,0 (843); 1 (72)
2025,2025,escola,96,IN_TRATAMENTO_LIXO_SEPARACAO,IN,binária (0/1),"infraestrutura básica (água, energia, esgoto, lixo)",214192,84.3,969,94.4,2,0 (727); 1 (188)
2025,2025,escola,97,IN_TRATAMENTO_LIXO_REUTILIZA,IN,binária (0/1),"infraestrutura básica (água, energia, esgoto, lixo)",214192,84.3,969,94.4,2,0 (899); 1 (16)
2025,2025,escola,98,IN_TRATAMENTO_LIXO_RECICLAGEM,IN,binária (0/1),"infraestrutura básica (água, energia, esgoto, lixo)",214192,84.3,969,94.4,2,0 (869); 1 (46)
2025,2025,escola,99,IN_TRATAMENTO_LIXO_INEXISTENTE,IN,binária (0/1),"infraestrutura básica (água, energia, esgoto, lixo)",214192,84.3,969,94.4,2,1 (704); 0 (211)
2025,2025,escola,100,IN_ALMOXARIFADO,IN,binária (0/1),dependências físicas,214192,84.3,969,94.4,2,0 (730); 1 (185)
2025,2025,escola,101,IN_AREA_VERDE,IN,binária (0/1),dependências físicas,214192,84.3,969,94.4,2,0 (644); 1 (271)
2025,2025,escola,102,IN_AREA_PLANTIO,IN,binária (0/1),dependências físicas,214192,84.3,969,94.4,2,0 (822); 1 (93)
2025,2025,escola,103,IN_AUDITORIO,IN,binária (0/1),dependências físicas,214192,84.3,969,94.4,2,0 (871); 1 (44)
2025,2025,escola,104,IN_BANHEIRO,IN,binária (0/1),dependências físicas,214192,84.3,969,94.4,2,1 (699); 0 (216)
2025,2025,escola,105,IN_BANHEIRO_EI,IN,binária (0/1),dependências físicas,214192,84.3,969,94.4,2,0 (677); 1 (238)
2025,2025,escola,106,IN_BANHEIRO_PNE,IN,binária (0/1),dependências físicas,214192,84.3,969,94.4,2,0 (599); 1 (316)
2025,2025,escola,107,IN_BANHEIRO_FUNCIONARIOS,IN,binária (0/1),dependências físicas,214192,84.3,969,94.4,2,0 (547); 1 (368)
2025,2025,escola,108,IN_BANHEIRO_CHUVEIRO,IN,binária (0/1),dependências físicas,214192,84.3,969,94.4,2,0 (550); 1 (365)
2025,2025,escola,109,IN_BIBLIOTECA,IN,binária (0/1),dependências físicas,214192,84.3,969,94.4,2,0 (720); 1 (195)
2025,2025,escola,110,IN_BIBLIOTECA_SALA_LEITURA,IN,binária (0/1),dependências físicas,214192,84.3,969,94.4,2,0 (663); 1 (252)
2025,2025,escola,111,IN_COZINHA,IN,binária (0/1),dependências físicas,214192,84.3,969,94.4,2,1 (719); 0 (196)
2025,2025,escola,112,IN_DESPENSA,IN,binária (0/1),dependências físicas,214192,84.3,969,94.4,2,1 (483); 0 (432)
2025,2025,escola,113,IN_DORMITORIO_ALUNO,IN,binária (0/1),dependências físicas,214192,84.3,969,94.4,2,0 (880); 1 (35)
2025,2025,escola,114,IN_DORMITORIO_PROFESSOR,IN,binária (0/1),dependências físicas,214192,84.3,969,94.4,2,0 (912); 1 (3)
2025,2025,escola,115,IN_LABORATORIO_CIENCIAS,IN,binária (0/1),dependências físicas,214192,84.3,969,94.4,2,0 (829); 1 (86)
2025,2025,escola,116,IN_LABORATORIO_INFORMATICA,IN,binária (0/1),dependências físicas,214192,84.3,969,94.4,2,0 (809); 1 (106)
2025,2025,escola,117,IN_LABORATORIO_EDUC_PROF,IN,binária (0/1),dependências físicas,214192,84.3,969,94.4,2,0 (906); 1 (9)
2025,2025,escola,118,IN_PATIO_COBERTO,IN,binária (0/1),dependências físicas,214192,84.3,969,94.4,2,0 (526); 1 (389)
2025,2025,escola,119,IN_PATIO_DESCOBERTO,IN,binária (0/1),dependências físicas,214192,84.3,969,94.4,2,0 (767); 1 (148)
2025,2025,escola,120,IN_PARQUE_INFANTIL,IN,binária (0/1),dependências físicas,214192,84.3,969,94.4,2,0 (754); 1 (161)
2025,2025,escola,121,IN_PISCINA,IN,binária (0/1),dependências físicas,214192,84.3,969,94.4,2,0 (905); 1 (10)
2025,2025,escola,122,IN_QUADRA_ESPORTES,IN,binária (0/1),dependências físicas,214192,84.3,969,94.4,2,0 (696); 1 (219)
2025,2025,escola,123,IN_QUADRA_ESPORTES_COBERTA,IN,binária (0/1),dependências físicas,214192,84.3,969,94.4,2,0 (711); 1 (204)
2025,2025,escola,124,IN_QUADRA_ESPORTES_DESCOBERTA,IN,binária (0/1),dependências físicas,214192,84.3,969,94.4,2,0 (884); 1 (31)
2025,2025,escola,125,IN_REFEITORIO,IN,binária (0/1),dependências físicas,214192,84.3,969,94.4,2,0 (562); 1 (353)
2025,2025,escola,126,IN_SALA_ATELIE_ARTES,IN,binária (0/1),dependências físicas,214192,84.3,969,94.4,2,0 (901); 1 (14)
2025,2025,escola,127,IN_SALA_MUSICA_CORAL,IN,binária (0/1),dependências físicas,214192,84.3,969,94.4,2,0 (899); 1 (16)
2025,2025,escola,128,IN_SALA_ESTUDIO_DANCA,IN,binária (0/1),dependências físicas,214192,84.3,969,94.4,2,0 (908); 1 (7)
2025,2025,escola,129,IN_SALA_MULTIUSO,IN,binária (0/1),dependências físicas,214192,84.3,969,94.4,2,0 (886); 1 (29)
2025,2025,escola,130,IN_SALA_ESTUDIO_GRAVACAO,IN,binária (0/1),dependências físicas,214192,84.3,969,94.4,2,0 (912); 1 (3)
2025,2025,escola,131,IN_SALA_OFICINAS_EDUC_PROF,IN,binária (0/1),dependências físicas,214192,84.3,969,94.4,2,0 (908); 1 (7)
2025,2025,escola,132,IN_SALA_DIRETORIA,IN,binária (0/1),dependências físicas,214192,84.3,969,94.4,2,1 (474); 0 (441)
2025,2025,escola,133,IN_SALA_LEITURA,IN,binária (0/1),dependências físicas,214192,84.3,969,94.4,2,0 (745); 1 (170)
2025,2025,escola,134,IN_SALA_PROFESSOR,IN,binária (0/1),dependências físicas,214192,84.3,969,94.4,2,0 (539); 1 (376)
2025,2025,escola,135,IN_SALA_REPOUSO_ALUNO,IN,binária (0/1),dependências físicas,214192,84.3,969,94.4,2,0 (896); 1 (19)
2025,2025,escola,136,IN_SECRETARIA,IN,binária (0/1),dependências físicas,214192,84.3,969,94.4,2,1 (557); 0 (358)
2025,2025,escola,137,IN_SALA_ATENDIMENTO_ESPECIAL,IN,binária (0/1),dependências físicas,214192,84.3,969,94.4,2,0 (684); 1 (231)
2025,2025,escola,138,IN_TERREIRAO,IN,binária (0/1),dependências físicas,214192,84.3,969,94.4,2,0 (520); 1 (395)
2025,2025,escola,139,IN_VIVEIRO,IN,binária (0/1),dependências físicas,214192,84.3,969,94.4,2,0 (910); 1 (5)
2025,2025,escola,140,IN_DEPENDENCIAS_OUTRAS,IN,binária (0/1),dependências físicas,214192,84.3,969,94.4,2,0 (823); 1 (92)
2025,2025,escola,141,IN_ACESSIBILIDADE_CORRIMAO,IN,binária (0/1),acessibilidade,214192,84.3,969,94.4,2,0 (842); 1 (73)
2025,2025,escola,142,IN_ACESSIBILIDADE_ELEVADOR,IN,binária (0/1),acessibilidade,214192,84.3,969,94.4,2,0 (902); 1 (13)
2025,2025,escola,143,IN_ACESSIBILIDADE_PISOS_TATEIS,IN,binária (0/1),acessibilidade,214192,84.3,969,94.4,2,0 (798); 1 (117)
2025,2025,escola,144,IN_ACESSIBILIDADE_VAO_LIVRE,IN,binária (0/1),acessibilidade,214192,84.3,969,94.4,2,0 (692); 1 (223)
2025,2025,escola,145,IN_ACESSIBILIDADE_RAMPAS,IN,binária (0/1),acessibilidade,214192,84.3,969,94.4,2,0 (483); 1 (432)
2025,2025,escola,146,IN_ACESSIBILIDADE_SINAL_SONORO,IN,binária (0/1),acessibilidade,214192,84.3,969,94.4,2,0 (894); 1 (21)
2025,2025,escola,147,IN_ACESSIBILIDADE_SINAL_TATIL,IN,binária (0/1),acessibilidade,214192,84.3,969,94.4,2,0 (872); 1 (43)
2025,2025,escola,148,IN_ACESSIBILIDADE_SINAL_VISUAL,IN,binária (0/1),acessibilidade,214192,84.3,969,94.4,2,0 (848); 1 (67)
2025,2025,escola,149,IN_ACESSIBILIDADE_INEXISTENTE,IN,binária (0/1),acessibilidade,214192,84.3,969,94.4,2,0 (492); 1 (423)
2025,2025,escola,150,IN_ACESSIBILIDADE_SINALIZACAO,IN,binária (0/1),acessibilidade,214192,84.3,969,94.4,2,0 (904); 1 (11)
2025,2025,escola,151,QT_SALAS_UTILIZADAS_DENTRO,QT,contagem,dependências físicas,214192,84.3,969,94.4,38,0 (191); 1 (119); 2 (109); 4 (84)
2025,2025,escola,152,QT_SALAS_UTILIZADAS_FORA,QT,contagem,dependências físicas,214192,84.3,969,94.4,15,0 (599); 1 (156); 2 (48); 4 (30)
2025,2025,escola,153,QT_SALAS_UTILIZADAS,QT,contagem,dependências físicas,214192,84.3,969,94.4,39,1 (211); 2 (113); 4 (95); 5 (61)
2025,2025,escola,154,QT_SALAS_UTILIZA_CLIMATIZADAS,QT,contagem,dependências físicas,214192,84.3,969,94.4,38,0 (413); 1 (57); 4 (48); 2 (42)
2025,2025,escola,155,QT_SALAS_UTILIZADAS_ACESSIVEIS,QT,contagem,dependências físicas,214192,84.3,969,94.4,33,0 (739); 1 (25); 10 (14); 12 (13)
2025,2025,escola,156,QT_SALAS_LEITURA,QT,contagem,dependências físicas,214192,84.3,969,94.4,20,0 (693); 1 (89); 2 (19); 6 (19)
2025,2025,escola,157,IN_EQUIP_PARABOLICA,IN,binária (0/1),equipamentos e tecnologia,214192,84.3,969,94.4,2,0 (910); 1 (5)
2025,2025,escola,158,IN_COMPUTADOR,IN,binária (0/1),equipamentos e tecnologia,214192,84.3,969,94.4,2,1 (499); 0 (416)
2025,2025,escola,159,IN_EQUIP_COPIADORA,IN,binária (0/1),equipamentos e tecnologia,214192,84.3,969,94.4,2,0 (729); 1 (186)
2025,2025,escola,160,IN_EQUIP_IMPRESSORA,IN,binária (0/1),equipamentos e tecnologia,214192,84.3,969,94.4,2,0 (533); 1 (382)
2025,2025,escola,161,IN_EQUIP_IMPRESSORA_MULT,IN,binária (0/1),equipamentos e tecnologia,214192,84.3,969,94.4,2,1 (498); 0 (417)
2025,2025,escola,162,IN_EQUIP_SCANNER,IN,binária (0/1),equipamentos e tecnologia,214192,84.3,969,94.4,2,0 (748); 1 (167)
2025,2025,escola,163,IN_EQUIP_NENHUM,IN,binária (0/1),equipamentos e tecnologia,214192,84.3,969,94.4,2,0 (641); 1 (274)
2025,2025,escola,164,IN_EQUIP_DVD,IN,binária (0/1),equipamentos e tecnologia,214192,84.3,969,94.4,2,0 (760); 1 (155)
2025,2025,escola,165,QT_EQUIP_DVD,QT,contagem,equipamentos e tecnologia,214192,84.3,969,94.4,7,0 (760); 1 (99); 2 (34); 3 (11)
2025,2025,escola,166,IN_EQUIP_SOM,IN,binária (0/1),equipamentos e tecnologia,214192,84.3,969,94.4,2,0 (613); 1 (302)
2025,2025,escola,167,QT_EQUIP_SOM,QT,contagem,equipamentos e tecnologia,214192,84.3,969,94.4,12,0 (613); 1 (194); 2 (66); 4 (14)
2025,2025,escola,168,IN_EQUIP_TV,IN,binária (0/1),equipamentos e tecnologia,214192,84.3,969,94.4,2,0 (459); 1 (456)
2025,2025,escola,169,QT_EQUIP_TV,QT,contagem,equipamentos e tecnologia,214192,84.3,969,94.4,20,0 (459); 1 (241); 2 (77); 3 (39)
2025,2025,escola,170,IN_EQUIP_LOUSA_DIGITAL,IN,binária (0/1),equipamentos e tecnologia,214192,84.3,969,94.4,2,0 (816); 1 (99)
2025,2025,escola,171,QT_EQUIP_LOUSA_DIGITAL,QT,contagem,equipamentos e tecnologia,214192,84.3,969,94.4,11,0 (816); 1 (57); 2 (14); 3 (11)
2025,2025,escola,172,IN_EQUIP_MULTIMIDIA,IN,binária (0/1),equipamentos e tecnologia,214192,84.3,969,94.4,2,0 (518); 1 (397)
2025,2025,escola,173,QT_EQUIP_MULTIMIDIA,QT,contagem,equipamentos e tecnologia,214192,84.3,969,94.4,17,0 (518); 1 (266); 2 (73); 3 (25)
2025,2025,escola,174,IN_DESKTOP_ALUNO,IN,binária (0/1),equipamentos e tecnologia,214192,84.3,969,94.4,2,0 (734); 1 (181)
2025,2025,escola,175,QT_DESKTOP_ALUNO,QT,contagem,equipamentos e tecnologia,214192,84.3,969,94.4,36,0 (734); 1 (60); 2 (24); 10 (14)
2025,2025,escola,176,IN_COMP_PORTATIL_ALUNO,IN,binária (0/1),equipamentos e tecnologia,214192,84.3,969,94.4,2,0 (722); 1 (193)
2025,2025,escola,177,QT_COMP_PORTATIL_ALUNO,QT,contagem,equipamentos e tecnologia,214192,84.3,969,94.4,35,0 (722); 1 (77); 2 (34); 25 (10)
2025,2025,escola,178,IN_TABLET_ALUNO,IN,binária (0/1),equipamentos e tecnologia,214192,84.3,969,94.4,2,0 (644); 1 (271)
2025,2025,escola,179,QT_TABLET_ALUNO,QT,contagem,equipamentos e tecnologia,214192,84.3,969,94.4,66,0 (644); 1 (27); 30 (18); 20 (13)
2025,2025,escola,180,IN_INTERNET,IN,binária (0/1),equipamentos e tecnologia,214192,84.3,969,94.4,2,1 (626); 0 (289)
2025,2025,escola,181,IN_INTERNET_ALUNOS,IN,binária (0/1),equipamentos e tecnologia,214192,84.3,969,94.4,2,0 (624); 1 (291)
2025,2025,escola,182,IN_INTERNET_ADMINISTRATIVO,IN,binária (0/1),equipamentos e tecnologia,214192,84.3,969,94.4,2,1 (615); 0 (300)
2025,2025,escola,183,IN_INTERNET_APRENDIZAGEM,IN,binária (0/1),equipamentos e tecnologia,214192,84.3,969,94.4,2,0 (495); 1 (420)
2025,2025,escola,184,IN_INTERNET_COMUNIDADE,IN,binária (0/1),equipamentos e tecnologia,214192,84.3,969,94.4,2,0 (748); 1 (167)
2025,2025,escola,185,IN_ACESSO_INTERNET_COMPUTADOR,IN,binária (0/1),equipamentos e tecnologia,214192,84.3,969,94.4,3,0 (730); 1 (179); 9 (6)
2025,2025,escola,186,IN_ACES_INTERNET_DISP_PESSOAIS,IN,binária (0/1),equipamentos e tecnologia,214192,84.3,969,94.4,3,0 (732); 1 (177); 9 (6)
2025,2025,escola,187,TP_REDE_LOCAL,TP,categórica codificada,equipamentos e tecnologia,214192,84.3,969,94.4,5,9 (309); 2 (218); 3 (187); 0 (118)
2025,2025,escola,188,IN_BANDA_LARGA,IN,binária (0/1),equipamentos e tecnologia,214192,79.7,969,64.6,2,1 (464); 0 (162)
2025,2025,escola,189,QT_PROF_ADMINISTRATIVOS,QT,contagem,profissionais não docentes,214192,84.3,969,94.4,17,0 (509); 1 (176); 2 (100); 3 (42)
2025,2025,escola,190,QT_PROF_SERVICOS_GERAIS,QT,contagem,profissionais não docentes,214192,84.3,969,94.4,28,0 (220); 1 (155); 2 (122); 3 (75)
2025,2025,escola,191,QT_PROF_BIBLIOTECARIO,QT,contagem,profissionais não docentes,214192,84.3,969,94.4,11,0 (763); 1 (48); 2 (42); 3 (19)
2025,2025,escola,192,QT_PROF_SAUDE,QT,contagem,profissionais não docentes,214192,84.3,969,94.4,8,0 (896); 88888 (7); 2 (4); 1 (3)
2025,2025,escola,193,QT_PROF_COORDENADOR,QT,contagem,profissionais não docentes,214192,84.3,969,94.4,14,0 (657); 1 (150); 2 (54); 4 (16)
2025,2025,escola,194,QT_PROF_FONAUDIOLOGO,QT,contagem,profissionais não docentes,214192,84.3,969,94.4,3,0 (913); 1 (1); 2 (1)
2025,2025,escola,195,QT_PROF_NUTRICIONISTA,QT,contagem,profissionais não docentes,214192,84.3,969,94.4,2,0 (883); 1 (32)
2025,2025,escola,196,QT_PROF_PSICOLOGO,QT,contagem,profissionais não docentes,214192,84.3,969,94.4,5,0 (890); 1 (21); 2 (2); 6 (1)
2025,2025,escola,197,QT_PROF_ALIMENTACAO,QT,contagem,profissionais não docentes,214192,84.3,969,94.4,15,1 (326); 0 (189); 2 (133); 3 (81)
2025,2025,escola,198,QT_PROF_PEDAGOGIA,QT,contagem,profissionais não docentes,214192,84.3,969,94.4,21,0 (482); 1 (167); 2 (101); 3 (47)
2025,2025,escola,199,QT_PROF_SECRETARIO,QT,contagem,profissionais não docentes,214192,84.3,969,94.4,5,0 (444); 1 (443); 2 (26); 24 (1)
2025,2025,escola,200,QT_PROF_SEGURANCA,QT,contagem,profissionais não docentes,214192,84.3,969,94.4,11,0 (646); 2 (109); 3 (84); 4 (34)
2025,2025,escola,201,QT_PROF_MONITORES,QT,contagem,profissionais não docentes,214192,84.3,969,94.4,11,0 (837); 1 (33); 2 (25); 4 (9)
2025,2025,escola,202,QT_PROF_GESTAO,QT,contagem,profissionais não docentes,214192,84.3,969,94.4,5,0 (500); 1 (356); 2 (52); 3 (6)
2025,2025,escola,203,QT_PROF_ASSIST_SOCIAL,QT,contagem,profissionais não docentes,214192,84.3,969,94.4,7,0 (860); 1 (26); 2 (21); 3 (4)
2025,2025,escola,204,QT_PROF_TRAD_LIBRAS,QT,contagem,profissionais não docentes,214192,84.3,969,94.4,3,0 (894); 1 (16); 2 (5)
2025,2025,escola,205,QT_PROF_AGRICOLA,QT,contagem,profissionais não docentes,214192,84.3,969,94.4,5,0 (898); 1 (11); 2 (4); 5 (1)
2025,2025,escola,206,QT_PROF_REVISOR_BRAILLE,QT,contagem,profissionais não docentes,214192,84.3,969,94.4,3,0 (906); 1 (8); 4 (1)
2025,2025,escola,207,IN_ALIMENTACAO,IN,binária (0/1),alimentação escolar,214192,84.3,969,94.4,2,1 (880); 0 (35)
2025,2025,escola,208,IN_MATERIAL_PED_MULTIMIDIA,IN,binária (0/1),materiais pedagógicos,214192,84.3,969,94.4,2,0 (764); 1 (151)
2025,2025,escola,209,IN_MATERIAL_PED_INFANTIL,IN,binária (0/1),materiais pedagógicos,214192,84.3,969,94.4,2,0 (598); 1 (317)
2025,2025,escola,210,IN_MATERIAL_PED_CIENTIFICO,IN,binária (0/1),materiais pedagógicos,214192,84.3,969,94.4,2,0 (806); 1 (109)
2025,2025,escola,211,IN_MATERIAL_PED_DIFUSAO,IN,binária (0/1),materiais pedagógicos,214192,84.3,969,94.4,2,0 (669); 1 (246)
2025,2025,escola,212,IN_MATERIAL_PED_MUSICAL,IN,binária (0/1),materiais pedagógicos,214192,84.3,969,94.4,2,0 (816); 1 (99)
2025,2025,escola,213,IN_MATERIAL_PED_JOGOS,IN,binária (0/1),materiais pedagógicos,214192,84.3,969,94.4,2,1 (519); 0 (396)
2025,2025,escola,214,IN_MATERIAL_PED_ARTISTICAS,IN,binária (0/1),materiais pedagógicos,214192,84.3,969,94.4,2,0 (752); 1 (163)
2025,2025,escola,215,IN_MATERIAL_PED_PROFISSIONAL,IN,binária (0/1),materiais pedagógicos,214192,84.3,969,94.4,2,0 (873); 1 (42)
2025,2025,escola,216,IN_MATERIAL_PED_DESPORTIVA,IN,binária (0/1),materiais pedagógicos,214192,84.3,969,94.4,2,0 (489); 1 (426)
2025,2025,escola,217,IN_MATERIAL_PED_INDIGENA,IN,binária (0/1),materiais pedagógicos,214192,84.3,969,94.4,2,0 (880); 1 (35)
2025,2025,escola,218,IN_MATERIAL_PED_ETNICO,IN,binária (0/1),materiais pedagógicos,214192,84.3,969,94.4,2,0 (861); 1 (54)
2025,2025,escola,219,IN_MATERIAL_PED_CAMPO,IN,binária (0/1),materiais pedagógicos,214192,84.3,969,94.4,2,0 (884); 1 (31)
2025,2025,escola,220,IN_MATERIAL_PED_BIL_SURDOS,IN,binária (0/1),materiais pedagógicos,214192,84.3,969,94.4,2,0 (881); 1 (34)
2025,2025,escola,221,IN_MATERIAL_PED_AGRICOLA,IN,binária (0/1),materiais pedagógicos,214192,84.3,969,94.4,2,0 (875); 1 (40)
2025,2025,escola,222,IN_MATERIAL_PED_QUILOMBOLA,IN,binária (0/1),materiais pedagógicos,214192,84.3,969,94.4,1,0 (915)
2025,2025,escola,223,IN_MATERIAL_PED_EDU_ESP,IN,binária (0/1),materiais pedagógicos,214192,84.3,969,94.4,2,0 (765); 1 (150)
2025,2025,escola,224,IN_MATERIAL_PED_NENHUM,IN,binária (0/1),materiais pedagógicos,214192,84.3,969,94.4,2,0 (624); 1 (291)
2025,2025,escola,225,IN_EDUCACAO_INDIGENA,IN,binária (0/1),educação indígena,214192,84.3,969,94.4,2,0 (479); 1 (436)
2025,2025,escola,226,TP_INDIGENA_LINGUA,TP,categórica codificada,educação indígena,214192,1.7,969,45.0,3,3 (372); 2 (62); 1 (2)
2025,2025,escola,227,CO_LINGUA_INDIGENA_1,CO,código,educação indígena,214192,1.3,969,38.6,10,100 (280); 179 (33); 191 (20); 45 (17)
2025,2025,escola,228,CO_LINGUA_INDIGENA_2,CO,código,educação indígena,214192,0.2,969,4.9,4,179 (36); 153 (7); 100 (3); 999 (1)
2025,2025,escola,229,CO_LINGUA_INDIGENA_3,CO,código,educação indígena,214192,0.1,969,0.4,1,179 (4)
2025,2025,escola,230,IN_EXAME_SELECAO,IN,binária (0/1),organização do ensino e gestão,214192,84.3,969,94.4,2,0 (896); 1 (19)
2025,2025,escola,231,IN_RESERVA_PPI,IN,binária (0/1),organização do ensino e gestão,214192,3.5,969,2.0,2,0 (13); 1 (6)
2025,2025,escola,232,IN_RESERVA_RENDA,IN,binária (0/1),organização do ensino e gestão,214192,3.5,969,2.0,2,1 (10); 0 (9)
2025,2025,escola,233,IN_RESERVA_PUBLICA,IN,binária (0/1),organização do ensino e gestão,214192,3.5,969,2.0,2,0 (13); 1 (6)
2025,2025,escola,234,IN_RESERVA_PCD,IN,binária (0/1),organização do ensino e gestão,214192,3.5,969,2.0,2,0 (11); 1 (8)
2025,2025,escola,235,IN_RESERVA_OUTROS,IN,binária (0/1),organização do ensino e gestão,214192,3.5,969,2.0,2,0 (16); 1 (3)
2025,2025,escola,236,IN_RESERVA_NENHUMA,IN,binária (0/1),organização do ensino e gestão,214192,3.5,969,2.0,2,0 (14); 1 (5)
2025,2025,escola,237,IN_REDES_SOCIAIS,IN,binária (0/1),equipamentos e tecnologia,214192,84.3,969,94.4,2,0 (695); 1 (220)
2025,2025,escola,238,IN_ESPACO_ATIVIDADE,IN,binária (0/1),"oferta (etapas, modalidades, turnos)",214192,84.3,969,94.4,3,1 (673); 0 (233); 9 (9)
2025,2025,escola,239,IN_ESPACO_EQUIPAMENTO,IN,binária (0/1),"oferta (etapas, modalidades, turnos)",214192,84.3,969,94.4,3,1 (594); 0 (311); 9 (10)
2025,2025,escola,240,IN_ORGAO_ASS_PAIS,IN,binária (0/1),organização do ensino e gestão,214192,84.3,969,94.4,2,0 (892); 1 (23)
2025,2025,escola,241,IN_ORGAO_ASS_PAIS_MESTRES,IN,binária (0/1),organização do ensino e gestão,214192,84.3,969,94.4,2,0 (502); 1 (413)
2025,2025,escola,242,IN_ORGAO_CONSELHO_ESCOLAR,IN,binária (0/1),organização do ensino e gestão,214192,84.3,969,94.4,2,0 (608); 1 (307)
2025,2025,escola,243,IN_ORGAO_GREMIO_ESTUDANTIL,IN,binária (0/1),organização do ensino e gestão,214192,84.3,969,94.4,2,0 (887); 1 (28)
2025,2025,escola,244,IN_ORGAO_OUTROS,IN,binária (0/1),organização do ensino e gestão,214192,84.3,969,94.4,2,0 (899); 1 (16)
2025,2025,escola,245,IN_ORGAO_NENHUM,IN,binária (0/1),organização do ensino e gestão,214192,84.3,969,94.4,2,1 (464); 0 (451)
2025,2025,escola,246,TP_PROPOSTA_PEDAGOGICA,TP,categórica codificada,organização do ensino e gestão,214192,84.3,969,94.4,4,1 (432); 0 (373); 2 (100); 9 (10)
2025,2025,escola,247,IN_EDUC_AMBIENTAL,IN,binária (0/1),educação ambiental,214192,84.3,969,94.4,2,0 (571); 1 (344)
2025,2025,escola,248,IN_EDUC_AMB_CONTEUDO,IN,binária (0/1),educação ambiental,214192,84.3,969,94.4,3,9 (571); 0 (219); 1 (125)
2025,2025,escola,249,IN_EDUC_AMB_CURRICULAR,IN,binária (0/1),educação ambiental,214192,84.3,969,94.4,3,9 (571); 0 (327); 1 (17)
2025,2025,escola,250,IN_EDUC_AMB_EIXO,IN,binária (0/1),educação ambiental,214192,84.3,969,94.4,3,9 (571); 0 (318); 1 (26)
2025,2025,escola,251,IN_EDUC_AMB_EVENTOS,IN,binária (0/1),educação ambiental,214192,84.3,969,94.4,3,9 (571); 1 (210); 0 (134)
2025,2025,escola,252,IN_EDUC_AMB_PROJETOS,IN,binária (0/1),educação ambiental,214192,84.3,969,94.4,3,9 (571); 0 (185); 1 (159)
2025,2025,escola,253,IN_EDUC_AMB_NENHUMA,IN,binária (0/1),educação ambiental,214192,84.3,969,94.4,3,9 (571); 0 (334); 1 (10)
2025,2025,escola,254,TP_AEE,TP,categórica codificada,organização do ensino e gestão,214192,84.3,969,94.4,3,0 (730); 1 (178); 2 (7)
2025,2025,escola,255,TP_ATIVIDADE_COMPLEMENTAR,TP,categórica codificada,organização do ensino e gestão,214192,84.3,969,94.4,2,0 (838); 1 (77)
2025,2025,escola,256,TP_ITINERARIO_FORMATIVO,TP,categórica codificada,organização do ensino e gestão,214192,84.3,969,94.4,2,0 (818); 1 (97)
2025,2025,escola,257,IN_ITINERARIO_APROFUNDAMENTO,IN,binária (0/1),organização do ensino e gestão,214192,84.3,969,94.4,2,0 (825); 1 (90)
2025,2025,escola,258,IN_ITINERARIO_TECN_PROF,IN,binária (0/1),organização do ensino e gestão,214192,84.3,969,94.4,2,0 (869); 1 (46)
2025,2025,escola,259,IN_ESCOLARIZACAO,IN,binária (0/1),"oferta (etapas, modalidades, turnos)",214192,84.3,969,94.4,2,1 (908); 0 (7)
2025,2025,escola,260,IN_MEDIACAO_PRESENCIAL,IN,binária (0/1),"oferta (etapas, modalidades, turnos)",214192,84.3,969,94.4,2,1 (914); 0 (1)
2025,2025,escola,261,IN_MEDIACAO_SEMIPRESENCIAL,IN,binária (0/1),"oferta (etapas, modalidades, turnos)",214192,84.3,969,94.4,2,0 (913); 1 (2)
2025,2025,escola,262,IN_MEDIACAO_EAD,IN,binária (0/1),"oferta (etapas, modalidades, turnos)",214192,84.3,969,94.4,2,0 (908); 1 (7)
2025,2025,escola,263,IN_ESPECIAL_EXCLUSIVA,IN,binária (0/1),"oferta (etapas, modalidades, turnos)",214192,84.3,969,94.4,2,0 (905); 1 (10)
2025,2025,escola,264,IN_REGULAR,IN,binária (0/1),"oferta (etapas, modalidades, turnos)",214192,84.3,969,94.4,2,1 (893); 0 (22)
2025,2025,escola,265,IN_EJA,IN,binária (0/1),"oferta (etapas, modalidades, turnos)",214192,84.3,969,94.4,2,0 (827); 1 (88)
2025,2025,escola,266,IN_PROFISSIONALIZANTE,IN,binária (0/1),"oferta (etapas, modalidades, turnos)",214192,83.5,969,93.7,2,0 (851); 1 (57)
2025,2025,escola,267,IN_COMUM_CRECHE,IN,binária (0/1),"oferta (etapas, modalidades, turnos)",214192,84.3,969,94.4,2,0 (681); 1 (234)
2025,2025,escola,268,IN_COMUM_PRE,IN,binária (0/1),"oferta (etapas, modalidades, turnos)",214192,84.3,969,94.4,2,0 (515); 1 (400)
2025,2025,escola,269,IN_COMUM_FUND_AI,IN,binária (0/1),"oferta (etapas, modalidades, turnos)",214192,84.3,969,94.4,2,1 (546); 0 (369)
2025,2025,escola,270,IN_COMUM_FUND_AF,IN,binária (0/1),"oferta (etapas, modalidades, turnos)",214192,84.3,969,94.4,2,0 (658); 1 (257)
2025,2025,escola,271,IN_COMUM_MEDIO_MEDIO,IN,binária (0/1),"oferta (etapas, modalidades, turnos)",214192,84.3,969,94.4,2,0 (745); 1 (170)
2025,2025,escola,272,IN_COMUM_MEDIO_INTEGRADO,IN,binária (0/1),"oferta (etapas, modalidades, turnos)",214192,84.3,969,94.4,2,0 (905); 1 (10)
2025,2025,escola,273,IN_COMUM_MEDIO_FIC,IN,binária (0/1),"oferta (etapas, modalidades, turnos)",214192,84.3,969,94.4,2,0 (877); 1 (38)
2025,2025,escola,274,IN_COMUM_MEDIO_NORMAL,IN,binária (0/1),"oferta (etapas, modalidades, turnos)",214192,84.3,969,94.4,2,0 (914); 1 (1)
2025,2025,escola,275,IN_ESP_EXCLUSIVA_CRECHE,IN,binária (0/1),"oferta (etapas, modalidades, turnos)",214192,84.3,969,94.4,2,0 (909); 1 (6)
2025,2025,escola,276,IN_ESP_EXCLUSIVA_PRE,IN,binária (0/1),"oferta (etapas, modalidades, turnos)",214192,84.3,969,94.4,2,0 (912); 1 (3)
2025,2025,escola,277,IN_ESP_EXCLUSIVA_FUND_AI,IN,binária (0/1),"oferta (etapas, modalidades, turnos)",214192,84.3,969,94.4,2,0 (913); 1 (2)
2025,2025,escola,278,IN_ESP_EXCLUSIVA_FUND_AF,IN,binária (0/1),"oferta (etapas, modalidades, turnos)",214192,84.3,969,94.4,1,0 (915)
2025,2025,escola,279,IN_ESP_EXCLUSIVA_MEDIO_MEDIO,IN,binária (0/1),"oferta (etapas, modalidades, turnos)",214192,84.3,969,94.4,1,0 (915)
2025,2025,escola,280,IN_ESP_EXCLUSIVA_MEDIO_INTEGR,IN,binária (0/1),"oferta (etapas, modalidades, turnos)",214192,84.3,969,94.4,1,0 (915)
2025,2025,escola,281,IN_ESP_EXCLUSIVA_MEDIO_FIC,IN,binária (0/1),"oferta (etapas, modalidades, turnos)",214192,84.3,969,94.4,1,0 (915)
2025,2025,escola,282,IN_ESP_EXCLUSIVA_MEDIO_NORMAL,IN,binária (0/1),"oferta (etapas, modalidades, turnos)",214192,84.3,969,94.4,1,0 (915)
2025,2025,escola,283,IN_COMUM_EJA_FUND,IN,binária (0/1),"oferta (etapas, modalidades, turnos)",214192,84.3,969,94.4,2,0 (857); 1 (58)
2025,2025,escola,284,IN_COMUM_EJA_MEDIO,IN,binária (0/1),"oferta (etapas, modalidades, turnos)",214192,84.3,969,94.4,2,0 (855); 1 (60)
2025,2025,escola,285,IN_COMUM_EJA_PROF,IN,binária (0/1),"oferta (etapas, modalidades, turnos)",214192,84.3,969,94.4,2,0 (913); 1 (2)
2025,2025,escola,286,IN_ESP_EXCLUSIVA_EJA_FUND,IN,binária (0/1),"oferta (etapas, modalidades, turnos)",214192,84.3,969,94.4,1,0 (915)
2025,2025,escola,287,IN_ESP_EXCLUSIVA_EJA_MEDIO,IN,binária (0/1),"oferta (etapas, modalidades, turnos)",214192,84.3,969,94.4,1,0 (915)
2025,2025,escola,288,IN_ESP_EXCLUSIVA_EJA_PROF,IN,binária (0/1),"oferta (etapas, modalidades, turnos)",214192,84.3,969,94.4,1,0 (915)
2025,2025,escola,289,IN_COMUM_PROF,IN,binária (0/1),"oferta (etapas, modalidades, turnos)",214192,84.3,969,94.4,2,0 (899); 1 (16)
2025,2025,escola,290,IN_ESP_EXCLUSIVA_PROF,IN,binária (0/1),"oferta (etapas, modalidades, turnos)",214192,84.3,969,94.4,1,0 (915)
2025_matricula,2025,matricula,1,NU_ANO_CENSO,NU,número,identificação e chave,178766,100.0,908,100.0,1,2025 (908)
2025_matricula,2025,matricula,2,NO_REGIAO,NO,nome/texto,identificação e chave,178766,100.0,908,100.0,1,Norte (908)
2025_matricula,2025,matricula,3,CO_REGIAO,CO,código,identificação e chave,178766,100.0,908,100.0,1,1 (908)
2025_matricula,2025,matricula,4,NO_UF,NO,nome/texto,identificação e chave,178766,100.0,908,100.0,1,Roraima (908)
2025_matricula,2025,matricula,5,SG_UF,SG,sigla,identificação e chave,178766,100.0,908,100.0,1,RR (908)
2025_matricula,2025,matricula,6,CO_UF,CO,código,identificação e chave,178766,100.0,908,100.0,1,14 (908)
2025_matricula,2025,matricula,7,NO_MUNICIPIO,NO,nome/texto,identificação e chave,178766,100.0,908,100.0,15,Boa Vista (260); Uiramutã (119); Normandia (118); Pacaraima (62)
2025_matricula,2025,matricula,8,CO_MUNICIPIO,CO,código,identificação e chave,178766,100.0,908,100.0,15,1400100 (260); 1400704 (119); 1400407 (118); 1400456 (62)
2025_matricula,2025,matricula,9,NO_REGIAO_GEOG_INTERM,NO,nome/texto,geografia (IBGE),178766,100.0,908,100.0,2,Boa Vista (773); Rorainópolis - Caracaraí (135)
2025_matricula,2025,matricula,10,CO_REGIAO_GEOG_INTERM,CO,código,geografia (IBGE),178766,100.0,908,100.0,2,1401 (773); 1402 (135)
2025_matricula,2025,matricula,11,NO_REGIAO_GEOG_IMED,NO,nome/texto,geografia (IBGE),178766,100.0,908,100.0,4,Boa Vista (422); Pacaraima (351); Rorainópolis (87); Caracaraí (48)
2025_matricula,2025,matricula,12,CO_REGIAO_GEOG_IMED,CO,código,geografia (IBGE),178766,100.0,908,100.0,4,140001 (422); 140002 (351); 140003 (87); 140004 (48)
2025_matricula,2025,matricula,13,NO_DISTRITO,NO,nome/texto,geografia (IBGE),178766,100.0,908,100.0,15,Boa Vista (260); Uiramutã (119); Normandia (118); Pacaraima (62)
2025_matricula,2025,matricula,14,CO_DISTRITO,CO,código,geografia (IBGE),178766,100.0,908,100.0,15,140010005 (260); 140070405 (119); 140040705 (118); 140045605 (62)
2025_matricula,2025,matricula,15,NO_SUBDISTRITO,NO,nome/texto,geografia (IBGE),178766,0.7,908,0.0,0,
2025_matricula,2025,matricula,16,CO_SUBDISTRITO,CO,código,geografia (IBGE),178766,0.7,908,0.0,0,
2025_matricula,2025,matricula,17,NO_ENTIDADE,NO,nome/texto,identificação e chave,178766,100.0,908,100.0,902,ESCOLA ESTADUAL FAGUNDES VARELA (2); ESCOLA MUNICIPAL CRIANCA FELIZ (2); ESCOLA MUNICIPAL NOVA CANAA (2); ESCOLA MUNICIPAL PEQUENO POLEGAR (2)
2025_matricula,2025,matricula,18,CO_ENTIDADE,CO,código,identificação e chave,178766,100.0,908,100.0,908,14000016 (1); 14000032 (1); 14000113 (1); 14000130 (1)
2025_matricula,2025,matricula,19,CO_REDE,CO,código,identificação e chave,178766,100.0,908,100.0,2,1 (857); 2 (51)
2025_matricula,2025,matricula,20,TP_DEPENDENCIA,TP,categórica codificada,dependência administrativa e vínculos,178766,100.0,908,100.0,4,3 (480); 2 (370); 4 (51); 1 (7)
2025_matricula,2025,matricula,21,TP_CATEGORIA_ESCOLA_PRIVADA,TP,categórica codificada,dependência administrativa e vínculos,178766,23.4,908,5.6,4,1 (46); 4 (3); 2 (1); 3 (1)
2025_matricula,2025,matricula,22,TP_LOCALIZACAO,TP,categórica codificada,localização e vínculo institucional,178766,100.0,908,100.0,2,2 (595); 1 (313)
2025_matricula,2025,matricula,23,TP_LOCALIZACAO_DIFERENCIADA,TP,categórica codificada,localização e vínculo institucional,178766,100.0,908,100.0,4,2 (436); 0 (417); 1 (48); 8 (7)
2025_matricula,2025,matricula,24,IN_PODER_PUBLICO_PARCERIA,IN,binária (0/1),dependência administrativa e vínculos,178766,100.0,908,100.0,1,0 (908)
2025_matricula,2025,matricula,25,TP_PODER_PUBLICO_PARCERIA,TP,categórica codificada,dependência administrativa e vínculos,178766,5.6,908,0.0,0,
2025_matricula,2025,matricula,26,QT_MAT_BAS,QT,contagem,matrículas,178766,100.0,908,100.0,393,29 (21); 30 (19); 15 (14); 18 (14)
2025_matricula,2025,matricula,27,QT_MAT_INF,QT,contagem,matrículas,178766,100.0,908,100.0,173,0 (446); 15 (15); 29 (14); 30 (14)
2025_matricula,2025,matricula,28,QT_MAT_INF_CRE,QT,contagem,matrículas,178766,100.0,908,100.0,88,0 (674); 29 (14); 3 (11); 30 (11)
2025_matricula,2025,matricula,29,QT_MAT_INF_PRE,QT,contagem,matrículas,178766,100.0,908,100.0,132,0 (508); 5 (19); 4 (16); 8 (16)
2025_matricula,2025,matricula,30,QT_MAT_FUND,QT,contagem,matrículas,178766,100.0,908,100.0,294,0 (239); 10 (17); 13 (12); 6 (12)
2025_matricula,2025,matricula,31,QT_MAT_FUND_AI,QT,contagem,matrículas,178766,100.0,908,100.0,207,0 (361); 10 (17); 14 (14); 7 (13)
2025_matricula,2025,matricula,32,QT_MAT_FUND_AI_1,QT,contagem,matrículas,178766,100.0,908,100.0,103,0 (402); 1 (49); 3 (43); 4 (42)
2025_matricula,2025,matricula,33,QT_MAT_FUND_AI_2,QT,contagem,matrículas,178766,100.0,908,100.0,98,0 (402); 2 (56); 3 (44); 4 (42)
2025_matricula,2025,matricula,34,QT_MAT_FUND_AI_3,QT,contagem,matrículas,178766,100.0,908,100.0,102,0 (418); 3 (43); 1 (39); 2 (36)
2025_matricula,2025,matricula,35,QT_MAT_FUND_AI_4,QT,contagem,matrículas,178766,100.0,908,100.0,102,0 (432); 3 (46); 2 (37); 1 (36)
2025_matricula,2025,matricula,36,QT_MAT_FUND_AI_5,QT,contagem,matrículas,178766,100.0,908,100.0,97,0 (440); 2 (45); 4 (39); 3 (36)
2025_matricula,2025,matricula,37,QT_MAT_FUND_AF,QT,contagem,matrículas,178766,100.0,908,100.0,180,0 (651); 22 (5); 23 (5); 10 (4)
2025_matricula,2025,matricula,38,QT_MAT_FUND_AF_6,QT,contagem,matrículas,178766,100.0,908,100.0,106,0 (654); 6 (12); 12 (11); 17 (9)
2025_matricula,2025,matricula,39,QT_MAT_FUND_AF_7,QT,contagem,matrículas,178766,100.0,908,100.0,104,0 (658); 7 (12); 10 (10); 11 (9)
2025_matricula,2025,matricula,40,QT_MAT_FUND_AF_8,QT,contagem,matrículas,178766,100.0,908,100.0,106,0 (663); 7 (13); 11 (11); 13 (10)
2025_matricula,2025,matricula,41,QT_MAT_FUND_AF_9,QT,contagem,matrículas,178766,100.0,908,100.0,99,0 (668); 5 (12); 6 (11); 14 (10)
2025_matricula,2025,matricula,42,QT_MAT_MED,QT,contagem,matrículas,178766,100.0,908,100.0,123,0 (725); 25 (6); 40 (5); 16 (4)
2025_matricula,2025,matricula,43,QT_MAT_MED_1,QT,contagem,matrículas,178766,100.0,908,100.0,88,0 (726); 11 (7); 18 (7); 4 (7)
2025_matricula,2025,matricula,44,QT_MAT_MED_2,QT,contagem,matrículas,178766,100.0,908,100.0,81,0 (730); 7 (8); 14 (7); 9 (7)
2025_matricula,2025,matricula,45,QT_MAT_MED_3,QT,contagem,matrículas,178766,100.0,908,100.0,78,0 (734); 12 (10); 10 (8); 5 (8)
2025_matricula,2025,matricula,46,QT_MAT_MED_4,QT,contagem,matrículas,178766,100.0,908,100.0,3,0 (906); 165 (1); 41 (1)
2025_matricula,2025,matricula,47,QT_MAT_MED_NS,QT,contagem,matrículas,178766,100.0,908,100.0,1,0 (908)
2025_matricula,2025,matricula,48,QT_MAT_MED_PROP,QT,contagem,matrículas,178766,100.0,908,100.0,107,0 (738); 30 (6); 25 (5); 40 (5)
2025_matricula,2025,matricula,49,QT_MAT_MED_PROP_1,QT,contagem,matrículas,178766,100.0,908,100.0,80,0 (743); 11 (7); 18 (7); 4 (7)
2025_matricula,2025,matricula,50,QT_MAT_MED_PROP_2,QT,contagem,matrículas,178766,100.0,908,100.0,69,0 (752); 14 (7); 7 (7); 9 (7)
2025_matricula,2025,matricula,51,QT_MAT_MED_PROP_3,QT,contagem,matrículas,178766,100.0,908,100.0,72,0 (748); 12 (10); 10 (8); 5 (8)
2025_matricula,2025,matricula,52,QT_MAT_MED_PROP_4,QT,contagem,matrículas,178766,100.0,908,100.0,1,0 (908)
2025_matricula,2025,matricula,53,QT_MAT_MED_PROP_NS,QT,contagem,matrículas,178766,100.0,908,100.0,1,0 (908)
2025_matricula,2025,matricula,54,QT_MAT_MED_IFTP_CT,QT,contagem,matrículas,178766,100.0,908,100.0,11,0 (898); 1 (1); 117 (1); 19 (1)
2025_matricula,2025,matricula,55,QT_MAT_MED_IFTP_CT_MT,QT,contagem,matrículas,178766,100.0,908,100.0,10,0 (899); 117 (1); 19 (1); 196 (1)
2025_matricula,2025,matricula,56,QT_MAT_MED_IFTP_CT_OTME,QT,contagem,matrículas,178766,100.0,908,100.0,1,0 (908)
2025_matricula,2025,matricula,57,QT_MAT_MED_IFTP_CT_OE,QT,contagem,matrículas,178766,100.0,908,100.0,2,0 (907); 1 (1)
2025_matricula,2025,matricula,58,QT_MAT_MED_IFTP_CT_1,QT,contagem,matrículas,178766,100.0,908,100.0,7,0 (902); 1 (1); 195 (1); 35 (1)
2025_matricula,2025,matricula,59,QT_MAT_MED_IFTP_CT_2,QT,contagem,matrículas,178766,100.0,908,100.0,8,0 (901); 183 (1); 21 (1); 29 (1)
2025_matricula,2025,matricula,60,QT_MAT_MED_IFTP_CT_3,QT,contagem,matrículas,178766,100.0,908,100.0,8,0 (901); 108 (1); 15 (1); 19 (1)
2025_matricula,2025,matricula,61,QT_MAT_MED_IFTP_CT_4,QT,contagem,matrículas,178766,100.0,908,100.0,2,0 (907); 41 (1)
2025_matricula,2025,matricula,62,QT_MAT_MED_IFTP_CT_NS,QT,contagem,matrículas,178766,100.0,908,100.0,1,0 (908)
2025_matricula,2025,matricula,63,QT_MAT_MED_IFTP_QP,QT,contagem,matrículas,178766,100.0,908,100.0,34,0 (870); 23 (3); 17 (2); 25 (2)
2025_matricula,2025,matricula,64,QT_MAT_MED_IFTP_QP_MT,QT,contagem,matrículas,178766,100.0,908,100.0,34,0 (870); 23 (3); 17 (2); 25 (2)
2025_matricula,2025,matricula,65,QT_MAT_MED_IFTP_QP_OTME,QT,contagem,matrículas,178766,100.0,908,100.0,1,0 (908)
2025_matricula,2025,matricula,66,QT_MAT_MED_IFTP_QP_OE,QT,contagem,matrículas,178766,100.0,908,100.0,1,0 (908)
2025_matricula,2025,matricula,67,QT_MAT_MED_IFTP_QP_1,QT,contagem,matrículas,178766,100.0,908,100.0,19,0 (883); 25 (3); 28 (3); 17 (2)
2025_matricula,2025,matricula,68,QT_MAT_MED_IFTP_QP_2,QT,contagem,matrículas,178766,100.0,908,100.0,24,0 (881); 23 (3); 26 (2); 35 (2)
2025_matricula,2025,matricula,69,QT_MAT_MED_IFTP_QP_3,QT,contagem,matrículas,178766,100.0,908,100.0,9,0 (899); 15 (2); 13 (1); 18 (1)
2025_matricula,2025,matricula,70,QT_MAT_MED_IFTP_QP_4,QT,contagem,matrículas,178766,100.0,908,100.0,1,0 (908)
2025_matricula,2025,matricula,71,QT_MAT_MED_IFTP_QP_NS,QT,contagem,matrículas,178766,100.0,908,100.0,1,0 (908)
2025_matricula,2025,matricula,72,QT_MAT_MED_NM,QT,contagem,matrículas,178766,100.0,908,100.0,2,0 (907); 353 (1)
2025_matricula,2025,matricula,73,QT_MAT_MED_NM_1,QT,contagem,matrículas,178766,100.0,908,100.0,1,0 (908)
2025_matricula,2025,matricula,74,QT_MAT_MED_NM_2,QT,contagem,matrículas,178766,100.0,908,100.0,1,0 (908)
2025_matricula,2025,matricula,75,QT_MAT_MED_NM_3,QT,contagem,matrículas,178766,100.0,908,100.0,2,0 (907); 188 (1)
2025_matricula,2025,matricula,76,QT_MAT_MED_NM_4,QT,contagem,matrículas,178766,100.0,908,100.0,2,0 (907); 165 (1)
2025_matricula,2025,matricula,77,QT_MAT_MED_IFA,QT,contagem,matrículas,178766,100.0,908,100.0,76,0 (818); 25 (3); 101 (2); 102 (2)
2025_matricula,2025,matricula,78,QT_MAT_MED_IFA_LING,QT,contagem,matrículas,178766,100.0,908,100.0,66,0 (836); 11 (2); 146 (2); 170 (2)
2025_matricula,2025,matricula,79,QT_MAT_MED_IFA_LING_MT,QT,contagem,matrículas,178766,100.0,908,100.0,65,0 (837); 11 (2); 146 (2); 170 (2)
2025_matricula,2025,matricula,80,QT_MAT_MED_IFA_LING_OTME,QT,contagem,matrículas,178766,100.0,908,100.0,2,0 (907); 71 (1)
2025_matricula,2025,matricula,81,QT_MAT_MED_IFA_LING_OE,QT,contagem,matrículas,178766,100.0,908,100.0,1,0 (908)
2025_matricula,2025,matricula,82,QT_MAT_MED_IFA_MATE,QT,contagem,matrículas,178766,100.0,908,100.0,57,0 (843); 103 (3); 19 (3); 10 (2)
2025_matricula,2025,matricula,83,QT_MAT_MED_IFA_MATE_MT,QT,contagem,matrículas,178766,100.0,908,100.0,57,0 (844); 103 (3); 19 (3); 10 (2)
2025_matricula,2025,matricula,84,QT_MAT_MED_IFA_MATE_OTME,QT,contagem,matrículas,178766,100.0,908,100.0,2,0 (907); 69 (1)
2025_matricula,2025,matricula,85,QT_MAT_MED_IFA_MATE_OE,QT,contagem,matrículas,178766,100.0,908,100.0,1,0 (908)
2025_matricula,2025,matricula,86,QT_MAT_MED_IFA_CIENC,QT,contagem,matrículas,178766,100.0,908,100.0,59,0 (838); 17 (3); 25 (3); 28 (3)
2025_matricula,2025,matricula,87,QT_MAT_MED_IFA_CIENC_MT,QT,contagem,matrículas,178766,100.0,908,100.0,58,0 (839); 17 (3); 25 (3); 28 (3)
2025_matricula,2025,matricula,88,QT_MAT_MED_IFA_CIENC_OTME,QT,contagem,matrículas,178766,100.0,908,100.0,2,0 (907); 62 (1)
2025_matricula,2025,matricula,89,QT_MAT_MED_IFA_CIENC_OE,QT,contagem,matrículas,178766,100.0,908,100.0,1,0 (908)
2025_matricula,2025,matricula,90,QT_MAT_MED_IFA_HUMA,QT,contagem,matrículas,178766,100.0,908,100.0,52,0 (850); 17 (2); 170 (2); 18 (2)
2025_matricula,2025,matricula,91,QT_MAT_MED_IFA_HUMA_MT,QT,contagem,matrículas,178766,100.0,908,100.0,52,0 (851); 17 (2); 170 (2); 18 (2)
2025_matricula,2025,matricula,92,QT_MAT_MED_IFA_HUMA_OTME,QT,contagem,matrículas,178766,100.0,908,100.0,2,0 (907); 32 (1)
2025_matricula,2025,matricula,93,QT_MAT_MED_IFA_HUMA_OE,QT,contagem,matrículas,178766,100.0,908,100.0,1,0 (908)
2025_matricula,2025,matricula,94,QT_MAT_PROF,QT,contagem,matrículas,178766,100.0,908,100.0,49,0 (851); 23 (3); 78 (3); 156 (2)
2025_matricula,2025,matricula,95,QT_MAT_PROF_TEC,QT,contagem,matrículas,178766,100.0,908,100.0,23,0 (885); 156 (2); 1 (1); 117 (1)
2025_matricula,2025,matricula,96,QT_MAT_PROF_TEC_CONC,QT,contagem,matrículas,178766,100.0,908,100.0,10,0 (899); 101 (1); 118 (1); 122 (1)
2025_matricula,2025,matricula,97,QT_MAT_PROF_TEC_SUBS,QT,contagem,matrículas,178766,100.0,908,100.0,14,0 (895); 101 (1); 117 (1); 119 (1)
2025_matricula,2025,matricula,98,QT_MAT_PROF_TEC_IFTP_CT,QT,contagem,matrículas,178766,100.0,908,100.0,4,0 (905); 308 (1); 314 (1); 55 (1)
2025_matricula,2025,matricula,99,QT_MAT_PROF_NAO_TEC,QT,contagem,matrículas,178766,100.0,908,100.0,38,0 (866); 23 (3); 17 (2); 25 (2)
2025_matricula,2025,matricula,100,QT_MAT_PROF_IFTP_QP,QT,contagem,matrículas,178766,100.0,908,100.0,2,0 (907); 96 (1)
2025_matricula,2025,matricula,101,QT_MAT_PROF_FIC_CONC,QT,contagem,matrículas,178766,100.0,908,100.0,5,0 (904); 2 (1); 386 (1); 75 (1)
2025_matricula,2025,matricula,102,QT_MAT_EJA,QT,contagem,matrículas,178766,100.0,908,100.0,63,0 (820); 26 (5); 14 (4); 10 (3)
2025_matricula,2025,matricula,103,QT_MAT_EJA_FUND,QT,contagem,matrículas,178766,100.0,908,100.0,43,0 (850); 28 (3); 9 (3); 10 (2)
2025_matricula,2025,matricula,104,QT_MAT_EJA_FUND_NPROF,QT,contagem,matrículas,178766,100.0,908,100.0,43,0 (850); 28 (3); 9 (3); 10 (2)
2025_matricula,2025,matricula,105,QT_MAT_EJA_FUND_AI,QT,contagem,matrículas,178766,100.0,908,100.0,24,0 (878); 9 (4); 10 (2); 16 (2)
2025_matricula,2025,matricula,106,QT_MAT_EJA_FUND_AF,QT,contagem,matrículas,178766,100.0,908,100.0,29,0 (871); 18 (3); 11 (2); 114 (2)
2025_matricula,2025,matricula,107,QT_MAT_EJA_FUND_FIC,QT,contagem,matrículas,178766,100.0,908,100.0,1,0 (908)
2025_matricula,2025,matricula,108,QT_MAT_EJA_MED,QT,contagem,matrículas,178766,100.0,908,100.0,45,0 (848); 26 (4); 14 (3); 5 (3)
2025_matricula,2025,matricula,109,QT_MAT_EJA_MED_NPROF,QT,contagem,matrículas,178766,100.0,908,100.0,43,0 (850); 26 (4); 14 (3); 5 (3)
2025_matricula,2025,matricula,110,QT_MAT_EJA_MED_FIC,QT,contagem,matrículas,178766,100.0,908,100.0,3,0 (906); 22 (1); 568 (1)
2025_matricula,2025,matricula,111,QT_MAT_EJA_MED_TEC,QT,contagem,matrículas,178766,100.0,908,100.0,1,0 (908)
2025_matricula,2025,matricula,112,QT_MAT_ESP,QT,contagem,matrículas,178766,100.0,908,100.0,77,0 (343); 1 (102); 2 (74); 3 (48)
2025_matricula,2025,matricula,113,QT_MAT_ESP_INF,QT,contagem,matrículas,178766,100.0,908,100.0,40,0 (662); 1 (67); 2 (42); 3 (19)
2025_matricula,2025,matricula,114,QT_MAT_ESP_INF_CRE,QT,contagem,matrículas,178766,100.0,908,100.0,20,0 (783); 1 (31); 2 (25); 3 (14)
2025_matricula,2025,matricula,115,QT_MAT_ESP_INF_PRE,QT,contagem,matrículas,178766,100.0,908,100.0,36,0 (737); 1 (55); 2 (24); 3 (12)
2025_matricula,2025,matricula,116,QT_MAT_ESP_FUND,QT,contagem,matrículas,178766,100.0,908,100.0,65,0 (527); 1 (94); 2 (47); 3 (32)
2025_matricula,2025,matricula,117,QT_MAT_ESP_FUND_AI,QT,contagem,matrículas,178766,100.0,908,100.0,55,0 (662); 1 (81); 2 (33); 3 (20)
2025_matricula,2025,matricula,118,QT_MAT_ESP_FUND_AF,QT,contagem,matrículas,178766,100.0,908,100.0,42,0 (725); 1 (37); 2 (20); 3 (16)
2025_matricula,2025,matricula,119,QT_MAT_ESP_MED,QT,contagem,matrículas,178766,100.0,908,100.0,28,0 (784); 1 (28); 2 (24); 3 (10)
2025_matricula,2025,matricula,120,QT_MAT_ESP_PROF,QT,contagem,matrículas,178766,100.0,908,100.0,15,0 (865); 1 (12); 2 (10); 3 (3)
2025_matricula,2025,matricula,121,QT_MAT_ESP_PROF_TEC,QT,contagem,matrículas,178766,100.0,908,100.0,10,0 (893); 6 (4); 5 (3); 2 (2)
2025_matricula,2025,matricula,122,QT_MAT_ESP_EJA,QT,contagem,matrículas,178766,100.0,908,100.0,8,0 (876); 1 (14); 2 (10); 3 (3)
2025_matricula,2025,matricula,123,QT_MAT_ESP_EJA_FUND,QT,contagem,matrículas,178766,100.0,908,100.0,5,0 (889); 1 (10); 2 (6); 3 (2)
2025_matricula,2025,matricula,124,QT_MAT_ESP_EJA_MED,QT,contagem,matrículas,178766,100.0,908,100.0,8,0 (889); 1 (9); 2 (5); 3 (1)
2025_matricula,2025,matricula,125,QT_MAT_ESP_CC,QT,contagem,matrículas,178766,100.0,908,100.0,77,0 (343); 1 (105); 2 (73); 3 (49)
2025_matricula,2025,matricula,126,QT_MAT_ESP_CC_INF,QT,contagem,matrículas,178766,100.0,908,100.0,38,0 (662); 1 (69); 2 (43); 3 (19)
2025_matricula,2025,matricula,127,QT_MAT_ESP_CC_INF_CRE,QT,contagem,matrículas,178766,100.0,908,100.0,20,0 (783); 1 (33); 2 (25); 3 (14)
2025_matricula,2025,matricula,128,QT_MAT_ESP_CC_INF_PRE,QT,contagem,matrículas,178766,100.0,908,100.0,36,0 (737); 1 (55); 2 (25); 3 (12)
2025_matricula,2025,matricula,129,QT_MAT_ESP_CC_FUND,QT,contagem,matrículas,178766,100.0,908,100.0,65,0 (528); 1 (94); 2 (46); 3 (32)
2025_matricula,2025,matricula,130,QT_MAT_ESP_CC_FUND_AI,QT,contagem,matrículas,178766,100.0,908,100.0,55,0 (663); 1 (81); 2 (32); 3 (20)
2025_matricula,2025,matricula,131,QT_MAT_ESP_CC_FUND_AF,QT,contagem,matrículas,178766,100.0,908,100.0,42,0 (725); 1 (37); 2 (20); 3 (16)
2025_matricula,2025,matricula,132,QT_MAT_ESP_CC_MED,QT,contagem,matrículas,178766,100.0,908,100.0,28,0 (784); 1 (28); 2 (24); 3 (10)
2025_matricula,2025,matricula,133,QT_MAT_ESP_CC_PROF,QT,contagem,matrículas,178766,100.0,908,100.0,15,0 (865); 1 (12); 2 (10); 3 (3)
2025_matricula,2025,matricula,134,QT_MAT_ESP_CC_PROF_TEC,QT,contagem,matrículas,178766,100.0,908,100.0,10,0 (893); 6 (4); 5 (3); 2 (2)
2025_matricula,2025,matricula,135,QT_MAT_ESP_CC_EJA,QT,contagem,matrículas,178766,100.0,908,100.0,8,0 (876); 1 (14); 2 (10); 3 (3)
2025_matricula,2025,matricula,136,QT_MAT_ESP_CC_EJA_FUND,QT,contagem,matrículas,178766,100.0,908,100.0,5,0 (889); 1 (10); 2 (6); 3 (2)
2025_matricula,2025,matricula,137,QT_MAT_ESP_CC_EJA_MED,QT,contagem,matrículas,178766,100.0,908,100.0,8,0 (889); 1 (9); 2 (5); 3 (1)
2025_matricula,2025,matricula,138,QT_MAT_ESP_CE,QT,contagem,matrículas,178766,100.0,908,100.0,8,0 (898); 1 (3); 2 (2); 24 (1)
2025_matricula,2025,matricula,139,QT_MAT_ESP_CE_INF,QT,contagem,matrículas,178766,100.0,908,100.0,7,0 (899); 2 (3); 1 (2); 24 (1)
2025_matricula,2025,matricula,140,QT_MAT_ESP_CE_INF_CRE,QT,contagem,matrículas,178766,100.0,908,100.0,5,0 (902); 1 (2); 2 (2); 32 (1)
2025_matricula,2025,matricula,141,QT_MAT_ESP_CE_INF_PRE,QT,contagem,matrículas,178766,100.0,908,100.0,4,0 (905); 2 (1); 24 (1); 5 (1)
2025_matricula,2025,matricula,142,QT_MAT_ESP_CE_FUND,QT,contagem,matrículas,178766,100.0,908,100.0,2,0 (906); 1 (2)
2025_matricula,2025,matricula,143,QT_MAT_ESP_CE_FUND_AI,QT,contagem,matrículas,178766,100.0,908,100.0,2,0 (906); 1 (2)
2025_matricula,2025,matricula,144,QT_MAT_ESP_CE_FUND_AF,QT,contagem,matrículas,178766,100.0,908,100.0,1,0 (908)
2025_matricula,2025,matricula,145,QT_MAT_ESP_CE_MED,QT,contagem,matrículas,178766,100.0,908,100.0,1,0 (908)
2025_matricula,2025,matricula,146,QT_MAT_ESP_CE_PROF,QT,contagem,matrículas,178766,100.0,908,100.0,1,0 (908)
2025_matricula,2025,matricula,147,QT_MAT_ESP_CE_PROF_TEC,QT,contagem,matrículas,178766,100.0,908,100.0,1,0 (908)
2025_matricula,2025,matricula,148,QT_MAT_ESP_CE_EJA,QT,contagem,matrículas,178766,100.0,908,100.0,1,0 (908)
2025_matricula,2025,matricula,149,QT_MAT_ESP_CE_EJA_FUND,QT,contagem,matrículas,178766,100.0,908,100.0,1,0 (908)
2025_matricula,2025,matricula,150,QT_MAT_ESP_CE_EJA_MED,QT,contagem,matrículas,178766,100.0,908,100.0,1,0 (908)
2025_matricula,2025,matricula,151,QT_MAT_BAS_FEM,QT,contagem,matrículas,178766,100.0,908,100.0,284,11 (29); 12 (27); 6 (26); 9 (22)
2025_matricula,2025,matricula,152,QT_MAT_BAS_MASC,QT,contagem,matrículas,178766,100.0,908,100.0,288,15 (24); 6 (24); 7 (22); 11 (21)
2025_matricula,2025,matricula,153,QT_MAT_BAS_ND,QT,contagem,matrículas,178766,100.0,908,100.0,128,0 (394); 1 (86); 2 (46); 3 (25)
2025_matricula,2025,matricula,154,QT_MAT_BAS_BRANCA,QT,contagem,matrículas,178766,100.0,908,100.0,150,0 (420); 1 (51); 2 (27); 4 (21)
2025_matricula,2025,matricula,155,QT_MAT_BAS_PRETA,QT,contagem,matrículas,178766,100.0,908,100.0,55,0 (522); 1 (73); 2 (43); 3 (34)
2025_matricula,2025,matricula,156,QT_MAT_BAS_PARDA,QT,contagem,matrículas,178766,100.0,908,100.0,290,0 (317); 1 (43); 2 (16); 6 (15)
2025_matricula,2025,matricula,157,QT_MAT_BAS_AMARELA,QT,contagem,matrículas,178766,100.0,908,100.0,12,0 (725); 1 (93); 2 (33); 3 (28)
2025_matricula,2025,matricula,158,QT_MAT_BAS_INDIGENA,QT,contagem,matrículas,178766,100.0,908,100.0,161,0 (133); 1 (62); 2 (38); 4 (27)
2025_matricula,2025,matricula,159,QT_MAT_BAS_0_3,QT,contagem,matrículas,178766,100.0,908,100.0,89,0 (662); 2 (11); 1 (10); 5 (10)
2025_matricula,2025,matricula,160,QT_MAT_BAS_4_5,QT,contagem,matrículas,178766,100.0,908,100.0,131,0 (419); 1 (33); 4 (31); 6 (23)
2025_matricula,2025,matricula,161,QT_MAT_BAS_6_10,QT,contagem,matrículas,178766,100.0,908,100.0,197,0 (218); 1 (53); 2 (30); 8 (21)
2025_matricula,2025,matricula,162,QT_MAT_BAS_11_14,QT,contagem,matrículas,178766,100.0,908,100.0,200,0 (328); 1 (71); 2 (49); 3 (25)
2025_matricula,2025,matricula,163,QT_MAT_BAS_15_17,QT,contagem,matrículas,178766,100.0,908,100.0,151,0 (577); 1 (28); 2 (16); 3 (11)
2025_matricula,2025,matricula,164,QT_MAT_BAS_18_MAIS,QT,contagem,matrículas,178766,100.0,908,100.0,93,0 (616); 1 (46); 2 (12); 11 (10)
2025_matricula,2025,matricula,165,QT_MAT_BAS_0_3_REF_31_03,QT,contagem,matrículas,178766,100.0,908,100.0,88,0 (642); 1 (23); 29 (14); 3 (12)
2025_matricula,2025,matricula,166,QT_MAT_BAS_4_5_REF_31_03,QT,contagem,matrículas,178766,100.0,908,100.0,132,0 (470); 1 (30); 4 (18); 7 (18)
2025_matricula,2025,matricula,167,QT_MAT_BAS_6_10_REF_31_03,QT,contagem,matrículas,178766,100.0,908,100.0,199,0 (286); 1 (49); 2 (24); 15 (20)
2025_matricula,2025,matricula,168,QT_MAT_BAS_11_14_REF_31_03,QT,contagem,matrículas,178766,100.0,908,100.0,189,0 (365); 1 (63); 2 (52); 3 (23)
2025_matricula,2025,matricula,169,QT_MAT_BAS_15_17_REF_31_03,QT,contagem,matrículas,178766,100.0,908,100.0,151,0 (585); 1 (28); 5 (12); 2 (11)
2025_matricula,2025,matricula,170,QT_MAT_BAS_18_MAIS_REF_31_03,QT,contagem,matrículas,178766,100.0,908,100.0,86,0 (620); 1 (44); 2 (17); 7 (13)
2025_matricula,2025,matricula,171,QT_MAT_BAS_D,QT,contagem,matrículas,178766,100.0,908,100.0,392,29 (21); 30 (19); 15 (14); 18 (14)
2025_matricula,2025,matricula,172,QT_MAT_BAS_DM,QT,contagem,matrículas,178766,100.0,908,100.0,292,0 (69); 15 (17); 26 (17); 28 (16)
2025_matricula,2025,matricula,173,QT_MAT_BAS_DV,QT,contagem,matrículas,178766,100.0,908,100.0,276,0 (309); 30 (21); 29 (15); 27 (11)
2025_matricula,2025,matricula,174,QT_MAT_BAS_N,QT,contagem,matrículas,178766,100.0,908,100.0,81,0 (798); 18 (5); 16 (4); 24 (4)
2025_matricula,2025,matricula,175,QT_MAT_BAS_EAD,QT,contagem,matrículas,178766,100.0,908,100.0,10,0 (899); 112 (1); 145 (1); 31 (1)
2025_matricula,2025,matricula,176,QT_MAT_INF_CRE_D,QT,contagem,matrículas,178766,100.0,908,100.0,88,0 (674); 29 (14); 3 (11); 30 (11)
2025_matricula,2025,matricula,177,QT_MAT_INF_CRE_DM,QT,contagem,matrículas,178766,100.0,908,100.0,62,0 (715); 3 (11); 28 (10); 9 (10)
2025_matricula,2025,matricula,178,QT_MAT_INF_CRE_DV,QT,contagem,matrículas,178766,100.0,908,100.0,60,0 (784); 30 (17); 29 (11); 28 (7)
2025_matricula,2025,matricula,179,QT_MAT_INF_CRE_N,QT,contagem,matrículas,178766,100.0,908,100.0,1,0 (908)
2025_matricula,2025,matricula,180,QT_MAT_INF_PRE_D,QT,contagem,matrículas,178766,100.0,908,100.0,132,0 (508); 5 (19); 4 (16); 8 (16)
2025_matricula,2025,matricula,181,QT_MAT_INF_PRE_DM,QT,contagem,matrículas,178766,100.0,908,100.0,109,0 (535); 5 (18); 8 (17); 12 (16)
2025_matricula,2025,matricula,182,QT_MAT_INF_PRE_DV,QT,contagem,matrículas,178766,100.0,908,100.0,91,0 (741); 10 (5); 11 (5); 2 (5)
2025_matricula,2025,matricula,183,QT_MAT_INF_PRE_N,QT,contagem,matrículas,178766,100.0,908,100.0,1,0 (908)
2025_matricula,2025,matricula,184,QT_MAT_FUND_D,QT,contagem,matrículas,178766,100.0,908,100.0,294,0 (239); 10 (17); 13 (12); 6 (12)
2025_matricula,2025,matricula,185,QT_MAT_FUND_DM,QT,contagem,matrículas,178766,100.0,908,100.0,235,0 (284); 10 (16); 14 (14); 6 (14)
2025_matricula,2025,matricula,186,QT_MAT_FUND_DV,QT,contagem,matrículas,178766,100.0,908,100.0,201,0 (510); 15 (10); 23 (10); 20 (8)
2025_matricula,2025,matricula,187,QT_MAT_FUND_N,QT,contagem,matrículas,178766,100.0,908,100.0,2,0 (907); 145 (1)
2025_matricula,2025,matricula,188,QT_MAT_FUND_AI_D,QT,contagem,matrículas,178766,100.0,908,100.0,207,0 (361); 10 (17); 14 (14); 7 (13)
2025_matricula,2025,matricula,189,QT_MAT_FUND_AI_DM,QT,contagem,matrículas,178766,100.0,908,100.0,170,0 (392); 14 (17); 10 (16); 5 (14)
2025_matricula,2025,matricula,190,QT_MAT_FUND_AI_DV,QT,contagem,matrículas,178766,100.0,908,100.0,133,0 (685); 15 (10); 12 (6); 9 (6)
2025_matricula,2025,matricula,191,QT_MAT_FUND_AI_N,QT,contagem,matrículas,178766,100.0,908,100.0,1,0 (908)
2025_matricula,2025,matricula,192,QT_MAT_FUND_AF_D,QT,contagem,matrículas,178766,100.0,908,100.0,180,0 (651); 22 (5); 23 (5); 10 (4)
2025_matricula,2025,matricula,193,QT_MAT_FUND_AF_DM,QT,contagem,matrículas,178766,100.0,908,100.0,126,0 (754); 19 (3); 199 (3); 44 (3)
2025_matricula,2025,matricula,194,QT_MAT_FUND_AF_DV,QT,contagem,matrículas,178766,100.0,908,100.0,122,0 (709); 22 (6); 23 (6); 29 (5)
2025_matricula,2025,matricula,195,QT_MAT_FUND_AF_N,QT,contagem,matrículas,178766,100.0,908,100.0,2,0 (907); 145 (1)
2025_matricula,2025,matricula,196,QT_MAT_MED_D,QT,contagem,matrículas,178766,100.0,908,100.0,114,0 (752); 25 (5); 30 (4); 33 (4)
2025_matricula,2025,matricula,197,QT_MAT_MED_DM,QT,contagem,matrículas,178766,100.0,908,100.0,59,0 (843); 102 (2); 20 (2); 24 (2)
2025_matricula,2025,matricula,198,QT_MAT_MED_DV,QT,contagem,matrículas,178766,100.0,908,100.0,92,0 (790); 25 (3); 27 (3); 33 (3)
2025_matricula,2025,matricula,199,QT_MAT_MED_N,QT,contagem,matrículas,178766,100.0,908,100.0,33,0 (869); 40 (3); 18 (2); 23 (2)
2025_matricula,2025,matricula,200,QT_MAT_MED_EAD,QT,contagem,matrículas,178766,100.0,908,100.0,1,0 (908)
2025_matricula,2025,matricula,201,QT_MAT_PROF_D,QT,contagem,matrículas,178766,100.0,908,100.0,43,0 (858); 78 (4); 23 (3); 17 (2)
2025_matricula,2025,matricula,202,QT_MAT_PROF_DM,QT,contagem,matrículas,178766,100.0,908,100.0,24,0 (882); 30 (2); 59 (2); 78 (2)
2025_matricula,2025,matricula,203,QT_MAT_PROF_DV,QT,contagem,matrículas,178766,100.0,908,100.0,34,0 (869); 23 (4); 26 (2); 35 (2)
2025_matricula,2025,matricula,204,QT_MAT_PROF_N,QT,contagem,matrículas,178766,100.0,908,100.0,15,0 (894); 1 (1); 119 (1); 130 (1)
2025_matricula,2025,matricula,205,QT_MAT_PROF_EAD,QT,contagem,matrículas,178766,100.0,908,100.0,8,0 (901); 137 (1); 31 (1); 32 (1)
2025_matricula,2025,matricula,206,QT_MAT_PROF_TEC_D,QT,contagem,matrículas,178766,100.0,908,100.0,19,0 (889); 78 (2); 117 (1); 118 (1)
2025_matricula,2025,matricula,207,QT_MAT_PROF_TEC_DM,QT,contagem,matrículas,178766,100.0,908,100.0,14,0 (895); 118 (1); 119 (1); 19 (1)
2025_matricula,2025,matricula,208,QT_MAT_PROF_TEC_DV,QT,contagem,matrículas,178766,100.0,908,100.0,11,0 (897); 308 (2); 13 (1); 147 (1)
2025_matricula,2025,matricula,209,QT_MAT_PROF_TEC_N,QT,contagem,matrículas,178766,100.0,908,100.0,11,0 (898); 1 (1); 130 (1); 158 (1)
2025_matricula,2025,matricula,210,QT_MAT_PROF_TEC_EAD,QT,contagem,matrículas,178766,100.0,908,100.0,8,0 (901); 137 (1); 31 (1); 32 (1)
2025_matricula,2025,matricula,211,QT_MAT_EJA_D,QT,contagem,matrículas,178766,100.0,908,100.0,13,0 (896); 1 (1); 11 (1); 121 (1)
2025_matricula,2025,matricula,212,QT_MAT_EJA_DM,QT,contagem,matrículas,178766,100.0,908,100.0,6,0 (903); 16 (1); 239 (1); 26 (1)
2025_matricula,2025,matricula,213,QT_MAT_EJA_DV,QT,contagem,matrículas,178766,100.0,908,100.0,10,0 (899); 1 (1); 11 (1); 121 (1)
2025_matricula,2025,matricula,214,QT_MAT_EJA_N,QT,contagem,matrículas,178766,100.0,908,100.0,59,0 (829); 14 (4); 26 (4); 16 (3)
2025_matricula,2025,matricula,215,QT_MAT_EJA_EAD,QT,contagem,matrículas,178766,100.0,908,100.0,4,0 (905); 112 (1); 348 (1); 8 (1)
2025_matricula,2025,matricula,216,QT_MAT_EJA_FUND_D,QT,contagem,matrículas,178766,100.0,908,100.0,10,0 (899); 1 (1); 10 (1); 11 (1)
2025_matricula,2025,matricula,217,QT_MAT_EJA_FUND_DM,QT,contagem,matrículas,178766,100.0,908,100.0,3,0 (906); 239 (1); 28 (1)
2025_matricula,2025,matricula,218,QT_MAT_EJA_FUND_DV,QT,contagem,matrículas,178766,100.0,908,100.0,9,0 (900); 1 (1); 10 (1); 11 (1)
2025_matricula,2025,matricula,219,QT_MAT_EJA_FUND_N,QT,contagem,matrículas,178766,100.0,908,100.0,39,0 (857); 16 (3); 9 (3); 18 (2)
2025_matricula,2025,matricula,220,QT_MAT_EJA_FUND_EAD,QT,contagem,matrículas,178766,100.0,908,100.0,2,0 (907); 112 (1)
2025_matricula,2025,matricula,221,QT_MAT_EJA_MED_D,QT,contagem,matrículas,178766,100.0,908,100.0,7,0 (902); 16 (1); 171 (1); 23 (1)
2025_matricula,2025,matricula,222,QT_MAT_EJA_MED_DM,QT,contagem,matrículas,178766,100.0,908,100.0,4,0 (905); 16 (1); 26 (1); 7 (1)
2025_matricula,2025,matricula,223,QT_MAT_EJA_MED_DV,QT,contagem,matrículas,178766,100.0,908,100.0,4,0 (905); 171 (1); 23 (1); 42 (1)
2025_matricula,2025,matricula,224,QT_MAT_EJA_MED_N,QT,contagem,matrículas,178766,100.0,908,100.0,42,0 (854); 14 (3); 26 (3); 5 (3)
2025_matricula,2025,matricula,225,QT_MAT_EJA_MED_EAD,QT,contagem,matrículas,178766,100.0,908,100.0,3,0 (906); 348 (1); 8 (1)
2025_matricula,2025,matricula,226,QT_MAT_ESP_D,QT,contagem,matrículas,178766,100.0,908,100.0,74,0 (347); 1 (108); 2 (76); 3 (41)
2025_matricula,2025,matricula,227,QT_MAT_ESP_DM,QT,contagem,matrículas,178766,100.0,908,100.0,47,0 (442); 1 (116); 2 (58); 4 (31)
2025_matricula,2025,matricula,228,QT_MAT_ESP_DV,QT,contagem,matrículas,178766,100.0,908,100.0,45,0 (480); 1 (74); 2 (64); 3 (44)
2025_matricula,2025,matricula,229,QT_MAT_ESP_N,QT,contagem,matrículas,178766,100.0,908,100.0,10,0 (858); 1 (21); 2 (13); 3 (8)
2025_matricula,2025,matricula,230,QT_MAT_ESP_EAD,QT,contagem,matrículas,178766,100.0,908,100.0,3,0 (903); 1 (4); 2 (1)
2025_matricula,2025,matricula,231,QT_MAT_ESP_CC_D,QT,contagem,matrículas,178766,100.0,908,100.0,74,0 (347); 1 (111); 2 (75); 3 (42)
2025_matricula,2025,matricula,232,QT_MAT_ESP_CC_DM,QT,contagem,matrículas,178766,100.0,908,100.0,47,0 (442); 1 (117); 2 (58); 4 (30)
2025_matricula,2025,matricula,233,QT_MAT_ESP_CC_DV,QT,contagem,matrículas,178766,100.0,908,100.0,44,0 (485); 1 (72); 2 (63); 3 (43)
2025_matricula,2025,matricula,234,QT_MAT_ESP_CC_N,QT,contagem,matrículas,178766,100.0,908,100.0,10,0 (858); 1 (21); 2 (13); 3 (8)
2025_matricula,2025,matricula,235,QT_MAT_ESP_CC_EAD,QT,contagem,matrículas,178766,100.0,908,100.0,3,0 (903); 1 (4); 2 (1)
2025_matricula,2025,matricula,236,QT_MAT_ESP_CE_D,QT,contagem,matrículas,178766,100.0,908,100.0,8,0 (898); 1 (3); 2 (2); 24 (1)
2025_matricula,2025,matricula,237,QT_MAT_ESP_CE_DM,QT,contagem,matrículas,178766,100.0,908,100.0,6,0 (903); 1 (1); 11 (1); 12 (1)
2025_matricula,2025,matricula,238,QT_MAT_ESP_CE_DV,QT,contagem,matrículas,178766,100.0,908,100.0,6,0 (899); 1 (3); 2 (3); 12 (1)
2025_matricula,2025,matricula,239,QT_MAT_ESP_CE_N,QT,contagem,matrículas,178766,100.0,908,100.0,1,0 (908)
2025_matricula,2025,matricula,240,QT_MAT_ESP_CE_EAD,QT,contagem,matrículas,178766,100.0,908,100.0,1,0 (908)
2025_matricula,2025,matricula,241,QT_MAT_BAS_INT,QT,contagem,matrículas,178766,100.0,908,100.0,103,0 (629); 1 (19); 2 (17); 3 (17)
2025_matricula,2025,matricula,242,QT_MAT_INF_INT,QT,contagem,matrículas,178766,100.0,908,100.0,59,0 (782); 1 (15); 30 (11); 29 (9)
2025_matricula,2025,matricula,243,QT_MAT_INF_CRE_INT,QT,contagem,matrículas,178766,100.0,908,100.0,46,0 (832); 30 (11); 29 (8); 17 (4)
2025_matricula,2025,matricula,244,QT_MAT_INF_PRE_INT,QT,contagem,matrículas,178766,100.0,908,100.0,27,0 (837); 1 (15); 2 (8); 3 (6)
2025_matricula,2025,matricula,245,QT_MAT_FUND_INT,QT,contagem,matrículas,178766,100.0,908,100.0,62,0 (745); 2 (18); 1 (17); 3 (10)
2025_matricula,2025,matricula,246,QT_MAT_FUND_AI_INT,QT,contagem,matrículas,178766,100.0,908,100.0,42,0 (798); 1 (12); 2 (11); 3 (9)
2025_matricula,2025,matricula,247,QT_MAT_FUND_AF_INT,QT,contagem,matrículas,178766,100.0,908,100.0,38,0 (846); 1 (7); 2 (7); 4 (5)
2025_matricula,2025,matricula,248,QT_MAT_MED_INT,QT,contagem,matrículas,178766,100.0,908,100.0,36,0 (862); 1 (4); 2 (3); 10 (2)
2025_matricula,2025,matricula,249,QT_MAT_PROF_INT,QT,contagem,matrículas,178766,100.0,908,100.0,16,0 (883); 1 (8); 14 (2); 3 (2)
2025_matricula,2025,matricula,250,QT_MAT_PROF_TEC_INT,QT,contagem,matrículas,178766,100.0,908,100.0,10,0 (898); 3 (2); 1 (1); 196 (1)
2025_matricula,2025,matricula,251,QT_MAT_EJA_INT,QT,contagem,matrículas,178766,100.0,908,100.0,4,0 (904); 1 (2); 2 (1); 6 (1)
2025_matricula,2025,matricula,252,QT_MAT_EJA_FUND_INT,QT,contagem,matrículas,178766,100.0,908,100.0,4,0 (905); 1 (1); 2 (1); 6 (1)
2025_matricula,2025,matricula,253,QT_MAT_EJA_MED_INT,QT,contagem,matrículas,178766,100.0,908,100.0,2,0 (907); 1 (1)
2025_matricula,2025,matricula,254,QT_MAT_ESP_INT,QT,contagem,matrículas,178766,100.0,908,100.0,34,0 (661); 2 (39); 1 (38); 3 (28)
2025_matricula,2025,matricula,255,QT_MAT_ESP_CC_INT,QT,contagem,matrículas,178766,100.0,908,100.0,34,0 (661); 2 (39); 1 (38); 3 (28)
2025_matricula,2025,matricula,256,QT_MAT_ESP_CE_INT,QT,contagem,matrículas,178766,100.0,908,100.0,1,0 (908)
2025_matricula,2025,matricula,257,QT_MAT_BAS_LIBRAS,QT,contagem,matrículas,178766,100.0,908,100.0,1,0 (908)
2025_matricula,2025,matricula,258,QT_MAT_ZR_URB,QT,contagem,matrículas,178766,100.0,908,100.0,275,0 (344); 1 (78); 2 (34); 3 (21)
2025_matricula,2025,matricula,259,QT_MAT_ZR_RUR,QT,contagem,matrículas,178766,100.0,908,100.0,207,0 (71); 1 (33); 17 (24); 2 (24)
2025_matricula,2025,matricula,260,QT_MAT_ZR_NA,QT,contagem,matrículas,178766,100.0,908,100.0,11,0 (886); 1 (11); 2 (3); 117 (1)
2025_matricula,2025,matricula,261,QT_TRANSP_PUBLICO,QT,contagem,transporte escolar,178766,100.0,908,100.0,158,0 (466); 17 (12); 7 (11); 2 (10)
2025_matricula,2025,matricula,262,QT_TRANSP_RESP_EST,QT,contagem,transporte escolar,178766,100.0,908,100.0,115,0 (703); 7 (6); 1 (5); 17 (5)
2025_matricula,2025,matricula,263,QT_TRANSP_RESP_MUN,QT,contagem,transporte escolar,178766,100.0,908,100.0,114,0 (640); 1 (25); 2 (10); 3 (9)
2025_turma,2025,turma,1,NU_ANO_CENSO,NU,número,identificação e chave,178772,100.0,908,100.0,1,2025 (908)
2025_turma,2025,turma,2,NO_REGIAO,NO,nome/texto,identificação e chave,178772,100.0,908,100.0,1,Norte (908)
2025_turma,2025,turma,3,CO_REGIAO,CO,código,identificação e chave,178772,100.0,908,100.0,1,1 (908)
2025_turma,2025,turma,4,NO_UF,NO,nome/texto,identificação e chave,178772,100.0,908,100.0,1,Roraima (908)
2025_turma,2025,turma,5,SG_UF,SG,sigla,identificação e chave,178772,100.0,908,100.0,1,RR (908)
2025_turma,2025,turma,6,CO_UF,CO,código,identificação e chave,178772,100.0,908,100.0,1,14 (908)
2025_turma,2025,turma,7,NO_MUNICIPIO,NO,nome/texto,identificação e chave,178772,100.0,908,100.0,15,Boa Vista (260); Uiramutã (119); Normandia (118); Pacaraima (62)
2025_turma,2025,turma,8,CO_MUNICIPIO,CO,código,identificação e chave,178772,100.0,908,100.0,15,1400100 (260); 1400704 (119); 1400407 (118); 1400456 (62)
2025_turma,2025,turma,9,NO_REGIAO_GEOG_INTERM,NO,nome/texto,geografia (IBGE),178772,100.0,908,100.0,2,Boa Vista (773); Rorainópolis - Caracaraí (135)
2025_turma,2025,turma,10,CO_REGIAO_GEOG_INTERM,CO,código,geografia (IBGE),178772,100.0,908,100.0,2,1401 (773); 1402 (135)
2025_turma,2025,turma,11,NO_REGIAO_GEOG_IMED,NO,nome/texto,geografia (IBGE),178772,100.0,908,100.0,4,Boa Vista (422); Pacaraima (351); Rorainópolis (87); Caracaraí (48)
2025_turma,2025,turma,12,CO_REGIAO_GEOG_IMED,CO,código,geografia (IBGE),178772,100.0,908,100.0,4,140001 (422); 140002 (351); 140003 (87); 140004 (48)
2025_turma,2025,turma,13,NO_DISTRITO,NO,nome/texto,geografia (IBGE),178772,100.0,908,100.0,15,Boa Vista (260); Uiramutã (119); Normandia (118); Pacaraima (62)
2025_turma,2025,turma,14,CO_DISTRITO,CO,código,geografia (IBGE),178772,100.0,908,100.0,15,140010005 (260); 140070405 (119); 140040705 (118); 140045605 (62)
2025_turma,2025,turma,15,NO_SUBDISTRITO,NO,nome/texto,geografia (IBGE),178772,0.7,908,0.0,0,
2025_turma,2025,turma,16,CO_SUBDISTRITO,CO,código,geografia (IBGE),178772,0.7,908,0.0,0,
2025_turma,2025,turma,17,NO_ENTIDADE,NO,nome/texto,identificação e chave,178772,100.0,908,100.0,902,ESCOLA ESTADUAL FAGUNDES VARELA (2); ESCOLA MUNICIPAL CRIANCA FELIZ (2); ESCOLA MUNICIPAL NOVA CANAA (2); ESCOLA MUNICIPAL PEQUENO POLEGAR (2)
2025_turma,2025,turma,18,CO_ENTIDADE,CO,código,identificação e chave,178772,100.0,908,100.0,908,14000016 (1); 14000032 (1); 14000113 (1); 14000130 (1)
2025_turma,2025,turma,19,CO_REDE,CO,código,identificação e chave,178772,100.0,908,100.0,2,1 (857); 2 (51)
2025_turma,2025,turma,20,TP_DEPENDENCIA,TP,categórica codificada,dependência administrativa e vínculos,178772,100.0,908,100.0,4,3 (480); 2 (370); 4 (51); 1 (7)
2025_turma,2025,turma,21,TP_CATEGORIA_ESCOLA_PRIVADA,TP,categórica codificada,dependência administrativa e vínculos,178772,23.4,908,5.6,4,1 (46); 4 (3); 2 (1); 3 (1)
2025_turma,2025,turma,22,TP_LOCALIZACAO,TP,categórica codificada,localização e vínculo institucional,178772,100.0,908,100.0,2,2 (595); 1 (313)
2025_turma,2025,turma,23,TP_LOCALIZACAO_DIFERENCIADA,TP,categórica codificada,localização e vínculo institucional,178772,100.0,908,100.0,4,2 (436); 0 (417); 1 (48); 8 (7)
2025_turma,2025,turma,24,IN_PODER_PUBLICO_PARCERIA,IN,binária (0/1),dependência administrativa e vínculos,178772,100.0,908,100.0,1,0 (908)
2025_turma,2025,turma,25,TP_PODER_PUBLICO_PARCERIA,TP,categórica codificada,dependência administrativa e vínculos,178772,5.6,908,0.0,0,
2025_turma,2025,turma,26,QT_TUR_BAS,QT,contagem,turmas,178772,100.0,908,100.0,57,1 (165); 2 (129); 7 (68); 4 (38)
2025_turma,2025,turma,27,QT_TUR_INF,QT,contagem,turmas,178772,100.0,908,100.0,25,0 (494); 2 (120); 1 (106); 4 (32)
2025_turma,2025,turma,28,QT_TUR_INF_CRE,QT,contagem,turmas,178772,100.0,908,100.0,16,0 (724); 1 (72); 2 (41); 4 (20)
2025_turma,2025,turma,29,QT_TUR_INF_PRE,QT,contagem,turmas,178772,100.0,908,100.0,21,0 (558); 2 (108); 1 (101); 4 (37)
2025_turma,2025,turma,30,QT_TUR_FUND,QT,contagem,turmas,178772,100.0,908,100.0,45,0 (239); 1 (143); 2 (73); 5 (68)
2025_turma,2025,turma,31,QT_TUR_FUND_AI,QT,contagem,turmas,178772,100.0,908,100.0,44,0 (549); 1 (99); 5 (79); 3 (27)
2025_turma,2025,turma,32,QT_TUR_FUND_AI_1,QT,contagem,turmas,178772,100.0,908,100.0,17,0 (648); 1 (151); 2 (41); 4 (15)
2025_turma,2025,turma,33,QT_TUR_FUND_AI_2,QT,contagem,turmas,178772,100.0,908,100.0,14,0 (675); 1 (130); 2 (40); 4 (15)
2025_turma,2025,turma,34,QT_TUR_FUND_AI_3,QT,contagem,turmas,178772,100.0,908,100.0,14,0 (675); 1 (131); 2 (39); 3 (15)
2025_turma,2025,turma,35,QT_TUR_FUND_AI_4,QT,contagem,turmas,178772,100.0,908,100.0,12,0 (697); 1 (113); 2 (37); 5 (13)
2025_turma,2025,turma,36,QT_TUR_FUND_AI_5,QT,contagem,turmas,178772,100.0,908,100.0,13,0 (682); 1 (132); 2 (36); 4 (12)
2025_turma,2025,turma,37,QT_TUR_FUND_AI_MULTIETAPA,QT,contagem,turmas,178772,100.0,908,100.0,3,0 (843); 1 (64); 2 (1)
2025_turma,2025,turma,38,QT_TUR_FUND_AF,QT,contagem,turmas,178772,100.0,908,100.0,31,0 (427); 1 (149); 2 (69); 4 (65)
2025_turma,2025,turma,39,QT_TUR_FUND_AF_6,QT,contagem,turmas,178772,100.0,908,100.0,12,0 (655); 1 (146); 2 (39); 3 (21)
2025_turma,2025,turma,40,QT_TUR_FUND_AF_7,QT,contagem,turmas,178772,100.0,908,100.0,12,0 (660); 1 (140); 2 (43); 3 (22)
2025_turma,2025,turma,41,QT_TUR_FUND_AF_8,QT,contagem,turmas,178772,100.0,908,100.0,11,0 (664); 1 (143); 2 (38); 3 (21)
2025_turma,2025,turma,42,QT_TUR_FUND_AF_9,QT,contagem,turmas,178772,100.0,908,100.0,11,0 (669); 1 (149); 2 (32); 3 (21)
2025_turma,2025,turma,43,QT_TUR_FUND_AF_MULTI,QT,contagem,turmas,178772,100.0,908,100.0,8,0 (615); 1 (179); 2 (103); 3 (6)
2025_turma,2025,turma,44,QT_TUR_FUND_AF_CORRFLUXO,QT,contagem,turmas,178772,100.0,908,100.0,6,0 (888); 2 (9); 1 (8); 20 (1)
2025_turma,2025,turma,45,QT_TUR_MED,QT,contagem,turmas,178772,100.0,908,100.0,26,0 (724); 3 (87); 6 (16); 5 (12)
2025_turma,2025,turma,46,QT_TUR_MED_1,QT,contagem,turmas,178772,100.0,908,100.0,14,0 (726); 1 (99); 2 (33); 3 (15)
2025_turma,2025,turma,47,QT_TUR_MED_2,QT,contagem,turmas,178772,100.0,908,100.0,13,0 (730); 1 (94); 2 (42); 3 (17)
2025_turma,2025,turma,48,QT_TUR_MED_3,QT,contagem,turmas,178772,100.0,908,100.0,10,0 (734); 1 (108); 2 (30); 3 (17)
2025_turma,2025,turma,49,QT_TUR_MED_4,QT,contagem,turmas,178772,100.0,908,100.0,3,0 (906); 2 (1); 4 (1)
2025_turma,2025,turma,50,QT_TUR_MED_NS,QT,contagem,turmas,178772,100.0,908,100.0,1,0 (908)
2025_turma,2025,turma,51,QT_TUR_MED_PROP,QT,contagem,turmas,178772,100.0,908,100.0,27,0 (738); 3 (77); 5 (15); 6 (12)
2025_turma,2025,turma,52,QT_TUR_MED_PROP_1,QT,contagem,turmas,178772,100.0,908,100.0,14,0 (743); 1 (96); 2 (28); 4 (16)
2025_turma,2025,turma,53,QT_TUR_MED_PROP_2,QT,contagem,turmas,178772,100.0,908,100.0,13,0 (752); 1 (89); 2 (33); 3 (14)
2025_turma,2025,turma,54,QT_TUR_MED_PROP_3,QT,contagem,turmas,178772,100.0,908,100.0,10,0 (748); 1 (104); 2 (24); 3 (16)
2025_turma,2025,turma,55,QT_TUR_MED_PROP_4,QT,contagem,turmas,178772,100.0,908,100.0,1,0 (908)
2025_turma,2025,turma,56,QT_TUR_MED_PROP_NS,QT,contagem,turmas,178772,100.0,908,100.0,1,0 (908)
2025_turma,2025,turma,57,QT_TUR_MED_IFTP_CT,QT,contagem,turmas,178772,100.0,908,100.0,8,0 (899); 1 (2); 3 (2); 15 (1)
2025_turma,2025,turma,58,QT_TUR_MED_IFTP_CT_1,QT,contagem,turmas,178772,100.0,908,100.0,5,0 (903); 2 (2); 1 (1); 3 (1)
2025_turma,2025,turma,59,QT_TUR_MED_IFTP_CT_2,QT,contagem,turmas,178772,100.0,908,100.0,5,0 (901); 2 (3); 1 (2); 3 (1)
2025_turma,2025,turma,60,QT_TUR_MED_IFTP_CT_3,QT,contagem,turmas,178772,100.0,908,100.0,5,0 (901); 1 (3); 2 (2); 3 (1)
2025_turma,2025,turma,61,QT_TUR_MED_IFTP_CT_4,QT,contagem,turmas,178772,100.0,908,100.0,2,0 (907); 2 (1)
2025_turma,2025,turma,62,QT_TUR_MED_IFTP_CT_NS,QT,contagem,turmas,178772,100.0,908,100.0,1,0 (908)
2025_turma,2025,turma,63,QT_TUR_MED_IFTP_QP,QT,contagem,turmas,178772,100.0,908,100.0,9,0 (870); 1 (17); 2 (8); 3 (5)
2025_turma,2025,turma,64,QT_TUR_MED_IFTP_QP_1,QT,contagem,turmas,178772,100.0,908,100.0,5,0 (883); 1 (18); 2 (3); 3 (3)
2025_turma,2025,turma,65,QT_TUR_MED_IFTP_QP_2,QT,contagem,turmas,178772,100.0,908,100.0,6,0 (881); 1 (15); 2 (9); 3 (1)
2025_turma,2025,turma,66,QT_TUR_MED_IFTP_QP_3,QT,contagem,turmas,178772,100.0,908,100.0,4,0 (899); 1 (5); 2 (3); 3 (1)
2025_turma,2025,turma,67,QT_TUR_MED_IFTP_QP_4,QT,contagem,turmas,178772,100.0,908,100.0,1,0 (908)
2025_turma,2025,turma,68,QT_TUR_MED_IFTP_QP_NS,QT,contagem,turmas,178772,100.0,908,100.0,1,0 (908)
2025_turma,2025,turma,69,QT_TUR_MED_NM,QT,contagem,turmas,178772,100.0,908,100.0,2,0 (907); 10 (1)
2025_turma,2025,turma,70,QT_TUR_MED_NM_1,QT,contagem,turmas,178772,100.0,908,100.0,1,0 (908)
2025_turma,2025,turma,71,QT_TUR_MED_NM_2,QT,contagem,turmas,178772,100.0,908,100.0,1,0 (908)
2025_turma,2025,turma,72,QT_TUR_MED_NM_3,QT,contagem,turmas,178772,100.0,908,100.0,2,0 (907); 6 (1)
2025_turma,2025,turma,73,QT_TUR_MED_NM_4,QT,contagem,turmas,178772,100.0,908,100.0,2,0 (907); 4 (1)
2025_turma,2025,turma,74,QT_TUR_MED_IFA_EXC,QT,contagem,turmas,178772,100.0,908,100.0,2,0 (907); 3 (1)
2025_turma,2025,turma,75,QT_TUR_MED_IFTP_EXC,QT,contagem,turmas,178772,100.0,908,100.0,2,0 (907); 1 (1)
2025_turma,2025,turma,76,QT_TUR_MED_IFTP_EXC_QP,QT,contagem,turmas,178772,100.0,908,100.0,1,0 (908)
2025_turma,2025,turma,77,QT_TUR_MED_IFA,QT,contagem,turmas,178772,100.0,908,100.0,20,0 (819); 2 (19); 3 (17); 6 (13)
2025_turma,2025,turma,78,QT_TUR_MED_IFA_LING,QT,contagem,turmas,178772,100.0,908,100.0,20,0 (837); 3 (13); 6 (12); 2 (8)
2025_turma,2025,turma,79,QT_TUR_MED_IFA_MATE,QT,contagem,turmas,178772,100.0,908,100.0,16,0 (844); 1 (19); 2 (10); 4 (8)
2025_turma,2025,turma,80,QT_TUR_MED_IFA_CIENC,QT,contagem,turmas,178772,100.0,908,100.0,17,0 (839); 2 (15); 1 (12); 3 (10)
2025_turma,2025,turma,81,QT_TUR_MED_IFA_HUMA,QT,contagem,turmas,178772,100.0,908,100.0,15,0 (851); 1 (11); 2 (10); 3 (10)
2025_turma,2025,turma,82,QT_TUR_PROF,QT,contagem,turmas,178772,100.0,908,100.0,18,0 (852); 1 (17); 2 (8); 3 (8)
2025_turma,2025,turma,83,QT_TUR_PROF_TEC,QT,contagem,turmas,178772,100.0,908,100.0,15,0 (886); 1 (3); 2 (3); 3 (3)
2025_turma,2025,turma,84,QT_TUR_PROF_TEC_CONC,QT,contagem,turmas,178772,100.0,908,100.0,7,0 (900); 1 (2); 6 (2); 11 (1)
2025_turma,2025,turma,85,QT_TUR_PROF_TEC_SUBS,QT,contagem,turmas,178772,100.0,908,100.0,8,0 (896); 2 (3); 1 (2); 4 (2)
2025_turma,2025,turma,86,QT_TUR_PROF_TEC_MISTO,QT,contagem,turmas,178772,100.0,908,100.0,2,0 (907); 2 (1)
2025_turma,2025,turma,87,QT_TUR_PROF_TEC_IFTP_CT,QT,contagem,turmas,178772,100.0,908,100.0,4,0 (905); 10 (1); 15 (1); 2 (1)
2025_turma,2025,turma,88,QT_TUR_PROF_NAO_TEC,QT,contagem,turmas,178772,100.0,908,100.0,10,0 (866); 1 (18); 2 (7); 3 (6)
2025_turma,2025,turma,89,QT_TUR_PROF_IFTP_QP,QT,contagem,turmas,178772,100.0,908,100.0,2,0 (907); 3 (1)
2025_turma,2025,turma,90,QT_TUR_PROF_FIC_CONC,QT,contagem,turmas,178772,100.0,908,100.0,5,0 (904); 1 (1); 14 (1); 2 (1)
2025_turma,2025,turma,91,QT_TUR_EJA,QT,contagem,turmas,178772,100.0,908,100.0,14,0 (820); 3 (19); 4 (19); 1 (17)
2025_turma,2025,turma,92,QT_TUR_EJA_FUND,QT,contagem,turmas,178772,100.0,908,100.0,7,0 (850); 1 (22); 4 (16); 2 (10)
2025_turma,2025,turma,93,QT_TUR_EJA_FUND_NPROF,QT,contagem,turmas,178772,100.0,908,100.0,7,0 (850); 1 (22); 4 (16); 2 (10)
2025_turma,2025,turma,94,QT_TUR_EJA_FUND_AI,QT,contagem,turmas,178772,100.0,908,100.0,6,0 (878); 1 (11); 4 (10); 2 (6)
2025_turma,2025,turma,95,QT_TUR_EJA_FUND_AF,QT,contagem,turmas,178772,100.0,908,100.0,7,0 (871); 1 (18); 2 (9); 4 (7)
2025_turma,2025,turma,96,QT_TUR_EJA_FUND_FIC,QT,contagem,turmas,178772,100.0,908,100.0,1,0 (908)
2025_turma,2025,turma,97,QT_TUR_EJA_MED,QT,contagem,turmas,178772,100.0,908,100.0,12,0 (848); 1 (17); 3 (16); 2 (14)
2025_turma,2025,turma,98,QT_TUR_EJA_MED_NPROF,QT,contagem,turmas,178772,100.0,908,100.0,11,0 (850); 1 (16); 3 (16); 2 (14)
2025_turma,2025,turma,99,QT_TUR_EJA_MED_FIC,QT,contagem,turmas,178772,100.0,908,100.0,3,0 (906); 1 (1); 23 (1)
2025_turma,2025,turma,100,QT_TUR_EJA_MED_TEC,QT,contagem,turmas,178772,100.0,908,100.0,1,0 (908)
2025_turma,2025,turma,101,QT_TUR_ESP,QT,contagem,turmas,178772,100.0,908,100.0,44,0 (343); 1 (138); 2 (80); 3 (40)
2025_turma,2025,turma,102,QT_TUR_ESP_CC,QT,contagem,turmas,178772,100.0,908,100.0,44,0 (343); 1 (143); 2 (76); 3 (41)
2025_turma,2025,turma,103,QT_TUR_ESP_CE,QT,contagem,turmas,178772,100.0,908,100.0,4,0 (898); 1 (5); 2 (4); 3 (1)
2025_turma,2025,turma,104,QT_TUR_BAS_D,QT,contagem,turmas,178772,100.0,908,100.0,52,1 (165); 2 (128); 7 (72); 4 (41)
2025_turma,2025,turma,105,QT_TUR_BAS_DM,QT,contagem,turmas,178772,100.0,908,100.0,34,1 (173); 2 (140); 4 (89); 5 (81)
2025_turma,2025,turma,106,QT_TUR_BAS_DV,QT,contagem,turmas,178772,100.0,908,100.0,34,0 (308); 4 (103); 1 (99); 3 (50)
2025_turma,2025,turma,107,QT_TUR_BAS_N,QT,contagem,turmas,178772,100.0,908,100.0,17,0 (798); 3 (32); 4 (20); 2 (14)
2025_turma,2025,turma,108,QT_TUR_BAS_EAD,QT,contagem,turmas,178772,100.0,908,100.0,5,0 (899); 1 (4); 2 (3); 3 (1)
2025_turma,2025,turma,109,QT_TUR_INF_CRE_D,QT,contagem,turmas,178772,100.0,908,100.0,16,0 (724); 1 (72); 2 (41); 4 (20)
2025_turma,2025,turma,110,QT_TUR_INF_CRE_DM,QT,contagem,turmas,178772,100.0,908,100.0,8,0 (763); 1 (76); 2 (35); 3 (15)
2025_turma,2025,turma,111,QT_TUR_INF_CRE_DV,QT,contagem,turmas,178772,100.0,908,100.0,11,0 (789); 1 (63); 2 (19); 4 (17)
2025_turma,2025,turma,112,QT_TUR_INF_CRE_N,QT,contagem,turmas,178772,100.0,908,100.0,1,0 (908)
2025_turma,2025,turma,113,QT_TUR_INF_PRE_D,QT,contagem,turmas,178772,100.0,908,100.0,21,0 (558); 2 (108); 1 (101); 4 (37)
2025_turma,2025,turma,114,QT_TUR_INF_PRE_DM,QT,contagem,turmas,178772,100.0,908,100.0,13,0 (612); 1 (106); 2 (101); 3 (24)
2025_turma,2025,turma,115,QT_TUR_INF_PRE_DV,QT,contagem,turmas,178772,100.0,908,100.0,12,0 (749); 2 (52); 1 (43); 6 (17)
2025_turma,2025,turma,116,QT_TUR_INF_PRE_N,QT,contagem,turmas,178772,100.0,908,100.0,1,0 (908)
2025_turma,2025,turma,117,QT_TUR_FUND_D,QT,contagem,turmas,178772,100.0,908,100.0,45,0 (239); 1 (143); 2 (73); 5 (68)
2025_turma,2025,turma,118,QT_TUR_FUND_DM,QT,contagem,turmas,178772,100.0,908,100.0,29,0 (284); 1 (162); 2 (95); 5 (77)
2025_turma,2025,turma,119,QT_TUR_FUND_DV,QT,contagem,turmas,178772,100.0,908,100.0,28,0 (510); 4 (89); 1 (63); 2 (50)
2025_turma,2025,turma,120,QT_TUR_FUND_N,QT,contagem,turmas,178772,100.0,908,100.0,2,0 (907); 6 (1)
2025_turma,2025,turma,121,QT_TUR_FUND_AI_D,QT,contagem,turmas,178772,100.0,908,100.0,44,0 (549); 1 (99); 5 (79); 3 (27)
2025_turma,2025,turma,122,QT_TUR_FUND_AI_DM,QT,contagem,turmas,178772,100.0,908,100.0,29,0 (570); 1 (94); 5 (65); 3 (35)
2025_turma,2025,turma,123,QT_TUR_FUND_AI_DV,QT,contagem,turmas,178772,100.0,908,100.0,28,0 (726); 1 (44); 5 (26); 2 (21)
2025_turma,2025,turma,124,QT_TUR_FUND_AI_N,QT,contagem,turmas,178772,100.0,908,100.0,1,0 (908)
2025_turma,2025,turma,125,QT_TUR_FUND_AF_D,QT,contagem,turmas,178772,100.0,908,100.0,30,0 (427); 1 (149); 2 (69); 4 (65)
2025_turma,2025,turma,126,QT_TUR_FUND_AF_DM,QT,contagem,turmas,178772,100.0,908,100.0,22,0 (513); 1 (167); 2 (81); 4 (41)
2025_turma,2025,turma,127,QT_TUR_FUND_AF_DV,QT,contagem,turmas,178772,100.0,908,100.0,17,0 (651); 4 (90); 1 (59); 2 (26)
2025_turma,2025,turma,128,QT_TUR_FUND_AF_N,QT,contagem,turmas,178772,100.0,908,100.0,2,0 (907); 6 (1)
2025_turma,2025,turma,129,QT_TUR_MED_D,QT,contagem,turmas,178772,100.0,908,100.0,25,0 (751); 3 (71); 5 (12); 6 (12)
2025_turma,2025,turma,130,QT_TUR_MED_DM,QT,contagem,turmas,178772,100.0,908,100.0,17,0 (843); 3 (29); 5 (6); 2 (5)
2025_turma,2025,turma,131,QT_TUR_MED_DV,QT,contagem,turmas,178772,100.0,908,100.0,20,0 (788); 3 (55); 5 (8); 6 (8)
2025_turma,2025,turma,132,QT_TUR_MED_N,QT,contagem,turmas,178772,100.0,908,100.0,11,0 (869); 3 (20); 1 (5); 2 (3)
2025_turma,2025,turma,133,QT_TUR_MED_EAD,QT,contagem,turmas,178772,100.0,908,100.0,1,0 (908)
2025_turma,2025,turma,134,QT_TUR_PROF_D,QT,contagem,turmas,178772,100.0,908,100.0,16,0 (858); 1 (15); 3 (8); 2 (6)
2025_turma,2025,turma,135,QT_TUR_PROF_DM,QT,contagem,turmas,178772,100.0,908,100.0,10,0 (882); 1 (6); 2 (4); 3 (4)
2025_turma,2025,turma,136,QT_TUR_PROF_DV,QT,contagem,turmas,178772,100.0,908,100.0,13,0 (869); 1 (19); 3 (7); 2 (4)
2025_turma,2025,turma,137,QT_TUR_PROF_N,QT,contagem,turmas,178772,100.0,908,100.0,8,0 (895); 1 (5); 4 (2); 6 (2)
2025_turma,2025,turma,138,QT_TUR_PROF_EAD,QT,contagem,turmas,178772,100.0,908,100.0,5,0 (901); 1 (3); 2 (2); 3 (1)
2025_turma,2025,turma,139,QT_TUR_PROF_TEC_D,QT,contagem,turmas,178772,100.0,908,100.0,12,0 (889); 1 (3); 3 (3); 8 (3)
2025_turma,2025,turma,140,QT_TUR_PROF_TEC_DM,QT,contagem,turmas,178772,100.0,908,100.0,9,0 (895); 1 (3); 3 (3); 6 (2)
2025_turma,2025,turma,141,QT_TUR_PROF_TEC_DV,QT,contagem,turmas,178772,100.0,908,100.0,11,0 (897); 3 (2); 1 (1); 10 (1)
2025_turma,2025,turma,142,QT_TUR_PROF_TEC_N,QT,contagem,turmas,178772,100.0,908,100.0,8,0 (899); 1 (3); 10 (1); 14 (1)
2025_turma,2025,turma,143,QT_TUR_PROF_TEC_EAD,QT,contagem,turmas,178772,100.0,908,100.0,5,0 (901); 1 (3); 2 (2); 3 (1)
2025_turma,2025,turma,144,QT_TUR_EJA_D,QT,contagem,turmas,178772,100.0,908,100.0,7,0 (896); 1 (4); 3 (3); 6 (2)
2025_turma,2025,turma,145,QT_TUR_EJA_DM,QT,contagem,turmas,178772,100.0,908,100.0,4,0 (903); 3 (3); 15 (1); 2 (1)
2025_turma,2025,turma,146,QT_TUR_EJA_DV,QT,contagem,turmas,178772,100.0,908,100.0,6,0 (899); 1 (4); 3 (2); 13 (1)
2025_turma,2025,turma,147,QT_TUR_EJA_N,QT,contagem,turmas,178772,100.0,908,100.0,12,0 (829); 3 (21); 4 (18); 1 (13)
2025_turma,2025,turma,148,QT_TUR_EJA_EAD,QT,contagem,turmas,178772,100.0,908,100.0,3,0 (905); 1 (2); 2 (1)
2025_turma,2025,turma,149,QT_TUR_EJA_FUND_D,QT,contagem,turmas,178772,100.0,908,100.0,6,0 (899); 1 (5); 18 (1); 3 (1)
2025_turma,2025,turma,150,QT_TUR_EJA_FUND_DM,QT,contagem,turmas,178772,100.0,908,100.0,3,0 (906); 15 (1); 3 (1)
2025_turma,2025,turma,151,QT_TUR_EJA_FUND_DV,QT,contagem,turmas,178772,100.0,908,100.0,5,0 (900); 1 (5); 3 (1); 4 (1)
2025_turma,2025,turma,152,QT_TUR_EJA_FUND_N,QT,contagem,turmas,178772,100.0,908,100.0,6,0 (857); 1 (19); 4 (15); 2 (10)
2025_turma,2025,turma,153,QT_TUR_EJA_FUND_EAD,QT,contagem,turmas,178772,100.0,908,100.0,2,0 (907); 2 (1)
2025_turma,2025,turma,154,QT_TUR_EJA_MED_D,QT,contagem,turmas,178772,100.0,908,100.0,4,0 (902); 3 (3); 2 (2); 10 (1)
2025_turma,2025,turma,155,QT_TUR_EJA_MED_DM,QT,contagem,turmas,178772,100.0,908,100.0,3,0 (905); 3 (2); 2 (1)
2025_turma,2025,turma,156,QT_TUR_EJA_MED_DV,QT,contagem,turmas,178772,100.0,908,100.0,4,0 (905); 10 (1); 2 (1); 3 (1)
2025_turma,2025,turma,157,QT_TUR_EJA_MED_N,QT,contagem,turmas,178772,100.0,908,100.0,11,0 (854); 1 (17); 2 (13); 3 (13)
2025_turma,2025,turma,158,QT_TUR_EJA_MED_EAD,QT,contagem,turmas,178772,100.0,908,100.0,2,0 (906); 1 (2)
2025_turma,2025,turma,159,QT_TUR_ESP_D,QT,contagem,turmas,178772,100.0,908,100.0,43,0 (347); 1 (143); 2 (82); 3 (34)
2025_turma,2025,turma,160,QT_TUR_ESP_DM,QT,contagem,turmas,178772,100.0,908,100.0,26,0 (442); 1 (133); 2 (75); 4 (32)
2025_turma,2025,turma,161,QT_TUR_ESP_DV,QT,contagem,turmas,178772,100.0,908,100.0,24,0 (479); 1 (120); 2 (63); 5 (33)
2025_turma,2025,turma,162,QT_TUR_ESP_N,QT,contagem,turmas,178772,100.0,908,100.0,9,0 (858); 1 (25); 2 (15); 3 (3)
2025_turma,2025,turma,163,QT_TUR_ESP_EAD,QT,contagem,turmas,178772,100.0,908,100.0,2,0 (903); 1 (5)
2025_turma,2025,turma,164,QT_TUR_ESP_CC_D,QT,contagem,turmas,178772,100.0,908,100.0,43,0 (347); 1 (148); 2 (78); 3 (35)
2025_turma,2025,turma,165,QT_TUR_ESP_CC_DM,QT,contagem,turmas,178772,100.0,908,100.0,26,0 (442); 1 (135); 2 (73); 4 (31)
2025_turma,2025,turma,166,QT_TUR_ESP_CC_DV,QT,contagem,turmas,178772,100.0,908,100.0,24,0 (484); 1 (117); 2 (62); 5 (34)
2025_turma,2025,turma,167,QT_TUR_ESP_CC_N,QT,contagem,turmas,178772,100.0,908,100.0,9,0 (858); 1 (25); 2 (15); 3 (3)
2025_turma,2025,turma,168,QT_TUR_ESP_CC_EAD,QT,contagem,turmas,178772,100.0,908,100.0,2,0 (903); 1 (5)
2025_turma,2025,turma,169,QT_TUR_ESP_CE_D,QT,contagem,turmas,178772,100.0,908,100.0,4,0 (898); 1 (5); 2 (4); 3 (1)
2025_turma,2025,turma,170,QT_TUR_ESP_CE_DM,QT,contagem,turmas,178772,100.0,908,100.0,2,0 (903); 1 (5)
2025_turma,2025,turma,171,QT_TUR_ESP_CE_DV,QT,contagem,turmas,178772,100.0,908,100.0,3,0 (899); 1 (8); 3 (1)
2025_turma,2025,turma,172,QT_TUR_ESP_CE_N,QT,contagem,turmas,178772,100.0,908,100.0,1,0 (908)
2025_turma,2025,turma,173,QT_TUR_ESP_CE_EAD,QT,contagem,turmas,178772,100.0,908,100.0,1,0 (908)
2025_turma,2025,turma,174,QT_TUR_BAS_INT,QT,contagem,turmas,178772,100.0,908,100.0,17,0 (787); 1 (43); 2 (19); 4 (16)
2025_turma,2025,turma,175,QT_TUR_INF_INT,QT,contagem,turmas,178772,100.0,908,100.0,11,0 (825); 1 (42); 2 (13); 4 (11)
2025_turma,2025,turma,176,QT_TUR_INF_CRE_INT,QT,contagem,turmas,178772,100.0,908,100.0,11,0 (841); 1 (40); 4 (9); 2 (6)
2025_turma,2025,turma,177,QT_TUR_INF_PRE_INT,QT,contagem,turmas,178772,100.0,908,100.0,6,0 (883); 2 (11); 1 (10); 4 (2)
2025_turma,2025,turma,178,QT_TUR_FUND_INT,QT,contagem,turmas,178772,100.0,908,100.0,9,0 (872); 1 (10); 2 (9); 5 (5)
2025_turma,2025,turma,179,QT_TUR_FUND_AI_INT,QT,contagem,turmas,178772,100.0,908,100.0,8,0 (895); 5 (5); 1 (2); 6 (2)
2025_turma,2025,turma,180,QT_TUR_FUND_AF_INT,QT,contagem,turmas,178772,100.0,908,100.0,7,0 (884); 1 (9); 2 (8); 6 (3)
2025_turma,2025,turma,181,QT_TUR_MED_INT,QT,contagem,turmas,178772,100.0,908,100.0,10,0 (887); 2 (7); 1 (3); 3 (3)
2025_turma,2025,turma,182,QT_TUR_PROF_INT,QT,contagem,turmas,178772,100.0,908,100.0,10,0 (891); 2 (3); 3 (3); 10 (2)
2025_turma,2025,turma,183,QT_TUR_PROF_TEC_INT,QT,contagem,turmas,178772,100.0,908,100.0,9,0 (897); 3 (3); 10 (2); 1 (1)
2025_turma,2025,turma,184,QT_TUR_EJA_INT,QT,contagem,turmas,178772,100.0,908,100.0,2,0 (907); 1 (1)
2025_turma,2025,turma,185,QT_TUR_EJA_FUND_INT,QT,contagem,turmas,178772,100.0,908,100.0,2,0 (907); 1 (1)
2025_turma,2025,turma,186,QT_TUR_EJA_MED_INT,QT,contagem,turmas,178772,100.0,908,100.0,1,0 (908)
2025_turma,2025,turma,187,QT_TUR_ESP_INT,QT,contagem,turmas,178772,100.0,908,100.0,11,0 (814); 1 (41); 2 (18); 4 (13)
2025_turma,2025,turma,188,QT_TUR_ESP_CC_INT,QT,contagem,turmas,178772,100.0,908,100.0,11,0 (814); 1 (41); 2 (18); 4 (13)
2025_turma,2025,turma,189,QT_TUR_ESP_CE_INT,QT,contagem,turmas,178772,100.0,908,100.0,1,0 (908)
2025_turma,2025,turma,190,QT_TUR_BAS_DISC_LINGUA_PORT,QT,contagem,turmas,178772,100.0,908,100.0,54,0 (234); 1 (136); 2 (75); 5 (53)
2025_turma,2025,turma,191,QT_TUR_BAS_DISC_EDUC_FISICA,QT,contagem,turmas,178772,100.0,908,100.0,53,0 (232); 1 (138); 2 (72); 5 (48)
2025_turma,2025,turma,192,QT_TUR_BAS_DISC_ARTES,QT,contagem,turmas,178772,100.0,908,100.0,52,0 (225); 1 (144); 2 (76); 5 (53)
2025_turma,2025,turma,193,QT_TUR_BAS_DISC_LINGUA_ING,QT,contagem,turmas,178772,100.0,908,100.0,44,0 (744); 7 (17); 4 (13); 10 (9)
2025_turma,2025,turma,194,QT_TUR_BAS_DISC_LINGUA_ESPA,QT,contagem,turmas,178772,100.0,908,100.0,43,0 (660); 7 (54); 4 (34); 9 (15)
2025_turma,2025,turma,195,QT_TUR_BAS_DISC_LINGUA_FRANC,QT,contagem,turmas,178772,100.0,908,100.0,2,0 (907); 1 (1)
2025_turma,2025,turma,196,QT_TUR_BAS_DISC_LINGUA_OUTRA,QT,contagem,turmas,178772,100.0,908,100.0,2,0 (899); 1 (9)
2025_turma,2025,turma,197,QT_TUR_BAS_DISC_LIBRAS,QT,contagem,turmas,178772,100.0,908,100.0,3,0 (903); 1 (4); 2 (1)
2025_turma,2025,turma,198,QT_TUR_BAS_DISC_LINGUA_INDIG,QT,contagem,turmas,178772,100.0,908,100.0,25,0 (595); 1 (102); 2 (47); 6 (19)
2025_turma,2025,turma,199,QT_TUR_BAS_DISC_PORT_SEG_LINGUA,QT,contagem,turmas,178772,100.0,908,100.0,12,0 (881); 1 (11); 5 (3); 2 (2)
2025_turma,2025,turma,200,QT_TUR_BAS_DISC_MATEMATICA,QT,contagem,turmas,178772,100.0,908,100.0,54,0 (215); 1 (145); 2 (75); 5 (54)
2025_turma,2025,turma,201,QT_TUR_BAS_DISC_CIENCIAS,QT,contagem,turmas,178772,100.0,908,100.0,47,0 (232); 1 (143); 2 (75); 5 (68)
2025_turma,2025,turma,202,QT_TUR_BAS_DISC_FISICA,QT,contagem,turmas,178772,100.0,908,100.0,27,0 (709); 3 (75); 5 (21); 6 (17)
2025_turma,2025,turma,203,QT_TUR_BAS_DISC_QUIMICA,QT,contagem,turmas,178772,100.0,908,100.0,27,0 (710); 3 (74); 5 (21); 6 (17)
2025_turma,2025,turma,204,QT_TUR_BAS_DISC_BIOLOGIA,QT,contagem,turmas,178772,100.0,908,100.0,27,0 (708); 3 (74); 5 (21); 6 (18)
2025_turma,2025,turma,205,QT_TUR_BAS_DISC_HISTORIA,QT,contagem,turmas,178772,100.0,908,100.0,54,0 (215); 1 (144); 2 (76); 5 (54)
2025_turma,2025,turma,206,QT_TUR_BAS_DISC_GEOGRAFIA,QT,contagem,turmas,178772,100.0,908,100.0,54,0 (216); 1 (144); 2 (74); 5 (54)
2025_turma,2025,turma,207,QT_TUR_BAS_DISC_SOCIOLOGIA,QT,contagem,turmas,178772,100.0,908,100.0,25,0 (711); 3 (77); 6 (19); 5 (17)
2025_turma,2025,turma,208,QT_TUR_BAS_DISC_FILOSOFIA,QT,contagem,turmas,178772,100.0,908,100.0,25,0 (707); 3 (69); 5 (19); 6 (19)
2025_turma,2025,turma,209,QT_TUR_BAS_DISC_EST_SOCIAIS,QT,contagem,turmas,178772,100.0,908,100.0,6,0 (899); 1 (5); 10 (1); 14 (1)
2025_turma,2025,turma,210,QT_TUR_BAS_DISC_EST_SOCIAIS_SOCI,QT,contagem,turmas,178772,100.0,908,100.0,25,0 (704); 3 (77); 6 (19); 5 (16)
2025_turma,2025,turma,211,QT_TUR_BAS_DISC_INFO_COMPUTACAO,QT,contagem,turmas,178772,100.0,908,100.0,12,0 (893); 1 (2); 14 (2); 6 (2)
2025_turma,2025,turma,212,QT_TUR_BAS_DISC_ENSINO_RELIGIOSO,QT,contagem,turmas,178772,100.0,908,100.0,32,0 (375); 1 (113); 2 (55); 5 (49)
2025_turma,2025,turma,213,QT_TUR_BAS_DISC_PROFISSIONA,QT,contagem,turmas,178772,100.0,908,100.0,13,0 (893); 1 (3); 2 (2); 16 (1)
2025_turma,2025,turma,214,QT_TUR_BAS_DISC_ESTAGIO_SUPER,QT,contagem,turmas,178772,100.0,908,100.0,9,0 (897); 1 (3); 8 (2); 18 (1)
2025_turma,2025,turma,215,QT_TUR_BAS_DISC_PEDAGOGICAS,QT,contagem,turmas,178772,100.0,908,100.0,2,0 (907); 10 (1)
2025_turma,2025,turma,216,QT_TUR_BAS_DISC_PROJETO_DE_VIDA,QT,contagem,turmas,178772,100.0,908,100.0,10,0 (870); 2 (11); 1 (8); 3 (8)
2025_turma,2025,turma,217,QT_TUR_BAS_DISC_OUTRAS,QT,contagem,turmas,178772,100.0,908,100.0,30,0 (530); 1 (97); 2 (54); 7 (22)
2025_turma,2025,turma,218,QT_TUR_BAS_LIBRAS,QT,contagem,turmas,178772,100.0,908,100.0,1,0 (908)
